here,adv.,这里
suit,n.,西装；套装
teacher,n.,老师
mechanic,n.,技工；维修师傅
housewife,n.,家庭主妇
well,adj.,健康的
well,adv.,好地
old,adj.,老的；旧的
green,adj.,绿色的
upstairs,adv.,楼上
case,n.,箱子；情况；案例
carpet,n.,地毯
customs,n.,海关
red,adj.,红色的
assistant,n.,助理；助手
sharp,adj.,锋利的；尖的
tin,n.,罐头
shelf,n.,架子
plate,n.,盘子
cupboard,n.,橱柜
electric,adj.,电的
middle,n.,中间
where,adv.,在哪里
dust,n.,灰尘
dust,v.,除尘
sweep,v.,扫
sharpen,v.,削尖
type,v.,打字
type,n.,类型
bone,n.,骨头
tap,n.,水龙头
with,prep.,和…一起；带有
over,prep.,在…上方；越过
shave,v.,刮胡子
valley,n.,山谷
off,prep.,离开
off,adv.,关掉
flower,n.,花
take,v.,拿；带走
soap,n.,肥皂
tobacco,n.,烟草
some,pron.,一些
boil,v.,煮沸
handwriting,n.,字迹；书法
pure,adj.,纯的
honey,n.,蜂蜜
ripe,adj.,成熟的
jam,n.,果酱
wine,n.,葡萄酒；酒
butcher,n.,肉贩；屠夫
meat,n.,肉
lamb,n.,羊羔肉
steak,n.,牛排
bean,n.,豆
climate,n.,气候
pleasant,adj.,令人愉快的；舒适的
March,n.,三月
mild,adj.,温和的
best,adj.,最好的
China,n.,中国
Turkey,n.,土耳其
Polish,adj.,波兰的
Polish,n.,波兰语
moment,n.,片刻；时刻
envelope,n.,信封
pad,n.,便签本；垫子
tongue,n.,舌头
dentist,n.,牙医
flu,n.,流感
so,adv.,如此；所以
break,v.,打破
baby,n.,婴儿
absent,adj.,缺席的
weekend,n.,周末
church,n.,教堂
dairy,n.,乳品店
grocer,n.,食品杂货商
crowd,n.,人群
phone,n.,电话
phone,v.,打电话
phrase,n.,短语；词组
hurriedly,adv.,匆忙地
greet,v.,问候；打招呼
fashion,n.,时尚
appointment,n.,预约；约会
urgent,adj.,紧急的
chemist,n.,药剂师；药店
bath,n.,洗澡；浴缸
roast,v.,烤
roast,adj.,烤的
pack,v.,打包
suitcase,n.,手提箱；行李箱
attendant,n.,服务员；侍者
garage,n.,车库；汽车修理厂
crash,v.,碰撞；坠毁
crash,n.,碰撞事故
retire,v.,退休
penny,n.,便士；分
poor,adj.,贫穷的；可怜的
platform,n.,站台；月台
bar,n.,酒吧
porter,n.,行李员
label,n.,标签
handle,n.,把手
handle,v.,处理
slip,v.,滑倒
downstairs,adv.,楼下
youth,n.,青年
association,n.,协会
easy,adj.,容易的
rest,n.,休息；剩余部分
rest,v.,休息
stale,adj.,不新鲜的
high,adj.,高的
sour,adj.,酸的
intelligent,adj.,聪明的；有才智的
most,adv.,最
afford,v.,负担得起
deposit,n.,押金；定金
millionaire,n.,百万富翁
conductor,n.,售票员；指挥
lemonade,n.,柠檬水
swallow,v.,吞咽
torch,n.,手电筒
counter,n.,柜台
recognize,v.,认出
terribly,adv.,非常；糟糕地
nuisance,n.,麻烦事；讨厌的人
immediately,adv.,立刻；马上
wave,v.,挥手
wave,n.,波浪
track,n.,轨道；跑道
overtake,v.,超车
charge,v.,收费；充电
charge,n.,费用
reporter,n.,记者
extra,adj.,额外的
overseas,adv.,海外
overseas,adj.,海外的
engineering,n.,工程学
company,n.,公司
powder,n.,粉末
surround,v.,包围
loudly,adv.,大声地
bear,v.,忍受
spoil,v.,宠坏；破坏
waiter,n.,服务员
firm,n.,公司
firm,adj.,坚固的；坚定的
pigeon,n.,鸽子
distance,n.,距离
request,n.,请求
request,v.,请求
detective,n.,侦探
parcel,n.,包裹
diamond,n.,钻石
precious,adj.,珍贵的
path,n.,小路；路径
wooden,adj.,木制的
gather,v.,聚集
string,n.,弦；线
shock,n.,震惊；电击
shock,v.,使震惊
lawyer,n.,律师
salary,n.,薪水；工资
captain,n.,船长；队长
performance,n.,表演；表现
occasion,n.,场合；时机
amusing,adj.,有趣的；好笑的
interrupt,v.,打断
reminder,n.,提醒
obey,v.,服从
stage,n.,舞台
stocking,n.,长袜
pub,n.,酒吧
landlord,n.,房东；地主
exclaim,v.,惊叫；呼喊
boot,n.,靴子
waste,v.,浪费
waste,n.,浪费；废物
determined,adj.,坚决的；有决心的
channel,n.,海峡；频道
district,n.,区域；地区
upset,adj.,难过的；心烦的
sympathetic,adj.,同情的
complain,v.,投诉；抱怨
contain,v.,包含；容纳
honesty,n.,诚实
critic,n.,评论家
pretend,v.,假装
pattern,n.,图案；模式
curtain,n.,窗帘
material,n.,材料；布料
appreciate,v.,欣赏；感激
tent,n.,帐篷
creep,v.,爬行；悄悄地走
leap,v.,跳跃
stream,n.,小溪
form,v.,形成
form,n.,表格；形式
rare,adj.,稀有的；罕见的
myth,n.,神话
effect,n.,效果；影响
roof,n.,屋顶
flat,n.,公寓；单元房
desert,n.,沙漠
workshop,n.,工作室；车间
employ,v.,雇佣
simply,adv.,简单地；仅仅
arrest,v.,逮捕
darkness,n.,黑暗
shore,n.,岸边
ahead,adv.,在前面
cliff,n.,悬崖
struggle,v.,挣扎；奋斗
most,pron.,大多数
regret,v.,后悔
shortly,adv.,不久；很快
intend,v.,打算
solid,adj.,固体的；坚固的
Olympic,adj.,奥林匹克的
immense,adj.,巨大的
design,n.,设计
design,v.,设计
sunshine,n.,阳光
operation,n.,手术；操作
following,adj.,接下来的
exchange,n.,交换
exchange,v.,交换
inquire,v.,询问
relative,n.,亲戚
hostess,n.,女主人
tight,adj.,紧的
globe,n.,地球仪；全球
despair,n.,绝望
rude,adj.,无礼的；粗鲁的
mirror,n.,镜子
remark,n.,评论；言论
remind,v.,提醒
musical,adj.,音乐的
pipe,n.,管子；笛子
tune,n.,曲调
glimpse,n.,一瞥
movement,n.,动作；移动
obviously,adv.,明显地
pole,n.,杆；极地
flight,n.,航班；飞行
sack,n.,麻袋
aircraft,n.,飞机
endless,adj.,无尽的
plain,n.,平原
plain,adj.,朴素的；简单的
edge,n.,边缘
strap,n.,带子
possession,n.,拥有；财产
breath,n.,呼吸
content,n.,内容；满足
content,adj.,满足的
mend,v.,修理；修补
conscience,n.,良心
occur,v.,发生
astonish,v.,使惊讶
pile,n.,一堆
goods,n.,商品；货物
admit,v.,承认
confine,v.,限制；禁闭
normal,adj.,正常的
haunt,v.,(鬼魂)出没
furniture,n.,家具
collection,n.,收藏品；收集
meanwhile,adv.,与此同时
owner,n.,主人；所有者
sweep,v.,扫；席卷
courtyard,n.,庭院；院子
smash,v.,打碎
glance,v.,瞥一眼
excursion,n.,短途旅行；远足
reward,n.,奖励；回报
virtue,n.,美德
diet,n.,饮食；节食
forbid,v.,禁止
embarrass,v.,使尴尬
occasionally,adv.,偶尔
inch,n.,英寸
actually,adv.,实际上
cause,n.,原因
cause,v.,引起；导致
examine,v.,检查
wire,n.,电线；金属丝
mystery,n.,谜；神秘
spark,n.,火花
sticky,adj.,粘的
receiver,n.,听筒；接收器
persuade,v.,说服
register,v.,登记；注册
detect,v.,探测；察觉
cave,n.,洞穴
soil,n.,土壤
entrance,n.,入口
worthless,adj.,没有价值的
confident,adj.,自信的
excitement,n.,兴奋
explosion,n.,爆炸
rival,n.,对手
jeans,n.,牛仔裤
hesitate,v.,犹豫
fur,n.,毛皮
eager,adj.,渴望的
blessing,n.,祝福
disguise,n.,伪装
possess,v.,拥有
evil,adj.,邪恶的
reputation,n.,名声；声誉
claim,v.,声称；索取
victim,n.,受害者
source,n.,来源
income,n.,收入
bark,v.,狗叫
press,v.,按；压
expert,n.,专家
habit,n.,习惯
remove,v.,移除；拿走
fair,n.,集市；博览会
crystal,n.,水晶
relation,n.,关系；亲戚
telescope,n.,望远镜
launch,v.,发射
billion,n.,十亿
faulty,adj.,有故障的
astronaut,n.,宇航员；航天员
shuttle,n.,航天飞机；穿梭巴士
grab,v.,抓住
atmosphere,n.,大气层；气氛
distant,adj.,遥远的
universe,n.,宇宙
threaten,v.,威胁
destruction,n.,破坏；毁灭
flood,n.,洪水
authority,n.,当局；权威
spray,v.,喷洒
quantity,n.,数量
patch,n.,一小块(地)；补丁
admire,v.,欣赏；钦佩
wedding,n.,婚礼
reception,n.,接待会；招待会
sort,n.,种类
sort,v.,分类
tunnel,n.,隧道
invasion,n.,入侵
continent,n.,大陆；洲
versus,prep.,对；对抗
approach,v.,接近；靠近
fortunate,adj.,幸运的
remote,adj.,遥远的
aerial,adj.,空中的
survey,n.,调查
rescue,v.,营救
package,n.,包裹
enthusiast,n.,爱好者；发烧友
restore,v.,修复；恢复
colony,n.,殖民地；群体
preserve,v.,保存
volcano,n.,火山
brilliant,adj.,灿烂的；杰出的
liquid,n.,液体
escape,v.,逃脱
persistent,adj.,坚持不懈的
insist,v.,坚持
murder,n.,谋杀
instruct,v.,指示；教导
acquire,v.,获得
confidence,n.,信心
tap,v.,轻敲
react,v.,反应
drunk,adj.,喝醉的
wander,v.,漫步；闲逛
remark,n.,评论
apparently,adv.,显然
sensitive,adj.,敏感的
criticism,n.,批评
charge,v.,冲向；收费
bow,v.,鞠躬
parliament,n.,议会；国会
accurate,adj.,准确的
official,n.,官员
official,adj.,官方的
check,v.,检查
per,prep.,每
burst,v.,爆裂
average,n.,平均数
average,adj.,平均的
border,n.,边境
precaution,n.,预防措施
signal,n.,信号
helicopter,n.,直升机
scene,n.,场景；现场
survivor,n.,幸存者
bulletin,n.,公告；简报
leading,adj.,主要的；领先的
splendid,adj.,极好的；壮丽的
gather,v.,收集；聚集
process,v.,加工；处理
champion,n.,冠军
studio,n.,工作室；演播室
plate,n.,盘子；金属板
prove,v.,证明
skin,n.,皮肤
section,n.,部分；切片
figure,n.,人物；数字；身材
normally,adv.,通常；正常地
survive,v.,幸存
entitle,v.,给予…权利；命名
nerve,n.,神经；勇气
concentration,n.,专注；集中
suffer,v.,遭受；受苦
symptom,n.,症状
temper,n.,脾气
appetite,n.,食欲；胃口
produce,v.,生产；产生
urge,v.,催促；强烈要求
satisfaction,n.,满意
curious,adj.,好奇的
bomb,n.,炸弹
extraordinary,adj.,非凡的；特别的
exhibition,n.,展览
iron,n.,铁
various,adj.,各种各样的
machinery,n.,机械
display,n.,展示；陈列
steam,n.,蒸汽
profit,n.,利润
prisoner,n.,囚犯
bush,n.,灌木丛
uniform,n.,制服
march,v.,行军；前进
elderly,adj.,年长的
sharp,adj.,锋利的；敏锐的
monster,n.,怪物
creature,n.,生物
peculiar,adj.,奇怪的；独特的
election,n.,选举
former,adj.,以前的
defeat,v.,击败
opponent,n.,对手
radical,adj.,激进的
progressive,adj.,进步的
suspicious,adj.,可疑的；怀疑的
strike,n.,罢工
relieve,v.,缓解
pressure,n.,压力
extent,n.,程度
volunteer,n.,志愿者
gratitude,n.,感激
headmaster,n.,校长
contribute,v.,贡献
album,n.,相册；专辑
patience,n.,耐心
encouragement,n.,鼓励
farewell,n.,告别
devote,v.,奉献
gardening,n.,园艺
swing,v.,摇摆
companion,n.,同伴
tremendous,adj.,巨大的
drift,v.,漂流
commit,v.,犯(罪)；承诺
inspector,n.,探长；检查员
employer,n.,雇主
confirm,v.,确认
trap,n.,陷阱
collapse,v.,倒塌；崩溃
drill,v.,钻孔
lower,v.,降低
slip,v.,滑倒；纸条
comedy,n.,喜剧
dull,adj.,沉闷的；枯燥的
chip,n.,薯片；芯片
giant,adj.,巨大的
terrify,v.,使恐惧
wit,n.,智慧；风趣
cage,n.,笼子
whale,n.,鲸鱼
variety,n.,多样性；种类
factor,n.,因素
crew,n.,全体船员；工作人员
royal,adj.,皇家的
spy,n.,间谍
track,v.,追踪
ladder,n.,梯子
shed,n.,小屋
tone,n.,语气；音调
noble,adj.,高尚的；贵族的
actual,adj.,实际的
copper,n.,铜
transport,v.,运输
site,n.,地点；场所
reluctant,adj.,不情愿的
compete,v.,竞争；比赛
fantasy,n.,幻想
ambassador,n.,大使
definitely,adv.,肯定地
shot,n.,射击；镜头
spot,n.,斑点；地点
spot,v.,发现；认出
evidence,n.,证据
accumulate,v.,积累；积聚
oblige,v.,迫使；帮忙
trail,n.,踪迹；小径
cling,v.,紧贴；依附
convince,v.,说服；使确信
somehow,adv.,不知何故；以某种方式
disturb,v.,打扰
equal,adj.,相等的；平等的
equal,v.,等于
explore,v.,探索；勘探
civilization,n.,文明
drainage,n.,排水系统
worship,v.,崇拜；敬奉
fragment,n.,碎片
classical,adj.,古典的
identity,n.,身份
manual,n.,手册
manual,adj.,手工的；体力的
sacrifice,n.,牺牲
sacrifice,v.,牺牲
privilege,n.,特权
corporation,n.,公司；企业
status,n.,地位；状态
editor,n.,编辑
extreme,adj.,极端的
journalist,n.,记者
publish,v.,出版；发表
impatient,adj.,不耐烦的
fire,n.,火
fire,v.,开火；解雇
staff,n.,员工
raid,n.,突袭；搜查
chew,v.,咀嚼
microwave,n.,微波炉
oven,n.,烤箱
identify,v.,识别；确认
privacy,n.,隐私
fascinate,v.,迷住；深深吸引
affectionate,adj.,深情的；充满爱的
mysterious,adj.,神秘的
independence,n.,独立
impact,n.,冲击；影响
flood,v.,淹没
tragic,adj.,悲惨的；悲剧的
voyage,n.,航行
slight,adj.,轻微的
tremble,v.,颤抖
faint,v.,昏倒
faint,adj.,微弱的
horror,n.,恐惧；恐怖
abandon,v.,抛弃；放弃
plunge,v.,投入；跳入
guilty,adj.,有罪的；内疚的
tolerant,adj.,宽容的
declare,v.,宣布；申报
professional,adj.,专业的
professional,n.,专业人士
mixture,n.,混合物
starve,v.,挨饿
element,n.,元素；要素
opportunity,n.,机会
costume,n.,服装；戏服
consist,v.,由…组成
sheet,n.,床单；一张(纸)
effective,adj.,有效的
electricity,n.,电
pace,n.,步速；节奏
flee,v.,逃跑
protection,n.,保护
destroy,v.,摧毁；破坏
remarkable,adj.,非凡的；显著的
band,n.,乐队；带子
prince,n.,王子
funeral,n.,葬礼
memory,n.,记忆；纪念
bounce,v.,弹起；反弹
pavement,n.,人行道
theft,n.,盗窃
accuse,v.,指控
deny,v.,否认
ashamed,adj.,羞愧的；惭愧的
apologize,v.,道歉
suspension,n.,暂停；悬挂
agreeable,adj.,令人愉快的；同意的
locate,v.,位于；找到
span,n.,跨度
span,v.,横跨
cable,n.,缆绳；电缆
concrete,n.,混凝土
suspend,v.,悬挂；暂停
length,n.,长度
estimate,v.,估计
estimate,n.,估计
capacity,n.,容量；能力
elegant,adj.,优雅的
current,n.,水流；电流
current,adj.,当前的
mistaken,adj.,错误的
gallery,n.,画廊；美术馆
exhibit,v.,展览
exhibit,n.,展品
attach,v.,附上；连接
emit,v.,发出；散发
flash,n.,闪光
flash,v.,闪光
considerable,adj.,相当大的
orderly,adj.,有秩序的
disappearance,n.,消失
cardboard,n.,纸板
withdraw,v.,撤回；取款
boxing,n.,拳击
popularity,n.,受欢迎；流行
alike,adv.,同样地
alike,adj.,相似的
fame,n.,名声
academy,n.,学院
poverty,n.,贫穷
cast,n.,演员阵容
cast,v.,投掷；扮演
role,n.,角色
colleague,n.,同事
curtain,n.,窗帘；幕布
reveal,v.,揭示；透露
cell,n.,细胞；单人牢房
blank,adj.,空白的
dim,adj.,昏暗的
proceed,v.,继续进行
poison,n.,毒药
poison,v.,毒害
fry,v.,煎；炸
abuse,n.,滥用；虐待
abuse,v.,滥用；虐待
luxury,n.,奢侈品；奢华
associate,v.,联系；联想
appeal,v.,呼吁；吸引
appeal,n.,吸引力
impulse,n.,冲动
dozen,n.,一打；十二个
fancy,adj.,花哨的；昂贵的
fancy,v.,想象；喜欢
skeleton,n.,骨骼；骨架
seemingly,adv.,表面上；似乎
respectable,adj.,体面的；值得尊敬的
conceal,v.,隐藏
vivid,adj.,生动的
dramatic,adj.,戏剧性的；引人注目的
ruin,v.,毁坏
ruin,n.,废墟
fiction,n.,小说
stack,n.,一堆
stack,v.,堆放
drawer,n.,抽屉
sway,v.,摇摆
impressive,adj.,令人印象深刻的
vessel,n.,船；容器
era,n.,时代
steer,v.,驾驶；掌舵
temporary,adj.,临时的
delay,v.,延迟；耽搁
exert,v.,施加；运用
classify,v.,分类
sample,n.,样品
capture,v.,捕捉；俘获
manufacturer,n.,制造商
ingredient,n.,成分；原料
anticipate,v.,预期；预料
philosopher,n.,哲学家
wisdom,n.,智慧
spiritual,adj.,精神的
dignity,n.,尊严
consequence,n.,后果；结果
ease,n.,安逸；舒适
ease,v.,减轻
contempt,n.,鄙视；轻视
envious,adj.,嫉妒的
anchor,n.,锚
deck,n.,甲板
bargain,n.,便宜货
bargain,v.,讨价还价
thrust,v.,猛推
largely,adv.,主要地；大部分
universal,adj.,普遍的；通用的
recovery,n.,恢复
compensate,v.,补偿
overnight,adv.,一夜之间
hay,n.,干草
conscientious,adj.,认真的；尽责的
suspect,v.,怀疑
suspect,n.,嫌疑人
desert,v.,抛弃；擅离职守
convention,n.,惯例；大会
conscious,adj.,有意识的；意识到的
invariably,adv.,总是；不变地
routine,n.,常规；例行公事
legendary,adj.,传奇的
dump,v.,倾倒；丢弃
stage,n.,舞台；阶段
cargo,n.,货物
chest,n.,箱子；胸部
belongings,n.,财产；所有物
item,n.,项目；物品
naval,adj.,海军的
ministry,n.,(政府的)部
series,n.,一系列
suburb,n.,郊区
learner,n.,学习者；初学者
panic,n.,恐慌
panic,v.,恐慌
alongside,prep.,在…旁边
slide,v.,滑动
confusion,n.,混乱；困惑
fascination,n.,魅力；着迷
junk,n.,垃圾；废品
dealer,n.,商人
cherish,v.,珍爱
masterpiece,n.,杰作
composition,n.,作品；构图；作文
justice,n.,公正；司法
court,n.,法庭
undertake,v.,承担；从事
abstract,adj.,抽象的
concept,n.,概念
interference,n.,干涉
accord,n.,协议；一致
convert,v.,转换
fireplace,n.,壁炉
chip,v.,削下；凿下
emerge,v.,出现
plot,n.,阴谋
plot,v.,密谋
incredible,adj.,难以置信的
acquaint,v.,使熟悉
assume,v.,假设；承担
punctual,adj.,准时的
faith,n.,信仰；信任
consult,v.,咨询；查阅
odd,adj.,奇怪的；奇数的
reflect,v.,反射；反映
mighty,adj.,强大的
lodge,v.,寄宿；提出(投诉)
complaint,n.,投诉；抱怨
triumph,n.,胜利
conduct,v.,进行；引导
conduct,n.,行为
historian,n.,历史学家
unique,adj.,独特的
steadily,adv.,稳定地
solely,adv.,仅仅；唯一地
clue,n.,线索
shed,v.,脱落；流出
agriculture,n.,农业
assumption,n.,假设
dot,n.,点
symbol,n.,符号；象征
phase,n.,阶段
primitive,adj.,原始的
rough,adj.,粗糙的；崎岖的
pit,n.,坑
underestimate,v.,低估
grind,v.,磨碎
stretch,n.,一段路程
stretch,v.,伸展
obstacle,n.,障碍
renew,v.,更新；续期
gear,n.,齿轮；排挡
crack,n.,裂缝
crack,v.,裂开
halt,v.,停止
halt,n.,停止
deception,n.,欺骗
drill,n.,钻子
advance,n.,前进；预付款
permission,n.,允许
grant,v.,授予；同意
illusion,n.,幻觉；错觉
breed,v.,繁殖；饲养
superior,adj.,优越的；上级的
virtually,adv.,几乎；事实上
misery,n.,痛苦；悲惨
acquaintance,n.,熟人
glow,n.,光辉
glow,v.,发光
descend,v.,下降
undertaking,n.,任务；事业
flaw,n.,瑕疵；缺陷
distinguished,adj.,杰出的；著名的
gear,n.,装备
insistent,adj.,坚持的
boom,n.,隆隆声
boom,v.,繁荣
insure,v.,投保
recover,v.,恢复；找回
purchase,v.,购买
purchase,n.,购买
annual,adj.,每年的
dive,v.,潜水；跳水
stuffy,adj.,闷热的
rhythm,n.,节奏
click,n.,咔哒声
inspection,n.,检查
destination,n.,目的地
exhaust,v.,使筋疲力尽
exhaust,n.,废气
motorway,n.,高速公路
ferry,n.,渡轮
cruise,n.,乘船游览
civilize,v.,使文明
spacious,adj.,宽敞的
champagne,n.,香槟
refinement,n.,文雅；精致
landscape,n.,风景
democratic,adj.,民主的
restrict,v.,限制
exclusive,adj.,独家的；排外的
nursery,n.,托儿所；育婴室
commodity,n.,商品
ignorance,n.,无知
publication,n.,出版物；发表
leisure,n.,休闲
keen,adj.,热衷的；敏锐的
advisory,adj.,咨询的
consumer,n.,消费者
assemble,v.,组装；集合
outlet,n.,出口；专卖店
creative,adj.,有创造力的
resourceful,adj.,足智多谋的
adjustment,n.,调整
sheer,adj.,完全的；陡峭的
worldwide,adj.,全世界的
overwhelm,v.,压倒；淹没
fertilizer,n.,肥料
vegetarian,n.,素食者
urban,adj.,城市的
scream,v.,尖叫
profound,adj.,深刻的
maximum,n.,最大值
maximum,adj.,最大的
contribution,n.,贡献
mobile,adj.,可移动的
partner,n.,伙伴；搭档
hospitable,adj.,好客的
hostile,adj.,敌对的
procession,n.,队伍；行列
peer,v.,凝视
invisible,adj.,看不见的
qualification,n.,资格
resolution,n.,决心；决议
accomplishment,n.,成就
attainment,n.,达到；成就
scheme,n.,计划；方案
ambitious,adj.,有野心的
modest,adj.,谦虚的；适度的
frame,n.,框架
betray,v.,背叛
troop,n.,部队
technician,n.,技术员
software,n.,软件
alternative,n.,替代选择
alternative,adj.,替代的
diagnose,v.,诊断
accountant,n.,会计师
repetitive,adj.,重复的
clerical,adj.,文书的
network,n.,网络
permanent,adj.,永久的
delicate,adj.,精致的；脆弱的
shade,n.,阴凉处；色度
observant,adj.,观察力敏锐的
acquisition,n.,获得；收购
prompt,v.,促使
prompt,adj.,迅速的
exclusive,adj.,独家的
weird,adj.,怪异的
evolve,v.,进化；发展
qualified,adj.,有资格的
accusation,n.,指控
insect,n.,昆虫
wage,v.,发动(战争)
contaminate,v.,污染
provocation,n.,挑衅
colony,n.,群体；殖民地
relative,adj.,相对的
solar,adj.,太阳的
orbit,n.,轨道
orbit,v.,绕轨道运行
generate,v.,产生
particle,n.,粒子；微粒
bacteria,n.,细菌
oxygen,n.,氧气
realm,n.,领域；王国
boundary,n.,边界
pump,v.,泵送；打气
overtake,v.,超过
occurrence,n.,发生；事件
proportion,n.,比例；部分
critical,adj.,关键的；批评的
absorb,v.,吸收
comprehensive,adj.,全面的
territory,n.,领土
horizon,n.,地平线
intruder,n.,入侵者
hinder,v.,阻碍
fingerprint,n.,指纹
chaos,n.,混乱
discard,v.,丢弃
balcony,n.,阳台
string,n.,绳子；线
sketch,n.,素描；草图
relaxation,n.,放松
verify,v.,核实；证实
bearing,n.,关系；举止
specimen,n.,标本；样本
contented,adj.,满足的
punctuality,n.,准时
rural,adj.,农村的
intellectual,adj.,智力的
intellectual,n.,知识分子
coordinate,v.,协调
trial,n.,审判；试验
fraction,n.,小部分；分数
flourish,v.,繁荣；茂盛
legend,n.,传说
migration,n.,迁徙；移居
ancestor,n.,祖先
beast,n.,野兽
acre,n.,英亩
summit,n.,顶峰；峰会
attain,v.,达到；获得
court,n.,法庭；球场
boast,v.,吹牛；夸耀
commission,v.,委托；委任
slipper,n.,拖鞋
glorious,adj.,光荣的；辉煌的
rub,n.,困难；障碍
commitment,n.,承诺；投入
devotion,n.,奉献；忠诚
suburban,adj.,郊区的
contest,n.,比赛；竞赛
competitive,adj.,有竞争力的；好胜的
appreciation,n.,欣赏；感激
interval,n.,间隔；间歇
receipt,n.,收据
grace,n.,优雅；恩典
eliminate,v.,消除；淘汰
device,n.,设备；装置
casual,adj.,随意的；偶然的
assemble,v.,集合；组装
episode,n.,一集；一段经历
silicon,n.,硅
chip,n.,芯片；薯片
thrive,v.,茁壮成长；繁荣
constitute,v.,构成；组成
forge,v.,伪造；锻造
cheat,v.,欺骗；作弊
increasingly,adv.,越来越
cash,n.,现金
obligation,n.,义务；责任
specimen,n.,样本；标本
forge,v.,伪造
adopt,v.,采纳；收养
facilitate,v.,促进；使便利
mineral,n.,矿物
circulate,v.,循环；流通
forecast,n.,预测；预报
deteriorate,v.,恶化
multiply,v.,乘以；增加
sensor,n.,传感器
inquiry,n.,询问；调查
positive,adj.,积极的；肯定的
process,n.,过程
patent,n.,专利
agent,n.,代理人；特工
consideration,n.,考虑；体谅
artificial,adj.,人工的；人造的
impose,v.,强加
dimension,n.,维度；尺寸
skyscraper,n.,摩天大楼
luxury,n.,奢侈；奢侈品
deprive,v.,剥夺
settlement,n.,定居点；协议
virus,n.,病毒
infect,v.,感染
carrier,n.,携带者；运输工具
formation,n.,形成；队形
dolphin,n.,海豚
ashore,adv.,上岸；在岸上
scent,n.,气味；香味
belly,n.,腹部；肚子
crack,v.,猛击；使破裂
speculation,n.,推测；投机
literally,adv.,照字面地；简直
tissue,n.,组织；纸巾
disorder,n.,混乱；失调
implication,n.,含义；牵连
defy,v.,违抗；蔑视
analysis,n.,分析
fierce,adj.,凶猛的
supreme,adj.,最高的；至高无上的
code,n.,法规；准则；密码
morality,n.,道德
compound,v.,使加重；混合
enhance,v.,提高；增强
humanity,n.,人性；人类
utter,v.,发出(声音)；说
slip,n.,滑动；失误
intense,adj.,强烈的；紧张的
invest,v.,投资；投入
diagnosis,n.,诊断
orphanage,n.,孤儿院
preservation,n.,保存
venture,v.,冒险
imperial,adj.,帝国的
mount,v.,安装；登上
ornament,n.,装饰品
riot,n.,暴乱
tangible,adj.,有形的；可触摸的
remedy,n.,疗法；补救方法
prescribe,v.,开药方；规定
disgusting,adj.,令人恶心的
cushion,n.,垫子
physicist,n.,物理学家
perception,n.,感知；看法
bud,n.,芽
controversy,n.,争议
clash,n.,冲突
perspective,n.,视角；观点
generalize,v.,概括
theoretical,adj.,理论的
intimate,adj.,亲密的
scratch,n.,划痕
preacher,n.,传教士
outlook,n.,前景；观点
capacity,n.,能力；容量
compulsory,adj.,义务的；强制的
means,n.,方法；手段
evaluation,n.,评估
resent,v.,怨恨
retreat,v.,撤退
lunar,adj.,月球的
accelerate,v.,加速
senior,adj.,年长的；高级的
backward,adj.,落后的；向后的
administer,v.,管理；执行
administrative,adj.,行政的
initiative,n.,倡议；主动性
likelihood,n.,可能性
infant,n.,婴儿
vulnerable,adj.,脆弱的；易受攻击的
steep,adj.,陡峭的
odds,n.,几率；可能性
virtual,adj.,虚拟的；事实上的
organism,n.,生物体；有机体
alcohol,n.,酒精
confess,v.,承认；坦白
inspiration,n.,灵感
blur,n.,模糊
signature,n.,签名
vertical,adj.,垂直的
horizontal,adj.,水平的
maturity,n.,成熟
technique,n.,技术；技巧
tough,adj.,坚韧的；困难的
assign,v.,分配；指派
underline,v.,强调；在…下划线
tame,v.,驯服
reinforce,v.,加强；增援
curl,v.,卷曲
drum,n.,鼓；滚筒
graph,n.,图表
hydrogen,n.,氢
rational,adj.,合理的；理性的
emission,n.,排放；发射
encounter,v.,遭遇；遇见
accommodation,n.,住宿
preliminary,adj.,初步的
proposition,n.,提议；命题
controversial,adj.,有争议的
dispute,n.,争端；争议
nuclear,adj.,核的
original,adj.,原始的；原创的
gifted,adj.,有天赋的
psychologist,n.,心理学家
grip,n.,紧握
appetite,n.,食欲
paradox,n.,悖论；自相矛盾
sociologist,n.,社会学家
cater,v.,迎合；提供餐饮
overwhelmingly,adv.,压倒性地
eternal,adj.,永恒的
broker,n.,经纪人
finance,n.,金融；财政
mortgage,n.,抵押贷款
pension,n.,养老金；退休金
priority,n.,优先权
pedestrian,n.,行人
amateur,adj.,业余的
amateur,n.,业余爱好者
ambassador,n.,大使
ambition,n.,野心；抱负
ambitious,adj.,有野心的；有抱负的
amuse,v.,使发笑；娱乐
amusing,adj.,有趣的；好笑的
analysis,n.,分析
analyst,n.,分析师
analyze,v.,分析
ancestor,n.,祖先
ancestry,n.,祖先；血统
anchor,n.,锚；主持人
anchor,v.,抛锚；主持
anger,n.,愤怒
anger,v.,使发怒
angle,n.,角度；观点
angle,v.,钓鱼；谋取
ankle,n.,脚踝
anniversary,n.,周年纪念日
announcement,n.,公告；通知
annoy,v.,惹恼；打扰
annual,adj.,每年的
annual,n.,年刊
anticipate,v.,预期；预料
anticipation,n.,期望；预期
anxiety,n.,焦虑
anyhow,adv.,无论如何
apart,adv.,分开；相距
apologize,v.,道歉
apology,n.,道歉
apparent,adj.,明显的；表面的
apparently,adv.,显然；似乎
appeal,n.,呼吁；上诉；吸引力
appeal,v.,呼吁；上诉；吸引
appealing,adj.,吸引人的
appearance,n.,外表；出现
appetite,n.,食欲；胃口
applaud,v.,鼓掌；称赞
appliance,n.,电器；用具
applicable,adj.,适用的
applicant,n.,申请人
application,n.,申请；应用
apply,v.,申请；应用；涂抹
appoint,v.,任命；指定
appreciate,v.,欣赏；感激；理解
appreciation,n.,欣赏；感激
approach,n.,方法；途径；接近
approach,v.,接近；处理
appropriate,adj.,适当的
appropriate,v.,挪用；拨出
approval,n.,批准；赞成
approve,v.,批准；赞成
approximately,adv.,大约
arbitrary,adj.,任意的；武断的
architect,n.,建筑师
architecture,n.,建筑；结构
argument,n.,论点；争论
arise,v.,出现；发生
arithmetic,n.,算术
arouse,v.,唤起；激起
arrange,v.,安排；整理
arrangement,n.,安排；布置
arrest,n.,逮捕
arrest,v.,逮捕
arrival,n.,到达
artificial,adj.,人造的；虚假的
artistic,adj.,艺术的
ash,n.,灰
ashamed,adj.,羞愧的；惭愧的
ashore,adv.,上岸
aside,adv.,在一边
aside,n.,旁白
aspect,n.,方面
assemble,v.,集合；组装
assembly,n.,集会；装配
assess,v.,评估
assessment,n.,评估
asset,n.,资产；优点
assign,v.,分配；指派
assignment,n.,作业；任务
assist,n.,帮助；助攻
assist,v.,帮助
assistance,n.,帮助；援助
associate,adj.,副的
associate,n.,同事；伙伴
associate,v.,联系；交往
associated,adj.,相关的
assume,v.,假设；承担
assumption,n.,假设
assure,v.,保证；使确信
astonish,v.,使惊讶
astonishment,n.,惊讶
astronaut,n.,宇航员
athlete,n.,运动员
athletic,adj.,运动的；健壮的
atmosphere,n.,气氛；大气
atmospheric,adj.,大气的
atomic,adj.,原子的
attach,v.,附上；贴上
attachment,n.,附件；依恋
attack,n.,攻击；发作
attack,v.,攻击
attain,v.,达到；获得
attainment,n.,成就；达到
attendance,n.,出席；到场人数
attentive,adj.,专注的
attorney,n.,律师
attract,v.,吸引
attraction,n.,吸引力；景点
attractive,adj.,有吸引力的
audience,n.,观众；听众
audio,adj.,音频的
authentic,adj.,真实的；正宗的
authenticity,n.,真实性
authorize,v.,授权；批准
automate,v.,使自动化
automatic,adj.,自动的
automatically,adv.,自动地
automobile,n.:汽车 
availability,n.,可用性；可得性
available,adj.,可用的；有空的
average,adj.,平均的；普通的
average,n.,平均数；平均水平
average,v.,平均为
aviation,n.,航空；航空业
await,v.,等候；等待
award,n.,奖；奖项
award,v.,授予；颁发
aware,adj.,知道的；意识到的
awareness,n.,意识；认识
awkward,adj.,尴尬的；笨拙的
axis,n.,轴；轴线
bachelor,n.,单身汉；学士
backup,n.,备份；后援
backup,adj.,备用的
backward,adj.,向后的；落后的
backward,adv.,向后
backyard,n.,后院
bacteria,n.,细菌
badge,n.,徽章；证章
badly,adv.,糟糕地；严重地
bake,v.,烤；烘焙
bakery,n.,面包店
balcony,n.,阳台
bale,n.,一大包；一大捆
ballet,n.,芭蕾
ban,n.,禁令
ban,v.,禁止
bang,n.,巨响；砰的一声
bang,v.,猛撞；砰地关上
banking,n.,银行业
bankrupt,adj.,破产的
bankrupt,n.,破产的人
bankrupt,v.,使破产
bankruptcy,n.,破产
banner,n.,横幅
bar,n.,酒吧；条；障碍
bar,prep.,除了
bar,v.,禁止；阻拦
barbecue,v.,烧烤
barber,n.,理发师
barely,adv.,勉强；几乎不
bargain,n.,便宜货；交易
bargain,v.,讨价还价
bark,n.,狗叫声；树皮
bark,v.,狗叫
barrel,n.,桶；枪管
barrier,n.,障碍；屏障
base,n.,基础；基地
base,v.,以…为基础
basically,adv.,基本上
basin,n.,盆；水池
basis,n.,基础；根据
batch,n.,一批
bath,n.,洗澡；浴缸
bathe,v.,洗澡；游泳
battle,n.,战斗；战役
battle,v.,战斗
bay,n.,海湾
bean,n.,豆子
bean,v.,击中头部
bearing,n.,举止；关系；轴承
beast,n.,野兽
beforehand,adj.,提前的
beforehand,adv.,事先；预先
behalf,n.,代表；利益
behave,v.,表现；举止得体
behavior,n.,行为；举止
belief,n.,信念；信仰；看法
belly,n.,肚子；腹部
belly,v.,鼓起；涨满
belongings,n.,随身物品；财产
beloved,adj.,心爱的
beloved,n.,心爱的人
belt,n.,腰带；皮带；地带
belt,v.,用带子系上；猛击
bench,n.,长凳；工作台；替补席
bench,v.,让（运动员）坐替补席
bend,n.,弯曲处；拐弯
bend,v.,（使）弯曲；弯腰；屈服
beneficial,adj.,有益的；有好处的
benefit,n.,好处；福利；救济金
benefit,v.,受益；使受益
berry,n.,浆果
berry,v.,采浆果
best,n.,最好的东西（或人）
best,v.,打败；胜过
betray,v.,背叛；出卖；泄露
betrayal,n.,背叛；出卖
beverage,n.,饮料
bias,n.,偏见
bias,v.,使有偏见
bid,n.,出价；投标；努力
bid,v.,出价；投标；吩咐
billion,n.,十亿
bind,n.,困境
bind,v.,捆绑；装订；约束
biological,adj.,生物的
biologist,n.,生物学家
bite,n.,咬；一口
bite,v.,咬
bitter,adj.,苦的；痛苦的；尖刻的
bitter,adv.,极其；非常
bitter,n.,苦啤酒
bitter,v.,使变苦
blade,n.,刀片；叶片
blank,adj.,空白的；茫然的
blank,n.,空白处；空格
blank,v.,脑子变空白；挡住
blanket,adj.,全面的；总括的
blanket,n.,毯子
blanket,v.,覆盖
blast,n.,爆炸；一阵（强风）
blast,v.,炸毁；爆破
bleed,v.,流血
blend,n.,混合物
blend,v.,（使）混合；（使）融合
bless,v.,祝福；保佑
blessing,n.,祝福；幸事
blond,adj.,金发的
blond,n.,金发男子
blonde,adj.,金发的
blonde,n.,金发女郎
bloom,n.,花；开花期
bloom,v.,开花；繁荣
blueprint,n.,蓝图；计划
blueprint,v.,为…制定计划
blur,n.,模糊不清的东西
blur,v.,（使）变模糊
boast,n.,自夸；引以为豪的事物
boast,v.,吹牛；夸耀；拥有（值得自豪之物）
boil,n.,沸点；疖子
boil,v.,煮；（使）沸腾
boiler,n.,锅炉
bold,adj.,大胆的；黑体的；醒目的
bolt,adv.,飞快地
bolt,n.,螺栓；门闩
bolt,v.,冲出；逃跑；闩上（门）；囫囵吞下
bomb,n.,炸弹
bomb,v.,轰炸；惨败
bond,n.,联系；纽带；债券
bond,v.,（与人）建立亲密关系；结合
bone,n.,骨头
bone,v.,剔骨；刻苦学习
bonus,n.,奖金；红利
boom,n.,繁荣；隆隆声
boom,v.,迅速发展；发出隆隆声
boost,n.,推动；增长
boost,v.,促进；增加；提高
boot,n.,靴子；（汽车）后备箱
boot,v.,启动（电脑）；踢
booth,n.,小亭子；隔间；展位
border,n.,边境；边界
border,v.,与…接壤；近似
bother,v.,打扰；费心
bounce,n.,弹跳；活力
bounce,v.,（使）弹起；反弹
bound,adj.,有义务的；必定的；准备去…的
bound,n.,界限；范围
bound,v.,跳跃着前进；成为…的界线
boundary,n.,边界；界线
bow,n.,弓；鞠躬；蝴蝶结
boxing,n.,拳击
bracket,n.,支架；括号；等级
branch,n.,树枝；分支；分店
branch,v.,分叉；出现分歧
brand,n.,品牌
brand,v.,给…打上烙印；把…称作
brass,n.,黄铜；铜管乐器
breadth,n.,宽度；广度
break,n.,休息；中断；破裂
break,v.,打破；弄坏；休息
breakdown,n.,故障；崩溃
brilliance,n.,光彩；才华
brilliant,adj.,极好的；才华横溢的；明亮的
broad,adj.,宽的；广泛的
broad,adv.,宽阔地
broad,n.,宽阔部分
broadcast,adj.,广播的
broadcast,n.,广播节目
broadcast,v.,广播；播放
burden,n.,负担；包袱
burden,v.,使负重；使烦恼
bureau,n.,局；处；署
burger,n.,汉堡包
but,adv.,仅仅；只不过
butcher,n.,屠夫；肉贩
butcher,v.,屠宰；残杀
butterfly,n.,蝴蝶
button,n.,纽扣；按钮
button,v.,扣上
bypass,n.,旁路；绕行道
bypass,v.,绕过；避开
cabin,n.,小屋；客舱；船舱
cabin,v.,把…关在小屋里
cabinet,adj.,内阁的
cabinet,n.,内阁；储藏柜
cable,n.,缆绳；电缆；电报
cable,v.,打电报
cafe,n.,咖啡馆；小餐馆
cafeteria,n.,自助餐厅
cage,n.,笼子；牢房
cage,v.,把…关进笼子
calculate,v.,计算；预测
calculation,n.,计算
calling,n.,职业；使命感
calorie,n.,卡路里
cancellation,n.,取消
cancer,n.,癌症；巨蟹座
candidate,n.,候选人；求职者；考生
canteen,n.,食堂；水壶
capability,n.,能力；才能
capable,adj.,有能力的；能干的
capacity,n.,容量；能力；职位
capitalist,adj.,资本主义的
capitalist,n.,资本家
captain,n.,队长；船长；机长
captain,v.,担任队长（或船长、机长）
capture,n.,捕获；战利品
capture,v.,捕获；占领；吸引
carbon,n.,碳；复写纸
cargo,n.,货物
carpenter,n.,木匠
carpenter,v.,做木工活
carpet,n.,地毯
carpet,v.,铺地毯；斥责
carriage,n.,四轮马车；（火车）客车厢
carrier,n.,运输公司；航母；带菌者
cart,n.,手推车；运货马车
cart,v.,用车运输；强行带走
cartoonist,n.,漫画家
case,n.,情况；案例；箱子；病例
cash,n.,现金
cash,v.,兑现
cashier,n.,收银员
cashier,v.,解雇
cassette,n.,磁带
cast,n.,演员阵容；铸件；投掷
cast,v.,投射；投掷；浇铸；选派（演员）
castle,n.,城堡
castle,v.,（象棋中）用车易位
casual,adj.,随便的；非正式的；临时的
casual,n.,临时工；便装
catalog,n.,目录
catalog,v.,为…编目录
category,n.,种类；类别
cater,v.,提供餐饮服务；迎合
cattle,n.,牛
cause,n.,原因；事业；目标
caution,n.,小心；谨慎；警告
caution,v.,警告；告诫
cautious,adj.,谨慎的；小心的
cave,n.,洞穴
cave,v.,塌陷；屈服
cease,v.,停止；终止
celebration,n.,庆祝；庆典
cell,n.,细胞；单人牢房；电池
cement,n.,水泥；胶合剂
cement,v.,巩固；加强；用水泥黏合
cereal,adj.,谷物的
cereal,n.,谷物；麦片
ceremonial,adj.,仪式的；礼仪的
ceremonial,n.,仪式；礼节
ceremony,n.,典礼；仪式；礼节
certainty,n.,确定性；必然的事
certificate,n.,证书；证明
certificate,v.,发证书给…
chain,n.,链条；一连串；连锁店
chain,v.,用链条锁住；束缚
challenging,adj.,有挑战性的
champagne,n.,香槟
champion,n.,冠军；拥护者
champion,v.,捍卫；支持
championship,n.,锦标赛；冠军称号
chorus,v.,合唱；异口同声地说
church,adj.,教会的
church,n.,教堂；教会
church,v.,带（产妇）去教堂行感恩礼
circuit,n.,电路；环路；巡回
circuit,v.,环行
circular,adj.,圆形的；循环的
circular,n.,通知；传单
circulate,v.,（使）循环；（使）流通；传播
circulation,n.,循环；流通；发行量
circumstance,n.,情况；环境；境遇
citizen,n.,公民；市民
civil,adj.,公民的；民事的；文明的
civilian,adj.,平民的；民用的
civilian,n.,平民；百姓
civilization,n.,文明
civilize,v.,使文明；教化
claim,n.,声称；要求；索赔
claim,v.,声称；要求；索取；认领
clap,n.,拍手声；鼓掌声
clap,v.,拍手；鼓掌；轻拍
clarify,v.,澄清；阐明
clarity,n.,清晰；清楚
clash,n.,冲突；碰撞声
clash,v.,冲突；不协调；发出碰撞声
class,adj.,极好的；出色的
class,n.,班级；阶级；种类；课
class,v.,把…分类
classic,adj.,经典的；典型的；一流的
classic,n.,经典作品；名著
classical,adj.,古典的；经典的
classification,n.,分类；类别
classify,v.,将…分类；将…分级
clerical,adj.,办公室文书的；神职人员的
clerical,n.,神职人员
clerk,v.,当职员
click,n.,点击声；咔嗒声
click,v.,点击；发出咔嗒声；一见如故
client,n.,客户；委托人；客户端
cliff,n.,悬崖；峭壁
climate,n.,气候；风气；氛围
climatic,adj.,气候的
cling,v.,紧紧抓住；依附；坚持
clinic,n.,诊所
clinical,adj.,临床的；诊所的
clone,n.,克隆；复制品
clone,v.,克隆；复制
clothe,v.,给…穿衣；覆盖
clothing,n.,（总称）衣服；服装
clue,n.,线索；提示
clue,v.,给…提供线索
clumsy,adj.,笨拙的；不得体的
coach,n.,教练；长途汽车；（火车）车厢
coach,v.,训练；指导
coastal,adj.,沿海的
code,n.,密码；代码；法规
code,v.,编码
collaborate,v.,合作；协作
collaboration,n.,合作；协作
collaborative,adj.,合作的；协作的
collapse,n.,倒塌；崩溃；暴跌
collapse,v.,倒塌；崩溃；倒下
colleague,n.,同事；同僚
collection,n.,收藏品；收集；一堆
collective,adj.,集体的；共同的
collective,n.,集体企业；合作社
colonial,adj.,殖民地的
colonial,n.,殖民地居民
colony,n.,殖民地；（动植物的）群体
color,n.,颜色；色彩；颜料
color,v.,给…着色；（脸）变红；影响
column,n.,柱子；专栏；纵队
columnist,n.,专栏作家
combat,n.,战斗；斗争
combat,v.,与…战斗；防止
combination,n.,结合；组合；密码
combine,n.,联合收割机；联合企业
combine,v.,（使）结合；（使）联合
comedy,n.,喜剧；喜剧片
comfort,n.,安慰；舒适
comfort,v.,安慰；使舒适
command,n.,命令；指挥；掌握
command,v.,命令；指挥；俯瞰
commander,n.,指挥官
commencement,n.,开始；毕业典礼
commentary,n.,评论；解说
commerce,n.,商业；贸易
commercial,adj.,商业的；营利的
commercial,n.,（电视或电台的）广告
commission,n.,委员会；佣金；委托
commission,v.,委托；委任
commit,v.,犯（罪、错）；承诺；投入
commitment,n.,承诺；投入；奉献
committee,n.,委员会
commodity,n.,商品；日用品
communicative,adj.,健谈的；乐于交流的
community,n.,社区；社群；界
commute,n.,上下班路程
commute,v.,上下班往返；减刑
companion,n.,同伴；伴侣
companion,v.,陪伴
companionship,n.,友谊；陪伴
comparable,adj.,可比较的；类似的
comparison,n.,比较；对比
compass,n.,指南针；圆规；范围
compass,v.,包围；图谋
compatible,adj.,兼容的；合得来的
compel,v.,强迫；迫使
compelling,adj.,引人入胜的；有说服力的
compete,v.,竞争；比赛
competence,n.,能力；胜任
competent,adj.,有能力的；胜任的
competitive,adj.,有竞争力的；竞争的
competitor,n.,竞争者；对手
complaint,n.,抱怨；投诉；疾病
completion,n.,完成；结束
complex,adj.,复杂的；复合的
complex,n.,综合体；建筑群；情结
complexity,n.,复杂性
complicate,v.,使复杂化
complicated,adj.,复杂的；难懂的
comply,v.,遵守；服从
component,adj.,组成的
component,n.,成分；零件；组成部分
compose,v.,组成；创作；使镇静
composed,adj.,镇静的；沉着的
composer,n.,作曲家
composition,n.,作文；作品；构成
compound,adj.,复合的
compound,n.,化合物；复合物；大院
compound,v.,使加重；使恶化；混合
comprehension,n.,理解力
comprehensive,adj.,全面的；综合的
comprehensive,n.,综合中学
comprise,v.,包含；由…组成
compromise,n.,妥协；折中
compromise,v.,妥协；让步；损害
compulsory,adj.,必须做的；强制的；必修的
compulsory,n.,（体操、滑冰等）规定动作
computation,n.,计算
compute,v.,计算
computerize,v.,使电脑化
conceal,v.,隐藏；隐瞒
concentrate,n.,浓缩物
concentrate,v.,专心；集中；聚集
concentration,n.,专心；专注；浓度；集中
concept,n.,概念；观念
conceptual,adj.,概念上的
concern,n.,关心；担忧；关系
concern,v.,涉及；关系到；使担心
concerning,prep.,关于
conclude,v.,得出结论；结束
conclusion,n.,结论；结束
concrete,adj.,具体的；混凝土制的
concrete,n.,混凝土；具体物
concrete,v.,用混凝土覆盖
condemn,v.,谴责；判刑
conditioner,n.,调节器；护发素
conduct,n.,行为；举止；管理
conduct,v.,进行；引导；指挥；传导
conductor,n.,指挥；售票员；导体
confess,v.,承认；坦白；忏悔
confidence,adj.,骗取信任的
confidence,n.,信心；信任；秘密
confident,adj.,自信的；确信的
confidential,adj.,机密的；秘密的
confine,n.,界限；范围
confine,v.,限制；禁闭
confinement,n.,限制；监禁；分娩
confirm,v.,确认；证实；批准
confirmation,n.,确认；证实
conflict,n.,冲突；矛盾；斗争
conflict,v.,冲突；抵触
conform,v.,遵守；符合；顺应
conformity,n.,符合；遵守；一致
confront,v.,面对；对抗；遭遇
confrontation,n.,对抗；对峙
confuse,v.,使困惑；混淆
confusion,n.,困惑；混乱；混淆
congratulate,v.,祝贺；恭喜
congratulation,n.,祝贺；贺词
congress,n.,国会；代表大会
conjunction,n.,连词；结合；同时发生
connection,n.,连接；关系；联系
conquer,v.,征服；战胜；克服
conscience,n.,良心；良知
conscientious,adj.,认真的；勤勤恳恳的
conscious,adj.,有意识的；意识到的
consciousness,n.,意识；知觉
consensus,n.,共识；一致意见
consequence,n.,后果；结果；重要性
consequent,adj.,作为结果的；随之发生的
consequent,n.,结果
consequently,adv.,因此；所以
conservative,adj.,保守的
conservative,n.,保守派人士
considerable,adj.,相当大的；重要的
considerate,adj.,体贴的；考虑周到的
consideration,n.,考虑；体贴；报酬
consist,v.,由…组成；在于
consistency,n.,一致性；连贯性；浓度
consistent,adj.,一致的；一贯的
consolidate,v.,巩固；合并
constant,adj.,持续的；不变的
constant,n.,常数；恒量
constitute,v.,构成；组成；设立
constitution,n.,宪法；体质；构成
construct,n.,构想；概念
construct,v.,建造；构建
construction,n.,建造；建筑；结构
consult,v.,咨询；请教；查阅
consultant,n.,顾问
consume,v.,消耗；消费；吃喝
consumer,n.,消费者；顾客
consumption,n.,消费；消耗
contact,n.,接触；联系；联系人
contact,v.,联系；接触
contain,v.,包含；容纳；控制
container,n.,容器；集装箱
contaminate,v.,污染；弄脏
contemporary,adj.,当代的；同时代的
contemporary,n.,同代人
contempt,n.,轻视；蔑视
contend,v.,竞争；争夺；声称
content,adj.,满足的；满意的
content,n.,内容；目录；含量
content,v.,使满足
contented,adj.,心满意足的
contest,n.,比赛；竞赛；争夺
contest,v.,竞争；争辩；质疑
contestant,n.,参赛者；竞争者
context,n.,上下文；背景；环境
continent,n.,大陆；洲
continent,adj.,有自制力的；克制的
continental,adj.,大陆的；欧洲大陆的
continental,n.,欧洲大陆人
continual,adj.,频繁的；不断的
continuity,n.,连续性；连贯性
continuous,adj.,连续的；持续的
contract,n.,合同；契约
contract,v.,签合同；（使）收缩；感染
contractor,n.,承包商；订约人
contradict,v.,反驳；与…矛盾
contradiction,n.,矛盾；反驳
contradictory,adj.,矛盾的；对立的
contrary,adj.,相反的
contrary,n.,相反情况
contrast,n.,对比；差别
contrast,v.,（使）对比；（使）对照
contribute,v.,贡献；捐助；投稿
contribution,n.,贡献；捐款
contributor,n.,贡献者；捐助者；撰稿人
controversial,adj.,有争议的
controversy,n.,争议；争论
convenience,n.,方便；便利设施
convenient,adj.,方便的；便利的
convention,n.,大会；惯例；习俗
conventional,adj.,传统的；常规的
converse,adj.,相反的
converse,n.,相反的事物
converse,v.,交谈
convert,n.,皈依者
convert,v.,（使）转变；（使）转换
convey,v.,传达；运输
convince,v.,使确信；说服
convincing,adj.,令人信服的
cooperate,v.,合作；配合
cooperation,n.,合作；协作
cooperative,adj.,合作的；配合的
cooperative,n.,合作社
coordinate,adj.,同等的；并列的
coordinate,n.,坐标；同等的人或物
coordinate,v.,协调；使相配合
coordination,n.,协调；配合
cop,n.,警察
cop,v.,抓住；应付
cope,n.,（教士的）斗篷式长袍
cope,v.,应付；处理
copper,adj.,铜制的
copper,n.,铜；铜币
copper,v.,镀铜
cornerstone,n.,基石；基础
corporate,adj.,公司的；法人的；共同的
corporation,n.,公司；法人团体
correction,n.,改正；纠正
correspond,v.,相符；相当；通信
corresponding,adj.,相应的；符合的
costly,adj.,昂贵的；代价大的
costume,n.,服装；戏装
costume,v.,为…设计服装
cottage,n.,村舍；小屋
cotton,n.,棉花；棉布
cotton,v.,明白；喜欢上
council,n.,委员会；理事会；议会
counselor,n.,顾问；辅导员
counter,adj.,相反的
counter,adv.,相反地
counter,n.,柜台；计数器
counter,v.,反驳；反击
counterpart,n.,对应的人（或物）
county,n.,县；郡
coupon,n.,优惠券；礼券
courageous,adj.,勇敢的；有胆量的
court,n.,法庭；球场；宫廷；院子
court,v.,追求；求爱；招致
courtyard,n.,庭院；院子
coverage,n.,新闻报道；覆盖范围
crack,adj.,一流的；顶尖的
crack,n.,裂缝；爆裂声；尝试
crack,v.,（使）破裂；破解；发出爆裂声
cracker,n.,薄脆饼干；鞭炮
craft,n.,工艺；手艺；船；飞机
craft,v.,精心制作
crash,n.,碰撞；坠毁；崩溃；巨响
crash,v.,碰撞；坠毁；崩溃；发出巨响
crawl,n.,爬行；缓慢的行进
crawl,v.,爬行；缓慢行进
cream,n.,奶油；乳霜；精华
creation,n.,创造；作品
credit,n.,信用；学分；赞扬；信贷
credit,v.,相信；把…归功于
creep,n.,爬行；讨厌鬼
creep,v.,爬行；悄悄地移动；蔓延
crew,n.,全体船员；全体机组人员；工作组
crime,n.,罪行；犯罪
criminal,adj.,犯罪的；刑事的
criminal,n.,罪犯
crisis,n.,危机；危急关头
criterion,n.,标准；准则
critic,n.,批评家；评论家
critical,adj.,批评的；关键的；危急的
criticism,n.,批评；评论
criticize,v.,批评；指责
crowd,n.,人群；观众；一伙人
crowd,v.,挤满；聚集
crowded,adj.,拥挤的
crucial,adj.,至关重要的；关键的
cruel,adj.,残酷的；残忍的
cruelty,n.,残酷；残忍
cruise,n.,乘船游览；巡航
cruise,v.,乘船游览；巡航
crush,n.,压碎；拥挤的人群；迷恋
crush,v.,压碎；镇压；迷恋
crystal,adj.,水晶的；清澈的
crystal,n.,水晶；晶体
cube,n.,立方体；立方
cube,v.,将…切成小方块；求…的立方
cultivate,v.,耕作；培养；建立
cultural,adj.,文化的
cupboard,n.,橱柜；碗柜
curb,n.,抑制；路边镶边石
curb,v.,控制；抑制
cure,n.,治疗；疗法；对策
cure,v.,治愈；解决
curiosity,n.,好奇心；奇物
curious,adj.,好奇的；古怪的
curl,n.,卷发；卷曲物
curl,v.,（使）卷曲
current,adj.,当前的；通用的；流行的
current,n.,水流；气流；电流；趋势
currently,adv.,当前；目前
curriculum,n.,课程
curse,n.,诅咒；咒骂；祸害
curse,v.,诅咒；咒骂
curtain,n.,窗帘；幕
curtain,v.,用帘子遮蔽
curve,adj.,弯曲的
curve,n.,曲线；弯曲
curve,v.,（使）弯曲
cushion,n.,垫子；靠垫
cushion,v.,缓冲；减轻冲击
custom,adj.,定制的
custom,n.,习惯；风俗；海关
customs,n.,海关；关税
cycle,n.,自行车；周期；循环
cycle,v.,骑自行车；循环
cycling,n.,骑自行车运动
cyclist,n.,骑自行车的人
dairy,adj.,乳制品的
dairy,n.,乳品店；乳制品
dam,n.,水坝；水堤
dam,v.,筑坝拦截；控制
dampen,v.,使潮湿；使（情绪）低落
dare,v.,敢；敢于
daring,adj.,大胆的；勇敢的
daring,n.,胆量；勇气
darkness,n.,黑暗
dash,n.,猛冲；破折号；少量
dash,v.,猛冲；猛撞；使破灭
data,n.,数据；资料
database,n.,数据库
date,v.,注明日期；追溯到；和…约会
daylight,n.,日光；白昼
deadline,n.,截止日期；最后期限
deadly,adj.,致命的；极度的
deadly,adv.,极度地
dealer,n.,经销商；商人
dean,n.,（大学的）院长；系主任
death,n.,死亡；毁灭
debate,n.,辩论；讨论
debate,v.,辩论；讨论
debt,n.,债务；欠款
decade,n.,十年
decay,n.,腐烂；衰退
decay,v.,（使）腐烂；（使）衰退
deceive,v.,欺骗
decent,adj.,得体的；像样的；不错的
deception,n.,欺骗；骗局
decisive,adj.,决定性的；果断的
deck,n.,甲板；（公共汽车）层面
deck,v.,装饰；打扮
declaration,n.,宣布；公告；申报
declare,v.,宣布；声明；申报
decline,n.,下降；衰退
decline,v.,下降；衰退；谢绝
decorate,v.,装饰；布置
decoration,n.,装饰；装饰品
decorative,adj.,装饰性的
decrease,n.,减少；减少量
decrease,v.,（使）减少；（使）降低
deeply,adv.,深深地；非常
deer,n.,鹿
defeat,n.,失败；战胜
defeat,v.,击败；战胜
defect,n.,缺点；缺陷
defect,v.,叛逃；变节
defective,adj.,有缺陷的
defective,n.,有缺陷的人
defend,v.,保卫；防御；为…辩护
defense,n.,防御；辩护
defensive,adj.,防御性的；自卫的
defensive,n.,防御；守势
deficiency,n.,缺乏；不足；缺陷
deficit,n.,赤字；亏损
define,v.,给…下定义；阐明；规定
definite,adj.,明确的；肯定的
definitely,adv.,肯定地；当然
definition,n.,定义；清晰度
defy,v.,违抗；蔑视；挑衅
delay,n.,延迟；耽搁
delay,v.,（使）延迟；（使）耽搁
delete,v.,删除
deliberate,adj.,故意的；从容的；深思熟虑的
deliberate,v.,仔细考虑；商议
deliberation,n.,审议；深思熟虑
delicate,adj.,精致的；脆弱的；微妙的
delight,n.,高兴；乐趣
delight,v.,使高兴；使欣喜
delightful,adj.,令人愉快的；宜人的
deliver,v.,递送；发表（讲话）；接生
delivery,n.,递送；分娩；讲话方式
demand,n.,要求；需求
demand,v.,要求；需要
demanding,adj.,要求高的；费力的
democracy,n.,民主；民主国家
democrat,n.,民主主义者；（美国）民主党人
democratic,adj.,民主的
demonstrate,v.,证明；展示；示威
demonstration,n.,证明；示范；示威游行
dense,adj.,密集的；稠密的；愚钝的
density,n.,密度
dental,adj.,牙科的；牙齿的
dental,n.,齿音
deny,v.,否认；拒绝
depart,v.,离开；出发
department,n.,部；部门；系
departure,n.,离开；出发；背离
dependence,n.,依赖；依靠
dependent,adj.,依赖的；取决于…的
dependent,n.,受抚养人
deposit,n.,存款；押金；沉淀物
deposit,v.,存放；使沉淀
depress,v.,使沮丧；使萧条；压下
depression,n.,沮丧；抑郁症；经济萧条
deprivation,n.,剥夺；丧失；贫困
deprive,v.,剥夺；使丧失
depth,n.,深度；深处；深刻
derive,v.,源于；来自；获得
descend,v.,下降；下来；是…的后裔
description,n.,描述；说明
desert,adj.,沙漠的；荒凉的
desert,n.,沙漠；荒漠
desert,v.,抛弃；遗弃；擅离职守
design,n.,设计；图案；意图
design,v.,设计；构思
designer,adj.,由设计师专门设计的
designer,n.,设计师
desirable,adj.,值得拥有的；可取的；性感的
desire,n.,欲望；渴望
desire,v.,渴望；想要
desktop,n.,桌面；台式电脑
despair,n.,绝望
despair,v.,绝望
desperate,adj.,绝望的；不顾一切的；极度渴望的
despite,prep.,尽管；不管
destination,n.,目的地；终点
destroy,v.,破坏；摧毁；消灭
destruction,n.,破坏；毁灭
destructive,adj.,破坏性的；毁灭性的
detail,n.,细节；详情
detail,v.,详细说明；派遣
detect,v.,发现；察觉；探测
detection,n.,发现；探测
detective,adj.,侦探的
detective,n.,侦探
deteriorate,v.,恶化；变坏
determination,n.,决心；决定
determine,v.,决定；确定；查明
determined,adj.,坚决的；有决心的
developer,n.,开发者；开发商；显影剂
device,n.,设备；装置；方法
devil,n.,魔鬼；家伙
devil,v.,折磨；（烹饪中）加调料烤
devote,v.,致力于；奉献
devoted,adj.,忠实的；深爱的；专注的
devotion,n.,奉献；忠诚；热爱
diabetes,n.,糖尿病
diagnose,v.,诊断
diagnosis,n.,诊断
diagram,n.,图表；示意图
diagram,v.,用图表表示
dial,n.,刻度盘；（电话）拨号盘
dial,v.,拨号
dialect,n.,方言
diamond,adj.,钻石的；菱形的
diamond,n.,钻石；菱形
dictate,n.,命令；规定
dictate,v.,口述；命令；规定
dictation,n.,听写；口述
die,n.,骰子；模具
die,v.,死；枯萎；消失
diet,n.,日常饮食；节食
dietary,adj.,饮食的
dietary,n.,规定的食物
differ,v.,不同；有分歧
digest,n.,摘要；文摘
digest,v.,消化；理解
digestion,n.,消化；领悟
digital,adj.,数字的；数码的
digital,n.,数字显示式仪表
dignify,v.,使有尊严；抬高…的身价
dignity,n.,尊严；庄重
dilemma,n.,困境；两难境地
diligent,adj.,勤奋的；用功的
dim,adj.,暗淡的；模糊的
dim,v.,（使）变暗淡；（使）变模糊
dimension,n.,尺寸；维度；方面
dioxide,n.,二氧化物
dip,n.,蘸；浸；下降
dip,v.,蘸；浸；下降
diploma,n.,毕业文凭；学位证书
diplomatic,adj.,外交的；有手腕的
dirt,n.,污垢；泥土
disable,v.,使残废；使无能力；使无效
disagreement,n.,分歧；争论
disappear,v.,消失；失踪
disappearance,n.,消失；失踪
disappoint,v.,使失望
disappointment,n.,失望；沮丧
disapprove,v.,不赞成；反对
disaster,n.,灾难；祸患
disastrous,adj.,灾难性的；极糟糕的
discard,n.,被抛弃的东西
discard,v.,抛弃；丢弃
discharge,n.,释放；排出物；放电
discharge,v.,释放；排出；解雇；履行
disciplinary,adj.,纪律的；惩戒性的
discipline,n.,纪律；学科；训练
discipline,v.,训练；惩罚
discount,n.,折扣
discount,v.,打折；不全信
discourage,v.,使气馁；劝阻
discriminate,v.,歧视；区别
discrimination,n.,歧视；区别
disguise,n.,伪装；掩饰
disguise,v.,伪装；掩饰
disgust,n.,厌恶；反感
disgust,v.,使厌恶；使反感
disgusting,adj.,令人作呕的；令人厌恶的
disintegrate,v.,（使）瓦解；（使）碎裂
display,n.,展示；陈列；显示
display,v.,展示；陈列；显示
disposal,n.,处理；处置
dispose,v.,处理；布置；使倾向于
dispute,n.,争端；争议
dispute,v.,争论；对…表示异议
disrupt,v.,扰乱；使中断
disruptive,adj.,破坏性的；扰乱性的
dissolve,v.,（使）溶解；解散
distance,n.,距离；远处；疏远
distance,v.,使疏远；与…保持距离
distant,adj.,遥远的；疏远的；冷淡的
distinct,adj.,明显的；截然不同的
distinction,n.,区别；卓越；荣誉
distinctive,adj.,独特的；与众不同的
distinguish,v.,区分；辨别；使杰出
distinguished,adj.,卓越的；著名的
distract,v.,使分心；分散（注意力）
distracted,adj.,心烦意乱的；注意力不集中的
distraction,n.,使人分心的事；娱乐；消遣
distress,n.,痛苦；危难；贫困
distress,v.,使痛苦；使忧虑
distressing,adj.,令人痛苦的；令人烦恼的
distribute,v.,分发；分配；散布
distribution,n.,分发；分配；分布
district,n.,地区；区域；行政区
disturb,v.,打扰；扰乱；使不安
disturbance,n.,干扰；骚乱；不安
ditch,n.,沟；渠
ditch,v.,抛弃；（飞机）迫降水面
dive,n.,跳水；潜水；俯冲
dive,v.,跳水；潜水；俯冲
diverse,adj.,不同的；多种多样的
diversify,v.,（使）多样化
diversity,n.,多样性；差异
division,n.,分开；部门；除法；分歧
divorce,n.,离婚；分离
divorce,v.,（与…）离婚；使分离
do,v.,（构成疑问句和否定句）；（用于强调）
do,v.,做；干；行
doctoral,adj.,博士的
document,n.,文件；公文
document,v.,记录
documentary,adj.,纪录的；文件的
doll,n.,玩偶；娃娃
doll,v.,打扮
dolphin,n.,海豚
domestic,adj.,国内的；家庭的；驯养的
domestic,n.,佣人；国货
dominant,adj.,占优势的；主导的；显性的
dominant,n.,显性基因
dominate,v.,支配；统治；在…中占主要地位
domination,n.,支配；统治
donate,v.,捐赠；捐献
donation,n.,捐赠；捐款
donkey,n.,驴；傻瓜
doom,n.,厄运；劫数
doom,v.,注定；使…在劫难逃
dorm,n.,宿舍
dose,n.,一剂；一服
dose,v.,给…服药
dot,n.,点；圆点
dot,v.,在…上打点；布满
download,v.,下载
downstairs,adj.,楼下的
downstairs,adv.,在楼下；往楼下
downstairs,n.,楼下
downtown,adj.,市中心的
downtown,adv.,在市中心；往市中心
downtown,n.,市中心
downward,adj.,向下的
downward,adv.,向下
dozen,n.,一打；十二个
draft,n.,草稿；草案；汇票；通风
draft,v.,起草；征兵
drag,n.,拖累；累赘；吸一口
drag,v.,拖；拉；缓慢行进
drain,n.,下水道；排水管；消耗
drain,v.,（使）排空；喝光；耗尽
drainage,n.,排水系统；污水
drama,n.,戏剧；戏剧性事件
dramatic,adj.,戏剧性的；引人注目的；急剧的
dramatically,adv.,戏剧性地；急剧地
drastic,adj.,激烈的；猛烈的
drastically,adv.,激烈地；彻底地
drawer,n.,抽屉
drawing,n.,画；图画；素描
drift,n.,漂流；趋势；大意
drift,v.,漂流；漂泊；逐渐陷入
drill,n.,钻头；训练；演习
drill,v.,钻孔；训练
dropout,n.,退学者
drought,n.,干旱；旱灾
drown,v.,（使）淹死；淹没
drum,v.,击鼓；（指头）敲击
drunk,adj.,喝醉的
dull,adj.,枯燥的；迟钝的；（天气）阴沉的
dull,v.,（使）变钝；（使）缓和
duly,adv.,适时地；恰当地
dumb,adj.,哑的；说不出话的；愚蠢的
dump,n.,垃圾场；脏乱的地方
dump,v.,倾倒；抛弃；甩卖
durability,n.,耐久性；耐用性
durable,adj.,耐用的；持久的
durable,n.,耐用品
duration,n.,持续时间
dust,n.,灰尘；尘土
dust,v.,掸去…的灰尘
dynamic,adj.,充满活力的；动态的
dynamic,n.,动力；动态
dynamics,n.,动力学；动态
dynasty,n.,王朝；朝代
eager,adj.,渴望的；热切的
earnings,n.,收入；收益
ease,n.,舒适；安逸；容易
ease,v.,减轻；缓和
echo,n.,回声；共鸣
echo,v.,发出回声；附和
ecological,adj.,生态的
economic,adj.,经济的
economical,adj.,节约的；经济的
economics,n.,经济学
economist,n.,经济学家
economy,n.,经济；节约
edge,n.,边缘；优势；刀刃
edge,v.,缓缓移动
edit,n.,编辑
edit,v.,编辑；剪辑
edition,n.,版本
editor,n.,编辑
editorial,adj.,编辑的
editorial,n.,社论
educate,v.,教育；培养
educational,adj.,教育的；有教育意义的
effect,n.,效果；影响
effect,v.,造成；实现
effective,adj.,有效的
efficiency,n.,效率
efficient,adj.,高效的
elbow,n.,肘部
elbow,v.,用肘推
elderly,adj.,年长的；上了年纪的
elect,v.,选举；选择
election,n.,选举
elective,adj.,选修的
electric,n.,电器
electrical,adj.,电的；与电有关的
electricity,n.,电；电力
electron,n.,电子
electronically,adv.,电子地
electronics,n.,电子学；电子设备
elegance,n.,优雅；雅致
elegant,adj.,优雅的；雅致的
element,n.,元素；要素；成分
elementary,adj.,基本的；初级的
elevate,v.,提升；举起
eliminate,v.,消除；淘汰
elimination,n.,消除；淘汰
elite,n.,精英
elsewhere,adv.,在别处
embarrass,v.,使尴尬；使窘迫
embarrassment,n.,尴尬；窘迫
embrace,n.,拥抱
embrace,v.,拥抱；欣然接受；包含
emerge,v.,出现；浮现
emergence,n.,出现；浮现
emergency,adj.,紧急的
emergency,n.,紧急情况
emission,n.,排放；散发
emit,v.,发出；散发
emotional,adj.,情绪的；情感的；情绪激动的
emperor,n.,皇帝
emphasis,n.,强调；重点
emphasize,v.,强调
empire,n.,帝国
employ,v.,雇用；使用
employer,n.,雇主
employment,n.,工作；就业；雇用
enable,v.,使能够
encounter,n.,遭遇；邂逅
encounter,v.,遭遇；遇到
encouragement,n.,鼓励
endanger,v.,危及；使遭受危险
ending,n.,结局；结尾
endless,adj.,无尽的；没完没了的
endurance,n.,耐力；忍耐力
endure,v.,忍受；持续
energetic,adj.,精力充沛的
energy,n.,能量；精力
enforce,v.,实施；强制执行
enforcement,n.,执行；实施
engage,v.,从事；参与；吸引；订婚
engagement,n.,订婚；约会；交战
engine,n.,引擎；发动机
engineering,n.,工程学
enhance,v.,提高；增强
enjoyable,adj.,令人愉快的
enjoyment,n.,享受；乐趣
enlarge,v.,扩大；放大
enlighten,v.,启发；开导
enlightenment,n.,启迪；启蒙
enormous,adj.,巨大的；庞大的
enrich,v.,使充实；使丰富
enroll,v.,注册；登记
enrollment,n.,注册；登记
ensure,v.,确保；保证
enterprise,n.,企业；事业心
entertain,v.,款待；使娱乐
entertaining,adj.,有趣的；娱乐性的
entertainment,n.,娱乐；款待
enthusiasm,n.,热情；热忱
enthusiast,n.,热衷者；爱好者
enthusiastic,adj.,热情的；热心的
entire,adj.,整个的；全部的
entitle,v.,给予…权利；给…命名
entrance,n.,入口；进入
entrance,v.,使着迷
entrepreneur,n.,企业家
entry,n.,进入；入口；条目
envious,adj.,羡慕的；嫉妒的
environmental,adj.,环境的
environmentalist,n.,环保人士
envy,n.,羡慕；嫉妒
envy,v.,羡慕；嫉妒
episode,n.,（电视剧的）一集；插曲；事件
equal,adj.,相等的；平等的
equal,n.,同等的人
equal,v.,等于；比得上
equality,n.,平等
equally,adv.,平等地；同样地
equip,v.,配备；装备
equipment,n.,设备；器材
equivalent,adj.,相等的；等值的
equivalent,n.,等价物
era,n.,时代；纪元
erroneous,adj.,错误的
error,n.,错误；差错
escape,n.,逃跑；逃避
escape,v.,逃跑；逃避；泄漏
essay,v.,尝试
essence,n.,本质；精髓；香精
essential,adj.,必不可少的；本质的
essential,n.,必需品；要素
establishment,n.,建立；机构；权势集团
estate,n.,房地产；财产；庄园
estimate,n.,估计；估价
estimate,v.,估计；估价
eternal,adj.,永恒的；不朽的
ethic,n.,道德规范；伦理
ethnic,adj.,种族的；民族的
evaluate,v.,评估；评价
evaluation,n.,评估；评价
evenly,adv.,均匀地；平坦地
eventual,adj.,最终的；结果的
eventually,adv.,最终；终于
evidence,n.,证据；迹象
evidence,v.,证明
evident,adj.,明显的；显而易见的
evil,adj.,邪恶的；有害的
evil,n.,邪恶；祸害
evolution,n.,进化；演变
evolutionary,adj.,进化的；演变的
evolve,v.,（使）进化；（使）发展
exact,adj.,精确的；准确的
exact,v.,强求；勒索
exaggerate,v.,夸大；夸张
exaggeration,n.,夸张
examine,v.,检查；审查；考试
exceed,v.,超过；超出
excel,v.,擅长；优于
exception,n.,例外
exceptional,adj.,例外的；杰出的
excess,n.,过量；过度
excessive,adj.,过度的；过分的
exchange,n.,交换；交流；兑换
exchange,v.,交换；交流；兑换
excitement,n.,兴奋；激动
exclaim,v.,呼喊；惊叫
exclamation,n.,呼喊；感叹
exclude,v.,排除；不包括
exclusion,n.,排除
exclusive,adj.,独有的；排外的；高档的
exclusive,n.,独家新闻
excursion,n.,短途旅行；远足
execute,v.,执行；处决
execution,n.,执行；处决
executive,adj.,行政的；管理的
executive,n.,主管；经理
exemplify,v.,是…的典范；举例说明
exert,v.,运用；施加
exertion,n.,努力；运用
exhaust,n.,废气；排气管
exhaust,v.,耗尽；使筋疲力尽
exhaustion,n.,筋疲力尽；耗尽
exhibit,n.,展品；证物
exhibit,v.,展览；展示
exile,n.,流放；被流放者
exile,v.,流放
exist,v.,存在；生存
existence,n.,存在；生存
exit,n.,出口；退场
exit,v.,退出；离开
expand,v.,扩大；扩展；详述
expansion,n.,扩大；扩张
expansive,adj.,广阔的；开朗的
expectancy,n.,期望；预期
expectation,n.,期望；预料
expend,v.,花费；消耗
expenditure,n.,开支；花费
expense,n.,费用；开支
experimental,adj.,实验的
expert,adj.,专家的；熟练的
expert,n.,专家；行家
expertise,n.,专业知识；专门技能
explanation,n.,解释；说明
explicit,adj.,明确的；直率的
explode,v.,（使）爆炸；激增
exploit,n.,功绩；英勇行为
exploit,v.,开发；利用；剥削
exploitation,n.,开发；利用；剥削
exploration,n.,探索；勘探
explore,v.,探索；勘探
explosion,n.,爆炸；激增
export,n.,出口；出口商品
export,v.,出口
exposure,n.,暴露；揭露；曝光
expression,n.,表情；表达；措辞
extend,v.,延伸；延长；扩大
extension,n.,延伸；扩大；电话分机
extensive,adj.,广泛的；大量的
extent,n.,程度；范围
exterior,adj.,外部的
exterior,n.,外部；外观
external,adj.,外部的
external,n.,外部
extra,adv.,额外地
extra,n.,额外的东西；临时演员
extraordinary,adj.,非凡的；特别的
extreme,adj.,极度的；极端的
extreme,n.,极端
eyesight,n.,视力
fabric,n.,布料；织物；结构
facial,adj.,面部的
facial,n.,面部护理
facilitate,v.,促进；使便利
facility,n.,设施；便利；天赋
factor,n.,因素；要素
factual,adj.,事实的；真实的
faculty,n.,（大学的）系,院；全体教员；能力
failure,n.,失败；故障；失败者
faint,adj.,微弱的；模糊的；虚弱的
faint,n.,昏厥
faint,v.,昏倒
fair,adj.,公平的；晴朗的；（肤色）白皙的
fair,n.,集市；博览会
fairly,adv.,公平地；相当地
faith,n.,信任；信仰
faithful,adj.,忠实的；忠诚的
fake,adj.,假的；伪造的
fake,n.,假货；骗子
fake,v.,伪造；假装
fame,n.,名声；名望
familiar,adj.,熟悉的；亲近的
famine,n.,饥荒
fancy,adj.,花哨的；昂贵的
fancy,n.,想象力；爱好
fancy,v.,想象；想要；喜欢
fantasy,n.,幻想；想象
farewell,int.,再见
farewell,n.,告别
farming,n.,农业；务农
fascinate,v.,深深吸引；迷住
fascinating,adj.,迷人的；极有吸引力的
fascination,n.,魅力；着迷
fashion,v.,制作；塑造
fashionable,adj.,时髦的；流行的
fatal,adj.,致命的；灾难性的
fate,n.,命运
fate,v.,注定
fatigue,n.,疲劳；劳累
fatigue,v.,（使）疲劳
fault,n.,错误；缺点；故障
fault,v.,挑剔；找…的错
faulty,adj.,有错误的；有缺陷的
favor,n.,偏爱；善意的行为
favor,v.,偏爱；赞成
favorable,adj.,有利的；赞成的
feasible,adj.,可行的
feature,n.,特征；特色；专题节目；五官
feature,v.,以…为特色；起重要作用
federal,adj.,联邦的
fee,n.,费用；酬金
feedback,n.,反馈意见
fellow,adj.,同伴的
fellow,n.,家伙；同事；伙伴
female,adj.,女性的；雌性的
female,n.,女性；雌性动物
ferry,n.,渡船
ferry,v.,（乘渡船）渡运
fertile,adj.,肥沃的；能生育的
fertility,n.,肥沃；生育能力
fertilizer,n.,肥料
fetch,v.,去拿来；售得
fiction,n.,小说；虚构的事
fierce,adj.,凶猛的；激烈的
figure,n.,数字；人物；身材；图表
figure,v.,认为；计算；是重要部分
file,n.,文件；档案；锉刀
file,v.,归档；提交；用锉刀锉
filter,n.,过滤器；筛选
filter,v.,过滤；筛选
finance,n.,金融；财政；资金
finance,v.,为…提供资金
financial,adj.,财政的；金融的
finding,n.,发现；调查结果
fingerprint,n.,指纹
fingerprint,v.,采指纹
fire,n.,火；火灾；热情
fire,v.,开火；解雇；点燃
fireplace,n.,壁炉
firm,n.,公司；商行
first,adj.,第一的
first,n.,第一
first,num.,第一
fist,n.,拳头
fixed,adj.,固定的；不变的
flash,n.,闪光；瞬间
flash,v.,闪光；掠过
flat,adj.,平的；单调的；（轮胎）瘪的
flat,n.,公寓
flavor,n.,味道；风味
flavor,v.,给…调味
flaw,n.,瑕疵；缺陷
flaw,v.,使有缺陷
flawless,adj.,完美的；无瑕的
flee,v.,逃跑；逃避
fleet,adj.,快速的
fleet,n.,舰队；车队
flesh,n.,肉；肉体
flexibility,n.,灵活性；弹性
flexible,adj.,灵活的；有弹性的
flight,n.,航班；飞行；楼梯的一段
flood,n.,洪水；大量
flood,v.,淹没；涌入
flourish,n.,繁荣；挥舞
flourish,v.,繁荣；茂盛；挥舞
flow,n.,流动；流量
flow,v.,流动
flower,v.,开花；繁荣
fluency,n.,流利；流畅
fluent,adj.,流利的；流畅的
fluid,adj.,流动的；不固定的
fluid,n.,液体；流体
focus,n.,焦点；中心
focus,v.,集中；聚焦
fog,n.,雾
fold,n.,折痕；褶
folk,adj.,民间的
folk,n.,人们；民俗
following,adj.,接下来的；下列的
following,n.,追随者
fond,adj.,喜爱的；深情的
footprint,n.,脚印；足迹
forecast,n.,预测；预报
forecast,v.,预测；预报
foremost,adj.,最重要的；最先的
foreseeable,adj.,可预见的
forge,n.,熔炉；铁匠铺
forge,v.,伪造；稳步前进
forgive,v.,原谅；宽恕
form,n.,形式；表格；形状
formal,adj.,正式的；官方的
formality,n.,礼节；正式手续
format,n.,格式；版式
format,v.,使格式化
formation,n.,形成；构成；队形
former,adj.,以前的；前者
formula,n.,公式；配方；方案
formulate,v.,制定；构想；明确表达
fortunate,adj.,幸运的
fortune,n.,财富；运气；命运
forum,n.,论坛
fossil,n.,化石
foundation,n.,基础；地基；基金会
fraction,n.,小部分；分数
fragment,n.,碎片；片段
fragment,v.,（使）成碎片
frame,n.,框架；结构；眼镜框
frame,v.,给…镶框；陷害
frank,adj.,坦率的；真诚的
freedom,n.,自由
freeway,n.,高速公路
freeze,n.,冰冻；冻结
freeze,v.,（使）结冰；冷冻；（工资、物价）冻结
freight,n.,货物；货运
freight,v.,运送（货物）
frequency,n.,频率；频繁
frequent,adj.,频繁的；经常的
frequent,v.,常去
freshman,n.,（大学）新生
frighten,v.,使惊吓
frontier,n.,边境；前沿
frost,n.,霜；严寒
frost,v.,结霜
fruitful,adj.,富有成效的
frustrating,adj.,令人沮丧的
frustration,n.,沮丧；挫败
fry,v.,煎；炸；炒
fuel,n.,燃料
fuel,v.,加燃料；加剧
fulfill,v.,实现；履行
fulfillment,n.,实现；满足感
function,n.,功能；职责；函数；社交聚会
function,v.,运行；起作用
functional,adj.,功能性的；实用的
fund,n.,基金；资金
fund,v.,资助
fundamental,adj.,基本的；根本的
fundamental,n.,基本原则
funding,n.,资金；经费
funeral,n.,葬礼
fur,n.,毛皮
furnish,v.,布置（家具）；提供
furthermore,adv.,此外；而且
fury,n.,狂怒
fuss,n.,大惊小怪；忙乱
fuss,v.,大惊小怪；过分挑剔
gadget,n.,小玩意儿；小装置
gain,n.,收益；增加
gain,v.,获得；增加
gallery,n.,画廊；美术馆
gamble,n.,赌博；冒险
gamble,v.,赌博；冒险
gap,n.,缺口；差距；间隔
garage,n.,车库；汽车修理厂
garbage,n.,垃圾
gardening,n.,园艺
gasoline,n.,汽油
gather,v.,聚集；收集；认为
gathering,n.,聚会；聚集
gaze,v.,凝视；注视
gear,n.,齿轮；排挡；装备
gear,v.,使适应
gender,n.,性别
gene,n.,基因
generalize,v.,概括；归纳
generally,adv.,通常；普遍地
generate,v.,产生；造成
generation,n.,一代人；产生
generator,n.,发电机
generosity,n.,慷慨；大方
generous,adj.,慷慨的；大方的
genetic,adj.,遗传的；基因的
genius,n.,天才；天赋
gentle,adj.,温和的；文雅的
genuine,adj.,真的；真诚的
geographical,adj.,地理的
geological,adj.,地质的
geology,n.,地质学
germ,n.,细菌；病菌；萌芽
gesture,n.,手势；姿态
gesture,v.,做手势
giant,adj.,巨大的
giant,n.,巨人；巨头
gifted,adj.,有天赋的
given,adj.,特定的；假定的
given,prep.,考虑到
glance,n.,一瞥
glance,v.,瞥一眼
glimpse,n.,一瞥
glimpse,v.,瞥见
global,adj.,全球的；全面的
globe,n.,地球；地球仪；球体
gloomy,adj.,阴暗的；沮丧的
glorious,adj.,光荣的；辉煌的
glow,n.,光亮；喜悦
glow,v.,发光；发热；（脸）泛红
golf,n.,高尔夫球
goods,n.,商品；货物
gossip,n.,闲话；流言蜚语
gossip,v.,说闲话
govern,v.,统治；管理；控制
grab,v.,抓住
grace,n.,优雅；恩典
gradual,adj.,逐渐的
gradually,adv.,逐渐地
gram,n.,克
grand,adj.,宏伟的；壮丽的；主要的
grant,n.,拨款；补助金
grant,v.,授予；同意
graph,n.,图表
grasp,n.,抓住；理解
grasp,v.,抓住；理解
grassy,adj.,长满草的
grateful,adj.,感激的
gratitude,n.,感激
grave,adj.,严重的；严肃的
grave,n.,坟墓
gravity,n.,重力；严重性
green,adj.,绿色的；环保的；没经验的
green,n.,绿色
greenhouse,n.,温室
greeting,n.,问候；祝贺
grief,n.,悲伤；悲痛
grind,n.,苦差事；磨
grind,v.,磨碎；碾
grip,n.,紧握；控制
grip,v.,紧握；吸引
grocer,n.,食品杂货商
grocery,n.,食品杂货店
gross,adj.,总的；严重的；粗俗的
gross,n.,总额
gross,v.,总收入为
growth,n.,增长；生长；发展
guarantee,n.,保证；担保
guarantee,v.,保证；担保
guardian,n.,监护人；保护者
guidance,n.,指导；引导
guideline,n.,指导方针；准则
guilt,n.,内疚；罪行
gum,n.,口香糖；牙龈；树胶
gut,n.,肠；内脏；勇气
gut,v.,取出内脏；毁坏内部
hail,n.,冰雹
hail,v.,下冰雹；欢呼；招呼
halfway,adj.,中途的
halfway,adv.,在中途
halt,n.,停止
halt,v.,（使）停止
handful,n.,一把；少数
handicap,n.,障碍；不利条件
handicap,v.,妨碍
handle,n.,把手
handle,v.,处理；应对；操作
handwriting,n.,笔迹；书法
handy,adj.,方便的；手边的
hardship,n.,困苦；艰难
hardware,n.,硬件；五金制品
harmless,adj.,无害的
harmonious,adj.,和谐的
harmony,n.,和谐；融洽
harsh,adj.,严厉的；刺耳的；恶劣的
harvest,n.,收获；收成
harvest,v.,收获
hasten,v.,加快；催促
hatred,n.,憎恨；仇恨
haunt,v.,（鬼魂）出没；萦绕于心
hay,n.,干草
hazard,n.,危险；风险
hazard,v.,冒…的危险
heading,n.,标题
headline,n.,大字标题
headmaster,n.,（男）校长
headquarters,n.,总部
heap,n.,一堆
heap,v.,堆积
hearing,n.,听力；听证会
heartfelt,adj.,衷心的；真诚的
heating,n.,暖气；加热
heighten,v.,（使）提高；（使）加强
hell,n.,地狱；苦境
hence,adv.,因此
herd,n.,兽群
herd,v.,放牧；（使）成群
heritage,n.,遗产
heroic,adj.,英雄的；英勇的
hesitant,adj.,犹豫的
hesitate,v.,犹豫
hesitation,n.,犹豫
high,adj.,高的；高级的
high,n.,高水平；高点
higher,adj.,更高的
highlight,n.,最精彩的部分
highlight,v.,强调；突出
highly,adv.,非常；高度地
highway,n.,公路
hinder,v.,阻碍；妨碍
hint,n.,暗示；提示
hint,v.,暗示
historian,n.,历史学家
historic,adj.,有历史意义的
historical,adj.,历史的
hollow,adj.,空的；中空的
honesty,n.,诚实
honor,n.,荣誉；尊敬
honor,v.,尊敬；授予荣誉
honorable,adj.,可敬的；光荣的
hook,n.,钩子
hook,v.,钩住；吸引
hopeful,adj.,充满希望的
hopeless,adj.,绝望的
horizon,n.,地平线；眼界
horizontal,adj.,水平的
horn,n.,角；喇叭
horrible,adj.,可怕的；糟糕的
horror,n.,恐惧；恐怖
hospitable,adj.,好客的
host,n.,主人；主持人；许多
host,v.,主办；主持
hostess,n.,女主人；女主持人
hostile,adj.,敌对的
hostility,n.,敌意
household,n.,家庭；一家人
housewife,n.,家庭主妇
housing,n.,住房
humanity,n.,人类；人性；人道
humble,adj.,谦虚的；卑微的
humble,v.,使谦卑
humor,n.,幽默
humor,v.,迁就
hunting,n.,狩猎
hurriedly,adv.,匆忙地
hut,n.,小屋
hydrogen,n.,氢
icy,adj.,结冰的；冰冷的
ideal,adj.,理想的；完美的
ideal,n.,理想
identical,adj.,完全相同的
identification,n.,身份证明；识别
identify,v.,识别；确认
identity,n.,身份；特性
idle,adj.,闲置的；懒惰的
idle,v.,虚度；（引擎）空转
ignorance,n.,无知
ignorant,adj.,无知的
ignore,v.,忽视；不理睬
illegal,adj.,非法的
illusion,n.,幻觉；错觉
illustrate,v.,说明；阐明；加插图
illustration,n.,插图；例证
image,n.,形象；图像
imaginary,adj.,想象的；虚构的
imagination,n.,想象力
imaginative,adj.,富有想象力的
imitate,v.,模仿
imitation,n.,模仿；仿制品
immediate,adj.,立即的；直接的
immediately,adv.,立即；马上
immense,adj.,巨大的；广大的
immensely,adv.,极大地
immigrant,n.,（外来）移民
immigrate,v.,移居入境
immigration,n.,移民（入境）
immune,adj.,有免疫力的；免除的
impact,n.,影响；冲击
impact,v.,影响；冲击
impatient,adj.,不耐烦的
imperial,adj.,帝国的
implement,n.,工具；器具
implement,v.,实施；执行
implementation,n.,实施；执行
implication,n.,暗示；含义；牵连
implicit,adj.,含蓄的；暗示的
imply,v.,暗示；意味着
import,n.,进口；进口商品；重要性
import,v.,进口；导入
impose,v.,强加；征税
imposing,adj.,气势宏伟的
impress,v.,给…留下深刻印象
impression,n.,印象
impressive,adj.,令人印象深刻的
improvement,n.,改善；改进
impulse,n.,冲动
incentive,n.,激励；动机
inch,n.,英寸
incident,n.,事件；事故
incidental,adj.,附带的；偶然的
incline,v.,（使）倾斜；倾向于
inclusive,adj.,包含的；包括的
income,n.,收入
increasingly,adv.,越来越
incredible,adj.,难以置信的；极好的
indeed,adv.,的确；确实
independence,n.,独立
independent,adj.,独立的；自主的
index,n.,索引；指数；指标
indicate,v.,表明；指示
indication,n.,迹象；指示
indicative,adj.,表明的；指示的
indicator,n.,指示器；指标
indifference,n.,漠不关心
indifferent,adj.,漠不关心的
indispensable,adj.,必不可少的
individual,adj.,个人的；独特的
individual,n.,个人；个体
individualism,n.,个人主义
indoor,adj.,室内的
induce,v.,引起；引诱
industrial,adj.,工业的
industrialize,v.,使工业化
inevitable,adj.,不可避免的
infant,adj.,婴儿的；初期的
infant,n.,婴儿
infect,v.,传染；感染
infection,n.,感染；传染病
infectious,adj.,传染性的
infer,v.,推断；推测
inference,n.,推理；结论
inferior,adj.,差的；下级的
inferior,n.,下级
infinite,adj.,无限的；极大的
inflate,v.,给…充气；（使）通货膨胀
inflation,n.,通货膨胀；自大
influential,adj.,有影响力的
influential,n.,有影响力的人
informative,adj.,信息量大的；有益的
infrastructure,n.,基础设施
ingredient,adj.,组成的
ingredient,n.,（食品）配料；成分；要素
inhabitant,n.,居民；住户
inherit,v.,继承；遗传而得
inheritance,n.,遗产；继承
initial,adj.,最初的；开头的
initial,n.,首字母
initially,adv.,最初；起初
initiate,v.,开始；发起；接纳…为成员
initiate,n.,新手
initiative,n.,主动性；倡议；新方案
injure,v.,弄伤；损害
injury,n.,伤；伤害
ink,n.,墨水；油墨
ink,v.,签（合同）；涂墨水
inland,adj.,内陆的
inland,adv.,在内地；向内地
inland,n.,内地；内陆
inner,adj.,内部的；内心的
inner,n.,内部；里面
innocent,adj.,无辜的；天真的
innocent,n.,天真的人
innovate,v.,创新
innovation,n.,创新；革新
innovative,adj.,创新的；新颖的
input,n.,输入；投入
input,v.,输入
inquire,v.,询问；打听
inquiry,n.,询问；调查
insect,n.,虫子
insert,n.,插入物；插页
insert,v.,插入；塞入
insight,n.,洞察力；深刻见解
insist,v.,坚持；坚决要求
insistence,n.,坚持
insistent,adj.,坚持的；持续的
inspection,n.,检查；视察
inspector,n.,检查员；视察员
inspiration,n.,灵感；鼓舞人心的人或事
inspire,v.,激励；给予灵感；启发
install,v.,安装
installation,n.,安装；设备
installment,n.,分期付款
instance,n.,例子；事例
instant,adj.,立刻的；速食的
instant,n.,瞬间；片刻
instinct,n.,本能；直觉
institute,n.,学院；机构；协会
institute,v.,建立；制定
institution,n.,机构；制度；习俗
institutional,adj.,机构的；制度的
instruct,v.,指导；命令；通知
instructor,n.,教练；导师
instrumental,adj.,有帮助的；器乐的
insult,n.,侮辱
insult,v.,侮辱
insurance,n.,保险
insure,v.,给…投保；确保
intact,adj.,完好无损的
intake,n.,摄入量；吸入量；入口
intangible,adj.,无形的；触摸不到的
integrate,v.,（使）合并；（使）融入
integration,n.,整合；融入
integrity,n.,正直；诚实；完整
intellectual,n.,知识分子
intelligence,n.,智力；情报
intelligent,adj.,聪明的；智能的
intend,v.,打算；计划
intense,adj.,强烈的；剧烈的；紧张的
intensify,v.,加强；加剧
intensity,n.,强度；强烈
intensive,adj.,加强的；集中的
intensive,n.,强化物
intention,n.,意图；目的
intentional,adj.,故意的；有意的
interact,n.,幕间休息
interact,v.,互动；交流；相互作用
interaction,n.,互动；相互作用
interactive,adj.,互动的；交互式的
interactive,n.,互动游戏
interfere,v.,干涉；妨碍；打扰
interference,n.,干涉；干扰
interior,adj.,内部的；国内的
interior,n.,内部
intermediate,adj.,中间的；中级的
intermediate,n.,中间物
internal,adj.,内部的；国内的；体内的
internal,n.,内部；本质
interpret,v.,解释；理解；口译
interpretation,n.,解释；理解；口译；表演
interpreter,n.,口译员；解释器（编程）
interrupt,n.,中断
interrupt,v.,打断；打扰
interruption,n.,中断；打扰
interval,n.,间隔；（演出）休息时间
interview,n.,面试；采访；面谈
interviewer,n.,面试官；采访者
intimate,adj.,亲密的；私人的
intimate,n.,密友；知己
intimate,v.,暗示
intrude,v.,闯入；打扰
intruder,n.,入侵者；闯入者
intrusion,n.,侵入；打扰
invade,v.,入侵；侵略；涌入
invalid,adj.,无效的；（指人）病弱的
invalid,n.,病人；残疾人
invalid,v.,因病退役
invaluable,adj.,非常宝贵的；无价的
invariably,adv.,总是；不变地
invasion,n.,入侵；侵略
invest,v.,投资；投入
investigate,v.,调查；研究
investigation,n.,调查；研究
investigator,n.,调查员；研究员
investment,n.,投资；投资额
investor,n.,投资者
invisible,adj.,看不见的；无形的
invitation,n.,邀请；请柬
involve,v.,涉及；包含；使参与
involved,adj.,参与的；有关联的；复杂的
involvement,n.,参与；卷入
inward,adj.,向内的；内心的
inward,adv.,向内；在心里
inward,n.,内部
iron,adj.,铁的；坚强的
iron,v.,熨（衣服）
irrational,adj.,不合理的；没理性的
irrational,n.,无理数
irregular,adj.,不规则的；不规律的
irregular,n.,不合规格的产品
irrigate,v.,灌溉；冲洗
irrigation,n.,灌溉
isolate,adj.,隔离的；孤立的
isolate,n.,隔离区；被隔离的人或物
isolate,v.,隔离；孤立
isolation,n.,隔离；孤立
issue,n.,问题；议题；（杂志的）期
issue,v.,发行；发布；公布
item,adj.,又,同上
item,n.,一项；一件；条目
jail,n.,监狱
jail,v.,监禁
jam,n.,果酱；堵塞；困境
jam,v.,（使）卡住；（使）堵塞
jar,n.,罐子；坛子
jar,v.,（使）震动；冲突；发刺耳声
jealous,adj.,嫉妒的；吃醋的
jealousy,n.,嫉妒；猜忌
jet,adj.,墨黑的
jet,n.,喷气式飞机；喷射流
jet,v.,喷射；乘喷气式飞机旅行
jewel,n.,珠宝；宝石
jewel,v.,用珠宝装饰
jog,n.,慢跑
jog,v.,慢跑；轻推
joint,adj.,共同的；联合的
joint,n.,关节；接合处
journal,n.,日记；期刊；杂志
journalism,n.,新闻业
journalist,n.,记者
judge,n.,法官；裁判
judge,v.,判断；审判；评审
judgment,n.,判断；判决；意见
keen,n.,挽歌；恸哭
kindergarten,n.,幼儿园
kindness,n.,善意；好意
kingdom,n.,王国；领域
kit,n.,成套工具；装备
kit,v.,装备
knit,n.,针织品
knit,v.,编织；使紧密结合；皱（眉）
knowledgeable,adj.,知识渊博的
label,n.,标签；称号
label,v.,贴标签；把…称为
laborious,adj.,费力的；辛苦的
labour,n.,劳动；劳工；（英国）工党
lack,n.,缺乏；不足
lack,v.,缺乏；没有
ladder,n.,梯子
ladder,v.,（使）成名；晋升
lag,adj.,最后的
lag,n.,延迟；滞后
lag,v.,落后；滞后
lamb,n.,羊羔；羊羔肉
lamb,v.,生小羊
lamp,v.,照亮
landing,n.,登陆；着陆；楼梯平台
landing,v.,登陆；着陆
landlady,n.,女房东
landlord,n.,房东；地主
landscape,n.,风景；风景画
landscape,v.,做园林美化
lane,n.,小巷；车道
lap,n.,一圈；（坐着时的）大腿部
lap,v.,（跑）超过一圈；舔食
laptop,n.,笔记本电脑
largely,adv.,主要地；很大程度上
laser,n.,激光
lately,adv.,最近；近来
laughter,n.,笑声
launch,n.,发射；启动；发布
launch,v.,发射；启动；发起；发布
laundry,n.,洗衣店；要洗的衣物
lawful,adj.,合法的
lawn,n.,草坪
lawyer,n.,律师
lay,adj.,外行的；世俗的
lay,v.,放；安放；下蛋
layout,n.,布局；设计
leader,n.,领导者；领袖
leadership,n.,领导力；领导层
leading,adj.,领先的；主要的
leading,n.,领导；行距
leading,v.,领导（的现在分词）
leak,n.,泄漏；漏洞
leak,v.,（使）泄漏；泄露
lean,adj.,瘦的；贫乏的
lean,n.,瘦肉
lean,v.,倾斜；倚靠；倾向于
leap,n.,跳跃；飞跃
leap,v.,跳跃；猛增
learned,adj.,博学的
learner,n.,学习者；初学者
lease,n.,租约
lease,v.,租用；出租
lecture,n.,演讲；讲座
lecture,v.,演讲；训斥
lecturer,n.,讲师；演讲者
legal,adj.,法律的；合法的
legend,n.,传说；传奇人物；图例
legendary,adj.,传奇的
legendary,n.,传奇人物传
legislation,n.,立法；法律
legislator,n.,立法者
leisure,adj.,空闲的；休闲的
leisure,n.,休闲；闲暇
lemonade,n.,柠檬水
length,n.,长度；时长
lens,n.,镜头；镜片；晶状体
lens,v.,拍摄
liability,n.,责任；债务；不利条件
liable,adj.,有责任的；很可能的；易于…的
liar,n.,说谎的人；骗子
liberal,adj.,思想开放的；慷慨的；自由的
liberal,n.,自由主义者
license,v.,许可；发执照给
lighting,v.,照明（的现在分词）
lightning,adj.,闪电般的；快速的
lightning,n.,闪电
lightning,v.,闪电
likelihood,n.,可能性
likely,adj.,很可能的
likely,adv.,很可能
likewise,adv.,同样地；也
lily,adj.,洁白的
lily,n.,百合花
limb,n.,肢体；树枝
limb,v.,砍下树枝
limit,n.,限制；限度
limit,v.,限制
limited,adj.,有限的
limited,n.,高级快车
link,n.,联系；关系；链接
link,v.,连接；联系
lip,adj.,口头上的
lip,n.,嘴唇
lip,v.,用嘴唇碰
liquid,adj.,液体的；流动的
liquid,n.,液体
literacy,n.,读写能力
literally,adv.,照字面地；简直
literary,adj.,文学的
literate,adj.,有读写能力的；有文化的
literate,n.,有文化的人
literature,n.,文学；文献
livelihood,n.,生计
liver,n.,肝脏
load,n.,负载；装载量；工作量
load,v.,装载；加载
loaf,n.,一条（面包）
loaf,v.,闲逛；虚度光阴
loan,n.,贷款；借款
loan,v.,借出；贷款给
lobby,n.,大厅；游说团体
lobby,v.,游说
locality,n.,地点；位置
locate,v.,找出…的位置；位于
location,n.,位置；地点；外景拍摄地
lodge,n.,小屋；旅馆
lodge,v.,住宿；提出（投诉、抗议）
lodging,n.,住处；寄宿
log,n.,原木；日志
log,v.,记录；伐木
logic,adj.,逻辑的
logic,n.,逻辑；逻辑学
logical,adj.,合乎逻辑的；合理的
logo,n.,商标；标志
lower,adj.,较低的；下级的
lower,v.,降低；放下
lower,n.,下铺；下级
loyal,adj.,忠诚的；忠实的
loyal,n.,忠诚的人
loyalty,n.,忠诚；忠心
luggage,n.,行李
lump,adj.,成块的；总共的
lump,adv.,非常
lump,n.,块；肿块
lump,v.,结块；归并在一起
lunar,adj.,月亮的；阴历的
lung,n.,肺
luxurious,adj.,奢侈的；豪华的
luxury,adj.,奢侈的
luxury,n.,奢侈；奢侈品
machinery,n.,机械（总称）；机构
magical,adj.,有魔力的；神奇的
magnet,n.,磁铁；有吸引力的人或物
magnetic,adj.,有磁性的；有吸引力的
magnificence,n.,宏伟；壮丽
magnificent,adj.,宏伟的；壮丽的；极好的
mainland,adj.,大陆的
mainland,n.,大陆；本土
mainstream,n.,主流
maintain,v.,维持；维修；坚持认为；供养
maintenance,n.,维护；保养；生活费
major,adj.,主要的；重要的；严重的
majority,n.,大多数；多数
male,adj.,男性的；雄性的
male,n.,男性；雄性
mammal,n.,哺乳动物
management,n.,管理；经营；管理层
managerial,adj.,管理的；经理的
manipulate,v.,操纵；操作
manipulation,n.,操纵；操作
manipulative,adj.,善于操纵的
mankind,n.,人类
manual,adj.,手工的；体力的
manual,n.,手册；指南
manufacture,n.,制造；制造业
manufacture,v.,制造；捏造
manufacturer,n.,制造商
marathon,v.,跑马拉松
margin,n.,边缘；页边空白；利润；余地
margin,v.,加边于
marine,adj.,海洋的；海事的
marine,n.,海军陆战队士兵
marital,adj.,婚姻的
marketing,n.,市场营销
marvel,n.,奇迹
marvel,v.,感到惊奇
marvelous,adj.,极好的；了不起的
mask,n.,面具；口罩；伪装
mask,v.,戴面具；掩盖；掩饰
mass,n.,大量；团；块；群众
mass,v.,聚集
massive,adj.,巨大的；大量的
masterpiece,n.,杰作；代表作
mastery,n.,精通；掌握
mate,n.,伙伴；配偶；（船上的）大副
mate,v.,（使）交配；（使）成对
materialism,n.,唯物主义；物质主义
mature,adj.,成熟的；想周到的
mature,v.,（使）成熟；（票据等）到期
maturity,n.,成熟；到期
maximize,v.,使最大化
maximum,adj.,最大的；最高的
maximum,n.,最大值；最大限度
mayor,n.,市长
means,n.,方法；手段；财产
means,v.,意味着（mean的第三人称单数）
Meanwhile,adv.,与此同时
meanwhile,n.,其间
measure,n.,措施；方法；尺寸；量度
measure,v.,测量；衡量
mechanic,adj.,手工的
mechanic,n.,技工；机修工
mechanical,adj.,机械的；呆板的
mechanism,n.,机制；机械装置；办法
media,n.,媒体
medium,n.,媒介；方法；中间
melt,n.,融化
melt,v.,（使）融化；（使）熔化；（使）感动
membership,n.,会员资格；全体会员
memory,n.,记忆；内存；回忆
mend,n.,修补处
mend,v.,修理；修补；好转
mental,adj.,精神的；心理的；脑力的
mental,n.,精神病患者
merely,adv.,仅仅；只不过
merit,n.,优点；价值
merit,v.,值得
messenger,n.,送信人；信使
messy,adj.,凌乱的；棘手的
metal,adj.,金属制的
metal,v.,用金属覆盖
methodology,n.,方法论；一套方法
metric,adj.,公制的；米制的
metric,n.,度量标准
microwave,n.,微波
midday,adj.,正午的
midday,n.,正午；中午
middle,adj.,中间的；中等的
middle,n.,中间；腰部
midnight,adj.,午夜的
midnight,n.,午夜
mighty,adj.,强大的；巨大的
mighty,adv.,非常
mighty,n.,强有力的人
migrant,adj.,移居的；迁徙的
migrant,n.,移民；候鸟
migrate,v.,迁徙；移居
migration,n.,迁徙；移居
mild,adj.,温和的；轻微的
mild,n.,淡味啤酒
mileage,n.,英里数；（汽车的）耗油量
military,adj.,军事的；军队的
military,n.,军队；军方
mill,n.,工厂；磨坊
mill,v.,碾磨；（人群）乱转
millionaire,adj.,百万富翁的
millionaire,n.,百万富翁
mineral,adj.,矿物的
mineral,n.,矿物；矿物质
minimal,adj.,最小的；最低的
minimize,v.,使最小化；对…轻描淡写
minimum,adj.,最小的；最低的
minimum,n.,最小值；最低限度
mining,n.,采矿业
minister,n.,部长；大臣；牧师
minister,v.,担任牧师；帮助
ministry,n.,（政府的）部
minor,adj.,次要的；较小的；未成年的
minor,n.,未成年人；副修科目
minor,v.,副修
minority,adj.,少数的
minority,n.,少数；少数民族
miracle,n.,奇迹
mirror,n.,镜子；反映
mirror,v.,反映；映出
miserable,adj.,痛苦的；悲惨的
misery,n.,痛苦；苦难
misfortune,n.,不幸；灾难
mislead,v.,误导
misleading,adj.,误导性的
missile,adj.,导弹的
missile,n.,导弹
mission,n.,任务；使命；代表团
mission,v.,派遣
mistaken,adj.,错误的
misunderstanding,n.,误解；误会
mobile,adj.,可移动的；移动的
mobile,n.,手机；风铃
mode,n.,模式；方式；风格
moderate,adj.,适度的；温和的
moderate,v.,（使）缓和；主持
modernization,n.,现代化
modernize,v.,（使）现代化
modest,adj.,谦虚的；适度的；朴素的
modification,n.,修改；更改
modify,v.,修改；更改
moist,adj.,潮湿的；湿润的
mold,n.,霉菌；模具
mold,v.,发霉；塑造
moment,n.,片刻；瞬间；重要时机
monitor,n.,显示器；监视器；班长
monitor,v.,监控；监测
monster,n.,怪物；怪兽
monthly,adj.,每月的
monthly,adv.,每月
monthly,n.,月刊
monumental,adj.,巨大的；纪念碑的；不朽的
mood,n.,心情；情绪；气氛
moody,adj.,喜怒无常的；情绪化的
mop,n.,拖把
mop,v.,用拖把拖；擦拭
moral,adj.,道德的
moral,n.,道德；寓意
morality,n.,道德
moreover,adv.,而且；此外
morning,n.,早晨；上午
mortgage,n.,抵押贷款
mortgage,v.,抵押
most,adj.,最多的；大部分的
most,n.,大多数；大部分
mostly,adv.,主要地；通常
motel,n.,汽车旅馆
motion,n.,运动；动作；提议
motion,v.,做手势示意
motivate,v.,激励；成为…的动机
motivation,n.,动力；动机
motive,adj.,引起运动的
motive,n.,动机；目的
motive,v.,成为…的动机
motor,adj.,汽车的；机动的
motor,n.,发动机；马达
motor,v.,开车
motorway,n.,高速公路
mount,n.,山；底座；坐骑
mount,v.,登上；骑上；安装；增加
mountainous,adj.,多山的
movement,n.,运动；活动；乐章
mud,n.,泥；泥浆
mud,v.,用泥涂抹
muddy,adj.,泥泞的；浑浊的
muddy,v.,使沾上烂泥；使糊涂
multiple,adj.,多个的；多样的
multiple,n.,倍数
multiply,adj.,多样的
multiply,adv.,多样地
multiply,v.,（使）相乘；（使）增加；（使）繁殖
municipal,adj.,市政的；市的
murder,n.,谋杀；谋杀案
murder,v.,谋杀
muscle,n.,肌肉；力量
muscle,v.,用力挤
muscular,adj.,肌肉发达的；强壮的
musical,adj.,音乐的；有音乐天赋的
musical,n.,音乐剧
mutual,adj.,相互的；共同的
mystery,n.,谜；神秘的事物
mysterious,adj.,神秘的；难以理解的
myth,n.,神话；普遍但错误的看法
nail,n.,指甲；钉子
nail,v.,钉住；抓住；揭露
naked,adj.,裸体的；无遮蔽的
namely,adv.,也就是；即
nap,n.,小睡；打盹
nap,v.,小睡；打盹
narrate,v.,叙述；讲述
narrative,adj.,叙事的
narrative,n.,叙述；故事
narrow,adj.,狭窄的；勉强的
narrow,n.,狭窄部分；海峡
narrow,v.,（使）变窄
nasty,adj.,令人讨厌的；肮脏的；恶意的
nasty,n.,令人不快的人或事
native,adj.,本地的；天生的；母语的
naturally,adv.,自然地；当然
naval,adj.,海军的
navy,n.,海军；深蓝色
necessarily,adv.,必然地；必要地
necessity,n.,必要性；必需品
needle,n.,针；指针
needle,v.,（用言语）刺激；用针缝
needy,adj.,贫穷的
negative,adj.,消极的；否定的；负的
negative,v.,否定；否决
neglect,n.,忽视；疏忽
neglect,v.,忽视；疏忽
neglectful,adj.,疏忽的
negotiate,v.,谈判；协商
negotiation,n.,谈判；协商
neighborhood,n.,社区；街区；附近
nerve,n.,神经；勇气
nerve,v.,鼓起勇气
nest,n.,巢；窝
nest,v.,筑巢；嵌套
net,adj.,净的；纯的
net,n.,网；网络；球网
network,n.,网络；关系网
neutral,adj.,中立的；中性的
neutral,n.,中立者；空挡
nevertheless,adv.,然而；不过
nevertheless,conj.,然而；不过
niece,n.,侄女；外甥女
nightmare,n.,噩梦；可怕的经历
nightmare,adj.,噩梦般的
noble,adj.,高尚的；贵族的
noble,n.,贵族
noble,v.,逮捕
nonsense,adj.,荒谬的
nonsense,int.,胡说
nonsense,n.,胡说；废话
norm,n.,规范；标准
normal,n.,正常状态；标准
normally,adv.,通常；正常地
northwest,adj.,西北的
northwest,adv.,向西北
northwest,n.,西北
not,adv.,不；没
not,n.,非
noticeable,adj.,显而易见的；显著的
notify,v.,通知；告知
notion,n.,概念；观念；想法
noun,n.,名词
nourish,v.,滋养；养育
novel,adj.,新奇的
novel,n.,小说
novelty,n.,新奇；新奇的事物
nowhere,adj.,不存在的
nowhere,adv.,任何地方都不
nowhere,n.,不知何处
nuclear,adj.,核能的；原子核的
nuisance,n.,讨厌的人或事；麻烦事
numerous,adj.,许多的；大量的
nursery,n.,托儿所；苗圃
nut,n.,坚果；螺母；怪人
nut,v.,采坚果
nutrient,adj.,有营养的
nutrient,n.,营养素；养分
nutrition,n.,营养；营养学
obedience,n.,服从；顺从
obesity,n.,肥胖症
objection,n.,反对；异议
objective,adj.,客观的
objective,n.,目标；目的
oblige,v.,迫使；帮忙
obliged,adj.,感激的；有义务的
obliged,v.,迫使（的过去式和过去分词）
observant,adj.,善于观察的；遵守规则的
observation,n.,观察；评论
observe,v.,观察；遵守；评论说
observer,n.,观察者
obstacle,n.,障碍；绊脚石
obtain,v.,获得；得到
obvious,adj.,明显的；显然的
obviously,adv.,显然；明显地
occasion,n.,场合；时机；理由
occasion,v.,引起
occasional,adj.,偶尔的
occasionally,adv.,偶尔
occupation,n.,职业；占领；消遣
occupy,v.,占据；占用；使忙于
occur,v.,发生；出现
occurrence,n.,发生；事件
odd,adj.,奇怪的；奇数的；临时的
odd,n.,奇怪的人或事
odds,n.,几率；可能性；分歧
off,adj.,离开的；关掉的；不新鲜的
off,adv.,离开；脱落；中断
off,prep.,离开…；从…脱落
offend,v.,冒犯；得罪；违反
offense,n.,冒犯；违法行为；攻击
official,adj.,官方的；正式的
official,n.,官员
oily,adj.,油腻的；油滑的
old,n.,老人；古时
omit,v.,省略；遗漏
ongoing,adj.,进行中的；持续的
ongoing,n.,正在进行的事
opening,adj.,开始的
opening,n.,开幕；开口；空缺；机会
opening,v.,打开（的现在分词）
operation,n.,操作；手术；运营；行动
operational,adj.,操作上的；可使用的
operator,n.,操作员；接线员；经营者；运算符
opponent,adj.,对立的
opponent,n.,对手；反对者
opportunity,n.,机会；时机
oppose,v.,反对
opposition,n.,反对；反对派
opt,v.,选择
optimism,n.,乐观；乐观主义
optimistic,adj.,乐观的
option,n.,选择；选项
optional,adj.,可选择的；非强制的
optional,n.,选修课
oral,adj.,口头的；口部的
oral,n.,口试
orbit,n.,轨道
orbit,v.,绕轨道运行
orchestra,n.,管弦乐队
orderly,adj.,有秩序的；整齐的
orderly,adv.,有秩序地
orderly,n.,勤务兵；护工
ordinary,adj.,普通的；平常的
ordinary,n.,普通的人或事
organ,n.,器官；风琴；机构
organic,adj.,有机的；器官的
organism,n.,生物体；有机体
orient,adj.,东方的
orient,n.,东方
orient,v.,使朝向；使适应
orientation,n.,方向；定位；迎新会
origin,n.,起源；出身
original,adj.,最初的；原创的；新颖的
original,n.,原件；原作
originate,v.,起源于；开创
ornament,n.,装饰品
ornament,v.,装饰
orphanage,n.,孤儿院
otherwise,adv.,否则；另外
outcome,n.,结果；后果
outdated,adj.,过时的
outdoors,adj.,户外的
outdoors,adv.,在户外
outdoors,n.,户外
outer,adj.,外部的；外面的
outer,n.,靶心外围
outgoing,adj.,外向的；即将离职的
outgoing,n.,开支
outing,n.,短途旅行；郊游
outing,v.,揭露…的同性恋身份（的现在分词）
outlet,n.,出口；专卖店；电源插座
outline,n.,提纲；轮廓
outline,v.,概述；勾勒…的轮廓
outlook,n.,前景；观点；景色
output,n.,产量；输出
output,v.,输出
outset,n.,开始；开端
outstanding,adj.,杰出的；显著的；未解决的
outward,adj.,向外的；外表的
outward,adv.,向外
oven,n.,烤箱
over,adv.,越过；结束；再一次
over,prep.,在…上方；遍及；超过
overall,adj.,全面的；总体的
overall,adv.,总体上
overall,n.,工装裤
overcoat,n.,大衣
overcome,v.,克服；战胜
overdue,adj.,逾期的；过期的
overhead,adj.,头顶上的；架空的
overhead,adv.,在头顶上
overhead,n.,经常性开支
overlook,n.,俯瞰处
overlook,v.,俯瞰；忽视；原谅
overnight,adj.,通宵的；一夜之间的
overnight,adv.,一整夜；一夜之间
overnight,n.,一夜的逗留
overnight,v.,过夜
overtake,v.,超过；赶上；（坏事）突然降临
overthrow,n.,推翻
overthrow,v.,推翻
overwhelm,v.,淹没；压倒；使不知所措
overwhelming,adj.,压倒性的；巨大的
overwhelmingly,adv.,压倒性地
ownership,n.,所有权
oxygen,n.,氧气
pace,n.,步速；节奏
pace,v.,踱步
pack,n.,包；一群（狼、狗等）
package,n.,包裹；套餐；一揽子计划
package,v.,打包；包装
pad,n.,垫子；便笺本；（动物的）肉掌
pad,v.,填塞；悄无声息地走
painful,adj.,疼痛的；痛苦的
painter,n.,画家；油漆工
palm,n.,手掌；棕榈树
palm,v.,把…藏在手心
pan,n.,平底锅
pan,v.,淘金；严厉批评
panel,n.,嵌板；仪表盘；专门小组
panel,v.,用镶板覆盖
panic,adj.,恐慌的
panic,n.,恐慌
panic,v.,（使）恐慌
paperback,adj.,平装的
paperback,n.,平装书
paperback,v.,出版…的平装本
parade,n.,游行；阅兵
parade,v.,游行；炫耀
paradox,n.,悖论；自相矛盾的情况
paragraph,n.,段落
parallel,adj.,平行的；并联的；类似的
parallel,n.,平行线；相似之处；纬线
parallel,v.,与…平行；与…相似
parcel,n.,包裹
parcel,v.,打包
parental,adj.,父母的
parliament,n.,议会；国会
partial,adj.,部分的；偏心的
partially,adv.,部分地
participant,adj.,参与的
participant,n.,参与者；参加者
participate,v.,参加；参与
participate,v.,参加；分担
participation,n.,参与；分享
particle,n.,颗粒；微粒
particular,adj.,特定的；挑剔的
particular,n.,详情；细节
particularly,adv.,特别；尤其
partly,adv.,部分地
partner,v.,合作；成为搭档
partnership,n.,合作关系；合伙
passion,n.,热情；激情
passionate,adj.,热情的；充满激情的
passive,adj.,被动的；消极的
pat,adj.,恰好的；过于简单的
pat,adv.,恰好地
pat,n.,轻拍
pat,v.,轻拍
patch,n.,补丁；小块地；斑
patch,v.,修补；打补丁
patent,adj.,专利的；明显的
patent,n.,专利
patent,v.,申请专利；获得专利
path,n.,小路；路径；道路
patience,n.,耐心；耐性
pattern,n.,模式；图案；式样
pattern,v.,模仿；以图案装饰
pause,n.,暂停
pause,v.,暂停；停顿一下
pave,v.,铺路；为…铺平道路
pavement,n.,人行道
payment,n.,付款；支付的款项
peaceful,adj.,和平的；平静的；安宁的
peak,adj.,高峰的；顶点的
peak,n.,山顶；顶峰；高峰
peak,v.,达到顶峰
pearl,n.,珍珠
pearl,v.,使成珍珠状
peculiar,adj.,古怪的；独特的
pedestrian,adj.,行人的；乏味的
pedestrian,n.,行人
peer,n.,同辈；同龄人
peer,v.,仔细看；凝视
penalty,n.,处罚；罚款；点球
penetrate,v.,穿透；渗透；洞察
penny,n.,便士；一分钱
pension,n.,养老金；退休金
pensioner,n.,领养老金的人；退休人员
pepper,n.,胡椒；辣椒
pepper,v.,加胡椒粉于；使布满
per,prep.,每
perceive,v.,察觉；感知；认为
percentage,n.,百分比；比例
perception,n.,看法；感觉；洞察力
perform,v.,表演；执行；履行
performance,n.,表现；表演；性能
performer,n.,表演者
peril,n.,巨大的危险
peril,v.,危及
periodic,adj.,周期的；定期的
permanent,adj.,永久的；固定的
permanent,n.,烫发
permissible,adj.,可允许的
permission,n.,许可；准许
permissive,adj.,纵容的；放任的
permit,n.,许可证；执照
permit,v.,允许；许可
perseverance,n.,毅力；坚持不懈
persevere,v.,坚持不懈
persist,v.,坚持；持续
persistence,n.,坚持；持续
persistent,adj.,坚持的；持续的
personality,n.,性格；个性；名人
personally,adv.,亲自；就我个人而言
personnel,adj.,人事的
personnel,n.,（公司）全体人员；人事部
perspective,adj.,透视的
perspective,n.,观点；角度；看法
persuade,v.,说服；劝服
persuasion,n.,说服；说服力
persuasive,adj.,有说服力的
pessimism,n.,悲观；悲观主义
pessimistic,adj.,悲观的
phase,n.,阶段；时期
phase,v.,分阶段进行
phenomenon,n.,现象
philosopher,n.,哲学家
philosophical,adj.,哲学的；豁达的
philosophy,n.,哲学；人生观
photographer,n.,摄影师
photographic,adj.,摄影的；逼真的
photography,n.,摄影；摄影术
phrase,v.,措辞；表达
physical,adj.,身体的；物理的；物质的
physical,n.,体检
physician,n.,医生；内科医生
physicist,n.,物理学家
pianist,n.,钢琴家
piano,n.,钢琴
pigeon,n.,鸽子
pile,n.,一堆；大量
pile,v.,堆积；堆放
pill,n.,药丸
pill,v.,服药丸
pin,n.,大头针；别针；密码
pin,v.,钉住；固定住
pipe,n.,管子；管道；烟斗
pipe,v.,用管乐器演奏；尖声说
pipe,v.,用管道输送
pit,n.,坑；凹处
pit,v.,使…竞争；使…有坑
pitch,n.,（运动）场地；音高；沥青
pitch,v.,投；扔；搭（帐篷）
pizza,n.,披萨
placement,n.,放置；实习工作
plague,n.,瘟疫；祸患
plague,v.,折磨；使烦恼
plain,adv.,完全地；简直
plane,adj.,平的
planner,n.,规划师；计划者
planning,n.,规划；计划
plate,n.,盘子；碟子；车牌
platform,n.,平台；月台；政纲
pleasant,adj.,令人愉快的；友善的
pledge,n.,保证；誓言
pledge,v.,保证；承诺
plot,n.,情节；阴谋；小块土地
plot,v.,密谋；策划；标绘
plug,n.,插头；塞子
plug,v.,塞住；插入
plunge,n.,投入；跳水；暴跌
plunge,v.,投入；跳入；暴跌
plus,adj.,正的；好的
plus,n.,加号；好处
plus,prep.,加
poet,n.,诗人
poetry,n.,诗；诗歌
pointless,adj.,无意义的；没道理的
poison,adj.,有毒的
poison,n.,毒药
poison,v.,毒害；下毒；污染
poisonous,adj.,有毒的
polar,adj.,极地的；两极的
polar,n.,极线
pole,n.,杆；柱；极
pole,v.,用杆撑
policy,n.,政策；方针；保险单
polish,n.,上光剂；优雅
polish,v.,擦亮；润色
political,adj.,政治的
politician,n.,政客；政治家
politics,n.,政治；政治活动
pollutant,n.,污染物
poor,adj.,贫穷的；差的
poor,adj.,贫穷的；差的；可怜的
portable,adj.,便携的；手提的
portable,n.,便携式设备
porter,n.,搬运工；门房
portion,n.,一部分；一份
portion,v.,分配
pose,n.,姿势；姿态
pose,v.,摆姿势；造成（问题）
positive,adj.,积极的；正面的；阳性的
positive,n.,正数；优点
possess,v.,拥有
possession,n.,拥有；财产；所有物
possibility,n.,可能性
possibly,adv.,可能；也许
postage,n.,邮费
postpone,v.,推迟；延期
pot,n.,锅；壶；盆
pot,v.,把…装罐；射击
potential,adj.,潜在的；可能的
potential,n.,潜力；可能性
poverty,n.,贫穷；贫困
powder,n.,粉末；粉
powder,v.,搽粉；变成粉末
power,adj.,权力的；电力的
power,n.,力量；权力；电力
power,v.,驱动；提供动力
powerful,adj.,强大的；有力的
powerful,adj.,强大的；有影响力的
powerful,adv.,非常
practical,adj.,实际的；实用的
practicality,n.,实用性；可行性
preach,n.,说教；讲道
preach,v.,说教；讲道；鼓吹
preacher,n.,传教士；牧师
precaution,n.,预防措施
precaution,v.,警惕
precious,adj.,珍贵的；宝贵的
precise,adj.,精确的；准确的
precisely,adv.,精确地；恰好
precision,adj.,精密的
precision,n.,精确；精度
predictable,adj.,可预测的
preface,n.,序言；前言
preface,v.,作为…的开端
prefer,v.,更喜欢；宁愿
preferable,adj.,更好的；更可取的
preference,n.,偏爱；偏好；优先权
pregnancy,n.,怀孕；妊娠
pregnant,adj.,怀孕的；意味深长的
prejudice,n.,偏见
prejudice,v.,使有偏见；损害
preliminary,adj.,初步的；预备的
preliminary,n.,初步；预赛
premier,adj.,首要的；第一的
premier,n.,总理；首相
preparation,n.,准备；准备工作
prepared,adj.,准备好的
prescribe,v.,开（药方）；规定
prescription,n.,处方；药方
presence,n.,出席；存在；风度
presentation,n.,演讲；报告；展示
presently,adv.,不久；马上
preservation,n.,保存；保护
preservative,adj.,防腐的
preservative,n.,防腐剂
preserve,v.,保护；保存；维持
preserve,n.,保护区；蜜饯
presidential,adj.,总统的
press,n.,媒体；新闻界；按；压
pressing,adj.,紧迫的；紧急的
pressing,n.,压制；唱片
pressure,v.,施压；迫使
prevail,v.,盛行；占优势
prevalent,adj.,流行的；普遍的
prevention,n.,预防；阻止
preventive,adj.,预防性的
previous,adj.,以前的；之前的
priceless,adj.,无价的；非常宝贵的
primarily,adv.,主要地
prime,adj.,首要的；最好的；优质的
primitive,adj.,原始的；简陋的
prince,n.,王子
princess,n.,公主
principal,adj.,主要的
principal,n.,校长；本金
principle,n.,原则；原理
printer,n.,打印机
printing,n.,印刷；印刷术
prior,adj.,在先的；优先的
prior,adv.,在前
priority,n.,优先；优先事项
prisoner,n.,囚犯；犯人
privacy,n.,隐私
privilege,n.,特权；荣幸
privileged,adj.,享有特权的
probability,n.,可能性；概率
probable,adj.,很可能的
procedure,n.,程序；手续；步骤
proceed,v.,继续进行；着手
process,adj.,经过加工的
process,n.,过程；流程
process,v.,处理；加工
procession,n.,队伍；行列
procession,v.,列队行进
processor,n.,处理器
produce,v.,生产；制作；产生
production,n.,生产；制作；作品
productive,adj.,富有成效的；多产的
productivity,n.,生产力；生产率
profession,n.,（需要专业技能的）职业；专业
professor,n.,教授
profit,n.,利润；收益
profit,v.,获利；有益于
profitable,adj.,有利可图的；有益的
profound,adj.,深刻的；深远的
progressive,adj.,进步的；渐进的
progressive,n.,进步人士
prohibit,v.,禁止
prohibition,n.,禁止；禁令
prominent,adj.,突出的；著名的；杰出的
promising,adj.,有前途的；有希望的
promising,v.,承诺（进行时）
promote,v.,促进；提升；推销
promotion,n.,晋升；促销；推广
prompt,adj.,迅速的；及时的
prompt,adv.,准时地
prompt,n.,提示
prompt,v.,促使；提示
proof,adj.,防…的
proof,n.,证据；证明
proof,v.,校对；使防水/防火
property,n.,财产；房产；特性
proportion,n.,比例；部分；均衡
proportion,v.,使成比例
proposal,n.,提议；建议；求婚
propose,v.,提议；建议；求婚
proposition,n.,提议；主张；命题
prospect,n.,前景；可能性；景象
protection,n.,保护
protective,adj.,保护的；防护的
protein,n.,蛋白质
protest,n.,抗议
protest,v.,抗议
prove,v.,证明；证实
proverb,n.,谚语
provided,conj.,如果；只要
provided,v.,提供（过去式）
provision,n.,提供；条款；准备
provision,v.,为…提供给养
provocation,n.,挑衅
provoke,v.,激怒；挑衅；引起
psychological,adj.,心理的
psychologist,n.,心理学家
psychology,n.,心理学；心理
pub,n.,酒吧
publication,n.,出版物；发表
publicity,n.,宣传；曝光
publish,v.,出版；发表；公布
pulse,n.,脉搏；脉冲
pulse,v.,（心脏）跳动；搏动
pump,n.,泵；抽水机
pump,v.,（用泵）抽吸；打气
punctual,adj.,准时的；守时的
punctuality,n.,准时；守时
punishment,n.,惩罚；处罚
purchase,n.,购买；购买的物品
purchase,v.,购买
pure,adj.,纯的；纯粹的
purify,v.,净化；提纯
purity,n.,纯净；纯洁
pursue,v.,追求；追赶；继续
pursuit,n.,追求；追赶；爱好
puzzle,n.,谜题；难题
puzzle,v.,使困惑；苦思
qualification,n.,资格；资历
qualified,adj.,合格的；有资格的
qualified,v.,使具备资格（过去式）
qualify,v.,使合格；取得资格
qualify,v.,取得资格
qualify,v.,限定；使合格
quality,adj.,优质的；高质量的
quality,n.,特性；品质
quantify,v.,量化
quantitative,adj.,定量的；数量的
quantity,n.,数量；量
quarrel,n.,争吵
quarrel,v.,吵架；争吵
quarterly,adj.,季度的
quarterly,adv.,按季度
quarterly,n.,季刊
quit,adj.,了结的
quit,n.,退出
quit,v.,离开；停止；戒掉
quiz,n.,小测验
quiz,v.,测验；盘问
quotation,n.,报价；引文
quote,n.,引文；报价
quote,v.,引用；报价
racial,adj.,种族的
rack,n.,架子
rack,v.,使痛苦；折磨
radical,adj.,激进的；根本的
radical,n.,激进分子
rage,n.,愤怒；狂怒
rage,v.,发怒；肆虐
raid,n.,突袭；搜查
raid,v.,突袭；搜查
rail,n.,栏杆；铁轨
rail,v.,责骂；抱怨
rail,v.,铺设铁轨
railroad,n.,铁路
railroad,v.,乘火车旅行
railroad,v.,快速运输；强迫通过
rainbow,adj.,彩虹色的
rainbow,n.,彩虹
rainbow,v.,使呈彩虹色
range,n.,范围；幅度；山脉
range,v.,范围在…之间；排列
range,v.,排列；漫游
rank,adj.,难闻的；极度的
rank,n.,等级；军衔；排
rank,v.,排列；把…分等级
rare,adj.,稀有的；罕见的
rare,adj.,极好的
rare,adv.,非常
rare,v.,渴望
rarely,adv.,很少；难得
rat,n.,老鼠；叛徒
rat,v.,告密；背叛
rate,n.,比率；速度；价格
rate,v.,评价；评估；把…看作
rating,n.,评级；等级；收视率
rating,v.,评价（进行时）
ratio,n.,比率；比例
ratio,n.,比例
rational,adj.,合理的；理性的
rational,n.,有理数
raw,adj.,生的；未加工的；无经验的
raw,n.,擦伤处
raw,v.,擦伤
react,v.,作出反应；起化学反应
reaction,n.,反应；回应
reaction,n.,反应；反作用
reader,n.,读者；读物；阅读器
reader,n.,读者；阅读器
readily,adv.,乐意地；容易地
realistic,adj.,现实的；实际的；逼真的
reality,n.,现实；事实
realization,n.,实现；认识到
realm,n.,领域；范围；王国
reap,v.,收获
reap,v.,收获；获得
rear,adj.,后面的；后部的
rear,adv.,在后面
rear,n.,后面；后方；臀部
rear,v.,抚养；饲养；高耸
reasonable,adj.,合理的；通情达理的
rebel,n.,反叛者
rebel,v.,反叛；反抗
recall,v.,回忆起；召回
recall,v.,召回；回忆起；取消
recall,n.,回忆；召回
receipt,n.,收据；收到
receipt,v.,开收据
receiver,n.,接收器；听筒；接管人
reception,n.,接待；招待会；接收效果
receptionist,n.,接待员
receptive,adj.,善于接受的
recession,n.,经济衰退；后退
recipient,adj.,接受的
recipient,n.,接受者；领受人
recite,v.,背诵；朗诵
recite,v.,背诵；列举
reckon,v.,认为；估计；计算
reckon,v.,认为；计算；指望
recognition,n.,认出；承认；赞赏
recognition,n.,识别；承认；赞赏
recognize,v.,认出；承认；意识到
recognize,v.,承认
recommend,v.,推荐；建议
recommendation,n.,推荐；建议
recording,adj.,录音的
recording,n.,录音；唱片
recording,v.,录音（进行时）
recover,n.,恢复
recover,v.,恢复；康复；重新获得
recovery,n.,恢复；痊愈；复苏
recreation,n.,娱乐；消遣
recreational,adj.,娱乐的；休闲的
recruit,n.,新成员；新兵
recruit,v.,招聘；招募
recruit,v.,招募；吸收
recruitment,n.,招聘；招募
recycle,n.,回收利用
red,n.,红色；赤字
reduction,n.,减少；降低
refer,v.,提及；参考；涉及
refer,v.,参考；谈及
refer,v.,提交；参考
reference,n.,参考；推荐信；提及
reference,n.,参考；查阅；推荐人
reference,n.,引用；参考
reference,v.,引用
refine,v.,提炼；改进；使…文雅
refinement,n.,改进；优雅；提炼
reflect,v.,反射；反映；反思
reflect,v.,反射；反省
reflect,v.,反映；反射
reflection,n.,反射；倒影；反思
reform,adj.,改革的
reform,n.,改革；改良
reform,v.,改革；改造
refrain,n.,副歌；老调
refrain,v.,克制；避免
refresh,v.,使精神振作；刷新；更新
refusal,n.,拒绝
regard,n.,关心；尊重；问候
regard,v.,认为；看待；注视
regard,v.,注视；注意
regard,v.,认为；看待；尊敬
regarding,prep.,关于
regardless,adj.,不管的；不顾的
regardless,adv.,不管怎样；不顾一切地
region,n.,地区；区域；部位
region,n.,地区；区域
regional,adj.,地区的；区域性的
regional,adj.,地区的；局部的
register,n.,登记簿；注册
register,v.,登记；注册；显示
register,v.,登记；注册
register,v.,登记；注册；记录
registration,n.,登记；注册
regret,v.,后悔
regular,adj.,定期的；有规律的；普通的
regular,adv.,定期地
regular,n.,常客；正式成员
regulate,v.,管理；调节；控制
regulation,adj.,规定的
regulation,n.,规定；规则；管理
regulator,n.,监管机构；调节器
regulatory,adj.,监管的；管理的
reinforce,n.,加固物
reinforce,v.,加强；增援
reinforcement,n.,增援；加强
reject,n.,次品；被拒之人
reject,v.,拒绝；抵制；排斥
relate,v.,联系；讲述
relate,v.,有关；认同
relate,v.,使联系；讲述
related,adj.,相关的；有联系的
related,adj.,相关的；有亲属关系的
relation,n.,关系；关联；亲戚
relation,n.,关系；亲属
relative,adj.,相对的；相关的
relative,adj.,相对的；有关系的
relative,n.,亲戚；相关物
relaxation,n.,放松；休息；消遣
release,n.,释放；发布；发行
release,v.,释放；发布；发行
relevant,adj.,相关的；切题的
reliable,adj.,可靠的；可信赖的
reliable,n.,可靠的人
reliance,n.,依赖；信任
relief,n.,宽慰；减轻；救济
relief,n.,宽慰；救济；浮雕
relieve,v.,减轻；缓解；解除
religion,n.,宗教；信仰
religious,adj.,宗教的；虔诚的
religious,n.,修士；修女
reluctance,n.,不情愿；勉强
reluctant,adj.,不情愿的；勉强的
rely,v.,依靠；依赖
remark,n.,评论；言论
remark,v.,评论；说起
remarkable,adj.,非凡的；显著的；引人注目的
remedy,n.,补救方法；治疗法
remedy,v.,纠正；补救；治疗
remind,v.,提醒；使想起
reminder,n.,提醒；提示
remote,adj.,遥远的；偏僻的
remove,v.,移除；去掉；搬走
render,n.,粉刷
render,v.,给予补偿
render,v.,致使；提供；渲染
renew,v.,更新；续期
renew,v.,更新；续借；恢复
renewable,adj.,可再生的；可续期的
renewable,n.,可再生能源
renewal,n.,更新；续期
renovate,v.,翻新；修复
renovation,n.,翻新；装修
rental,n.,租金；租赁
repay,v.,偿还；报答
repeatedly,adv.,反复地；再三地
repetition,n.,重复
repetitive,adj.,重复的；单调的
replace,v.,取代；更换
replace,v.,取代；替换；放回
replacement,n.,更换；替代品
reporter,n.,记者；通讯员
represent,v.,代表；象征；表现
representation,n.,代表；表现；陈述
representative,adj.,有代表性的
representative,n.,代表
reproduce,v.,繁殖；复制
reproduction,n.,繁殖；复制品
republic,n.,共和国
reputation,n.,声誉；名声
request,n.,请求；要求
request,v.,请求；要求
requirement,n.,要求；必要条件
rescue,n.,营救；救援
rescue,v.,营救；救援
researcher,n.,研究员；研究人员
resemble,v.,与…相像；类似
resent,v.,憎恨；怨恨
reservation,n.,预订；预约；保留意见
reserve,n.,储备；预备队；自然保护区
reserve,v.,预订；保留
reserved,adj.,内向的；寡言的；预订的
reside,v.,居住；在于
resident,adj.,常驻的；居住的
resident,n.,居民；住户
residential,adj.,住宅的；居住的
residents,n.,居民；住户
resign,n.,辞职
resign,v.,辞职；放弃
resist,n.,抗蚀剂
resist,v.,抵抗；抵制；忍住
resistance,n.,抵抗；阻力；电阻
resistant,adj.,抵抗的；耐…的
resistant,n.,抵抗者
resolution,n.,决议；决心；分辨率
resolve,n.,决心；决断力
resolve,v.,解决；下决心；分解
resort,n.,度假胜地；手段；办法
resort,v.,求助于；诉诸
resource,n.,资源；办法
resourceful,adj.,足智多谋的；机智的
respect,n.,尊敬；尊重；方面
respect,v.,尊敬；尊重；遵守
respectable,adj.,体面的；值得尊敬的；相当大的
respectful,adj.,恭敬的；尊重的
respective,adj.,各自的
respectively,adv.,分别地；各自地
respond,v.,回应；回答；作出反应
respondent,n.,回答者；受访者；被告
response,n.,回应；反应；回答
responsibility,n.,责任；职责
responsible,adj.,负责的；有责任的
responsive,adj.,反应迅速的；积极响应的
rest,v.,休息；搁置；依赖
restoration,n.,修复；恢复
restore,v.,恢复；修复；归还
restrain,v.,抑制；克制；阻止
restrict,v.,限制；约束
restriction,n.,限制；约束
restrictive,adj.,限制性的
resume,n.,简历
resume,v.,重新开始；继续
retail,adj.,零售的
retail,adv.,以零售方式
retail,n.,零售
retail,v.,零售
retailer,n.,零售商
retain,v.,保留；保持
retention,n.,保留；记忆力
retire,v.,退休；退役
retired,adj.,退休的
retirement,n.,退休；退役
retreat,n.,撤退；静修处
reunion,n.,重聚；团聚
reveal,v.,揭露；透露；显示
revenue,n.,收入；收益；税收
reversal,n.,逆转；反转；撤销
reverse,adj.,相反的；反面的
reverse,n.,相反；反面；倒车档
reverse,v.,倒转；倒车；撤销
revise,v.,修订；修改；复习
revision,n.,修订；修改；复习
revolution,n.,革命；巨变
revolve,v.,旋转；围绕
reward,n.,奖励；报酬
reward,v.,奖励；奖赏
rewarding,adj.,有回报的；值得做的
rhythm,n.,节奏；韵律
rhythmic,adj.,有节奏的
rib,n.,肋骨；排骨
rib,v.,开玩笑；戏弄
ribbon,n.,丝带；缎带
ribbon,v.,用丝带装饰；形成带状
riddle,n.,谜语；谜
riddle,v.,使布满窟窿；解谜
ridiculous,adj.,可笑的；荒谬的
riot,n.,暴乱；骚乱
riot,v.,参与暴乱
riot,v.,浪费
ripe,adj.,成熟的
ripe,v.,搜查
ripen,v.,（使）成熟
rival,n.,对手；竞争者
rival,v.,与…竞争；比得上
roar,n.,吼叫声；轰鸣声
roar,v.,吼叫；咆哮；轰鸣
roast,adj.,烤的
roast,n.,烤肉
roast,v.,烤
rob,v.,抢劫
robotic,adj.,机器人的；像机器人的
rocket,v.,飞速上升；猛涨
rocky,adj.,多岩石的；不稳定的
rod,n.,杆；棒
role,n.,角色；作用
roller,n.,滚筒；滚轴
romance,n.,浪漫史；爱情故事
romantic,adj.,浪漫的；不切实际的
romantic,n.,浪漫的人
romantic,v.,使浪漫化
roof,n.,屋顶；顶部
roof,v.,给…盖屋顶
rosy,adj.,玫瑰色的；乐观的
rough,adj.,粗糙的；大概的；粗暴的
rough,adv.,粗暴地
rough,n.,草稿；艰苦
rough,v.,草拟；粗暴对待
roughly,adv.,大概；大约
rouse,n.,唤醒
rouse,v.,唤醒；激起
route,n.,路线；路径
routine,adj.,常规的；例行的
routine,n.,常规；例行公事
royal,adj.,皇家的；王室的
royal,n.,王室成员
royalty,n.,王室；版税
rub,n.,摩擦；难题
rub,v.,擦；摩擦；揉
ruin,n.,毁灭；废墟
ruin,v.,毁坏；破坏
runner,n.,跑步者；长条地毯
running,adj.,连续的；流动的；运行中的
running,n.,跑步；运营；管理
runway,n.,（机场）跑道；（时装）T台
rural,adj.,农村的；乡村的
sack,n.,麻袋；解雇
sack,v.,解雇；开除
sacrifice,n.,牺牲；祭品
sacrifice,v.,牺牲；献出
sailing,adj.,航行的
sailing,n.,帆船运动；航行
sailing,v.,航行（进行时）
sake,n.,缘故；理由；日本清酒
salary,n.,薪水；工资
salary,v.,给…发薪水
sale,n.,销售；特价；大减价
sample,adj.,样品的
sample,n.,样品；样本
sample,v.,品尝；体验；抽样
satellite,n.,卫星
satisfaction,n.,满意
satisfactory,adj.,令人满意的
saving,adj.,节约的；节省的
saving,n.,节约；存款
saving,prep.,除了
scale,n.,规模；等级；刻度；鳞片；天平
scale,v.,攀登；测量；刮鳞
scan,n.,扫描；浏览
scan,v.,扫描；浏览
scandal,n.,丑闻
scanner,n.,扫描仪
scar,n.,疤痕；伤痕
scar,v.,留下疤痕
scarce,adj.,稀缺的；罕见的
scarcely,adv.,几乎不；简直不
scare,n.,惊吓；恐慌
scare,v.,吓；惊吓
scary,adj.,可怕的；吓人的
scatter,v.,使分散；撒；散播
scene,n.,场景；景色；（戏剧、电影的）一场
scenery,n.,风景；景色；舞台布景
scenic,adj.,风景优美的
scenic,n.,风景照片
scent,n.,气味；香味；香水
schedule,n.,时间表；日程；计划
schedule,v.,安排；预定
scheme,n.,计划；方案；阴谋
scheme,v.,密谋；策划
scholar,n.,学者
scholarship,n.,奖学金；学问
schooling,n.,学校教育
scold,v.,责骂；斥责
scope,n.,范围；余地
scope,v.,审视；仔细看
scratch,adj.,临时的；仓促的
scratch,n.,抓痕；刮痕；起跑线
scratch,v.,抓；挠；刮
scream,n.,尖叫声
scream,v.,尖叫
seal,v.,密封；盖章
secondary,adj.,次要的；中学的
secondary,n.,次要人物或事物
section,n.,部分；部门；章节；区域
section,v.,把…分段；切片
sector,n.,部门；行业；区域
secure,adj.,安全的；稳固的
secure,v.,保护；确保；获得
security,adj.,安全的
security,n.,安全；保安；证券
seed,n.,种子；起因
seed,v.,播种；结籽
seemingly,adv.,表面上；似乎
segment,n.,部分；片段
segment,v.,分割
select,adj.,精选的
select,v.,选择；挑选
selection,n.,选择；精选品
selective,adj.,有选择性的；精挑细选的
selfish,adj.,自私的
selfless,adj.,无私的
seminar,n.,研讨会；讲座
senior,adj.,年长的；高级的；资深的
senior,n.,年长者；上司；高年级学生
sensible,adj.,明智的；合理的；能感觉到的
sensitive,adj.,敏感的；体贴的；易受影响的
sensor,n.,传感器
sequence,n.,顺序；次序；一系列
sequence,v.,按顺序排列
series,n.,系列；连续；一连串
servant,n.,仆人；佣人；公务员
session,n.,一段时间；会议；学期
setback,n.,挫折；退步
setting,n.,环境；背景；（机器）设定
setting,v.,设置（进行时）
settle,n.,（有高背和扶手的）长凳
settle,v.,解决；定居；安顿；支付
settlement,n.,协议；解决；定居点
severe,adj.,严重的；严厉的；剧烈的
shade,n.,阴凉处；色度；遮光物
shade,v.,遮蔽；使阴暗；画阴影
shadow,adj.,影子的；非正式的
shadow,n.,影子；阴影
shadow,v.,尾随；跟踪；笼罩
sharp,adj.,锋利的；尖的；急剧的；敏锐的
sharp,adv.,准时地；突然地
sharp,n.,高音符号；骗子
sharp,v.,提高半音
sharpen,v.,（使）变锋利；削尖
shave,n.,刮脸；剃须
shave,v.,刮；剃
shed,n.,小屋；棚
shed,v.,脱落；流出；摆脱
sheer,adj.,完全的；纯粹的；陡峭的；薄的
sheer,adv.,陡峭地；完全地
sheer,n.,透明薄织物
sheer,v.,偏航；急转
sheet,n.,床单；一张（纸）；薄片
shelf,n.,架子；搁板
shell,n.,壳；外壳；炮弹
shelter,n.,庇护所；避难所
shelter,v.,庇护；躲避
shift,n.,轮班；转变；移动
shift,v.,转移；改变；换挡
shiny,adj.,有光泽的；闪亮的
shipment,n.,装运；装载的货物
shipping,n.,运输；航运
shock,adj.,浓密的
shock,v.,使震惊；使休克
shoot,n.,射击；嫩芽；拍摄
shoot,v.,射击；拍摄；发芽
shore,n.,岸；滨
shore,v.,支撑
shortage,n.,短缺；不足
shortly,adv.,不久；马上；简短地
shot,adj.,用完的；筋疲力尽的
shot,n.,射击；子弹；镜头；一杯（酒）
shot,v.,射击（shoot的过去式和过去分词）
shrink,n.,收缩；精神科医生
shrink,v.,（使）收缩；缩小；退缩
shuttle,n.,穿梭巴士；航天飞机
shuttle,v.,穿梭往返
sideways,adv.,向侧面地；斜着
sightseeing,adj.,观光的
sightseeing,n.,观光；游览
sightseeing,v.,观光（进行时）
signal,n.,信号；标志
signal,v.,发信号；示意
signature,n.,签名；署名
significance,n.,重要性；意义
significant,adj.,重要的；显著的；有意义的
significant,n.,有意义的事物
silicon,n.,硅
similarity,n.,相似性；相似之处
simplicity,n.,简单；朴素
simplify,v.,简化
simply,adv.,简单地；仅仅；简直
sin,n.,罪；罪过
sin,v.,犯罪
sincere,adj.,真诚的；诚挚的
singular,adj.,单数的；非凡的；奇怪的
sink,n.,水槽；洗手盆
sink,v.,（使）下沉；沉没
site,n.,地点；位置；网站
site,v.,使坐落于；设置
sitting,adj.,坐着的；在任的
sitting,n.,开会；就座
situate,v.,使位于；使处于
skating,n.,溜冰；滑冰
skating,v.,溜冰（进行时）
skeleton,n.,骨骼；骨架；框架
sketch,n.,素描；草图；梗概
sketch,v.,画素描；概述
ski,adj.,滑雪用的
ski,n.,滑雪板
ski,v.,滑雪
skiing,n.,滑雪；滑雪运动
skillful,adj.,熟练的；有技巧的
skin,n.,皮肤；外皮
skin,v.,剥皮；愈合
skip,n.,跳过；跳跃
skip,v.,跳过；不做（某事）；跳绳
skyscraper,n.,摩天大楼
slave,n.,奴隶
slave,v.,苦干
slavery,n.,奴隶制；奴役
sleeve,n.,袖子
slender,adj.,苗条的；细长的；微小的
slice,n.,薄片；一份
slice,v.,切（成片）
slide,n.,滑动；幻灯片；滑梯
slide,v.,滑动；下滑；悄悄放置
slight,adj.,轻微的；微小的
slight,n.,轻视；怠慢
slight,v.,轻视；怠慢
slightly,adv.,轻微地；稍微
slim,adj.,苗条的；渺茫的
slim,v.,减肥；变苗条
slip,abbr.,串行线路接口协议
slip,adj.,滑动的
slip,n.,滑倒；差错；纸条
slip,v.,滑倒；溜走；悄悄塞给
slippery,adj.,滑的；狡猾的
slogan,n.,口号；标语
slope,n.,斜坡；斜度
slope,v.,倾斜
smash,adj.,了不起的；轰动的
smash,n.,破碎声；猛击；大成功
smash,v.,打碎；猛撞；粉碎
snack,n.,零食；小吃
snack,v.,吃零食
so,pron.,这样
soap,v.,用肥皂洗
sociable,adj.,好交际的；友善的
socialize,v.,社交；交往
sociologist,n.,社会学家
sociology,n.,社会学
soda,n.,苏打水；汽水
soften,v.,（使）变软；（使）缓和
software,n.,软件
soil,n.,土壤；土地
soil,v.,弄脏
solar,adj.,太阳的；太阳能的
solar,n.,日光浴室
soldier,v.,当兵；坚持
solely,adv.,仅仅；唯一地
solemn,adj.,庄严的；严肃的
solution,n.,解决方案；溶液；答案
solvent,adj.,有偿付能力的
solvent,n.,溶剂
some,adj.,一些；有些
somehow,adv.,不知何故；以某种方式
somewhat,adv.,有点；稍微
sophisticated,adj.,复杂的；精致的；见多识广的
sore,adj.,疼痛的；酸痛的
sore,n.,痛处；疮
sorrow,n.,悲伤；伤心事
sorrow,v.,感到悲伤
sort,n.,种类；类别
sort,v.,分类；整理
soul,n.,灵魂；心灵
sour,adj.,酸的；变馊的
sour,v.,（使）变酸；（使）变坏
source,n.,来源；源头
southeast,adv.,向东南
southwest,adj.,西南的
southwest,adv.,向西南
southwest,n.,西南
souvenir,n.,纪念品；手信
spacecraft,n.,宇宙飞船；航天器
spaceship,n.,宇宙飞船
spacious,adj.,宽敞的
span,n.,跨度；范围；一段时间
span,v.,跨越；持续
spark,n.,火花；导火索
spark,v.,引发；触发；冒火花
specialist,adj.,专家的
specialist,n.,专家；专科医生
specialization,n.,专业化
specialize,v.,专门从事；专攻
species,n.,物种；种类
specific,adj.,具体的；特定的；明确的
specific,n.,特效药；详情
specification,n.,规格；说明书
specify,v.,具体说明；明确规定
specimen,n.,样本；标本
speculation,n.,推测；投机
speedy,adj.,快速的；迅速的
spelling,n.,拼写
spending,n.,花费；开销
spill,n.,溢出物
spill,v.,（使）溢出；（使）洒出
spin,n.,旋转
spin,v.,（使）旋转；纺纱
spiritual,adj.,精神的；心灵的
spite,n.,恶意；怨恨
spite,v.,刁难；故意使烦恼
splendid,adj.,极好的；壮丽的；辉煌的
split,n.,裂缝；分歧；分裂
split,v.,（使）裂开；（使）分开；分担
spoil,n.,战利品
spoil,v.,宠坏；破坏；（食物）变质
spokesperson,n.,发言人
sponsor,n.,赞助商；发起人
sponsor,v.,赞助；发起
sponsorship,n.,赞助
spontaneous,adj.,自发的；自然的
sportsman,n.,运动员
spot,adj.,现场的；现货的
spot,adv.,恰好；准确地
spot,n.,斑点；地点；污渍
spot,v.,发现；认出；弄脏
spouse,n.,配偶
spray,n.,喷雾；喷剂
spray,v.,喷；喷洒
spur,n.,激励；马刺
spur,v.,激励；促进
spy,n.,间谍
spy,v.,侦察；窥探；发现
squeeze,n.,挤压；紧缺
squeeze,v.,挤；压榨；塞入
stability,n.,稳定性；稳定
stabilize,v.,（使）稳定
stable,adj.,稳定的；稳固的
stable,n.,马厩
stack,n.,一堆；烟囱；（计算机）堆栈
stack,v.,堆放；堆积
staff,adj.,职员的
staff,n.,员工；全体职员；杖
staff,v.,为…配备职员
stage,n.,舞台；阶段；时期
stage,v.,上演；举办；策划
stain,n.,污渍；污点
stain,v.,弄脏；染色
stainless,adj.,无瑕疵的；不锈的
stair,n.,（一级）楼梯
staircase,n.,楼梯
stake,n.,赌注；利害关系；桩
stake,v.,下赌注；用桩支撑
stale,adj.,不新鲜的；陈腐的
staple,adj.,主要的
staple,n.,主要产品；订书钉；主食
staple,v.,用订书机钉
stare,n.,凝视
stare,v.,盯着看；凝视
starter,n.,开胃菜；起动机；发令员
startle,v.,使吓一跳；使惊奇
starvation,n.,饥饿；饿死
starve,v.,挨饿；饿死
statement,n.,声明；陈述；账单；报表
stationary,adj.,静止的；固定的
statistic,n.,统计数值
statistical,adj.,统计的；统计学的
status,n.,地位；身份；状态
steadily,adv.,稳定地；持续地
steady,adj.,稳定的；平稳的
steady,v.,（使）稳定
steak,n.,牛排；肉排
steam,adj.,蒸汽的
steam,n.,蒸汽；水汽
steam,v.,蒸；冒蒸汽
steel,n.,钢；钢铁
steep,adj.,陡峭的；急剧的；价格过高的
steep,v.,浸泡
steer,v.,驾驶；引导；掌舵
stem,n.,（植物的）茎；词干；（问题）根源
stem,v.,源于；阻止
sticky,adj.,粘的；棘手的
stiff,adj.,僵硬的；硬的；拘谨的
stimulate,v.,刺激；激励；促进
stimulation,n.,刺激；激励
stimulus,n.,刺激；促进因素
sting,n.,刺痛；蜇伤
sting,v.,叮；蜇；刺痛
stir,n.,搅拌；骚动；轰动
stir,v.,搅拌；激起；走动
stock,adj.,常备的；陈腐的
stock,n.,库存；股票；股份；高汤
stock,v.,储存；备货
stocking,n.,长袜
stony,adj.,多石的；冷酷的
storage,n.,储存；仓库；存储空间
stormy,adj.,有暴风雨的；激烈的
stove,n.,火炉
straightforward,adj.,简单的；坦率的
strain,n.,压力；紧张；拉伤；品种
strain,v.,拉伤；使紧张；过滤；竭力
strap,n.,带子
strap,v.,用带捆绑
strategic,adj.,战略的
straw,n.,吸管；稻草
stream,n.,小溪；人流；数据流
stream,v.,流动；涌入
strength,n.,力量；实力；优点
strengthen,v.,加强；巩固
stress,v.,强调；着重
stressful,adj.,压力大的；紧张的
stretch,n.,伸展；一片（区域）；一段时间
stretch,v.,伸展；拉长；延伸
strike,n.,罢工；打击；袭击
strike,v.,打击；罢工；侵袭；给…印象
striking,adj.,引人注目的；显著的
string,n.,绳子；线；一串；琴弦
strip,n.,条；带；脱衣舞
strip,v.,剥去；脱掉（衣服）
stripe,n.,条纹
stripe,v.,加条纹于
strive,v.,努力；奋斗
stroke,n.,中风；击打；笔画；抚摸
stroke,v.,抚摸
structural,adj.,结构的；结构上的
structure,n.,结构；构造；建筑物
struggle,n.,斗争；挣扎；努力
struggle,v.,挣扎；努力；奋斗
studio,n.,工作室；录音室；单间公寓
stuff,n.,东西；物品；材料
stuff,v.,填满；塞满
stuffy,adj.,闷热的；不通风的；古板的
style,n.,风格；款式；方式
style,v.,设计；称呼
stylish,adj.,时髦的；有格调的
subjective,adj.,主观的
submission,n.,提交；服从；投降
submit,v.,提交；服从；建议
subsequent,adj.,随后的；后来的
substance,n.,物质；实质；主旨
substantial,adj.,大量的；实质的；重要的
substitute,n.,代替品；替补队员
substitute,v.,代替；替换
substitution,n.,代替；替换
subtract,v.,减去
suburb,n.,郊区
suburban,adj.,郊区的
succession,n.,继承；连续；一连串
successive,adj.,连续的；相继的
suck,v.,吸；吮；糟糕
suffer,v.,遭受；受苦；患病
suffering,n.,痛苦；苦难
sufficient,adj.,足够的；充分的
suit,n.,套装；西装；诉讼
suit,v.,适合；合身
suitable,adj.,合适的；适宜的
suitcase,n.,手提箱；行李箱
summarize,v.,总结；概括
summary,adj.,概括的；简略的
summary,n.,摘要；总结
summit,n.,顶峰；峰会；最高级会议
sunlight,n.,日光；阳光
sunrise,n.,日出
sunshine,n.,阳光
superb,adj.,极好的；卓越的
superficial,adj.,表面的；肤浅的
superior,adj.,上级的；优越的；更好的
superior,n.,上级；长官
supervise,v.,监督；管理；指导
supervision,n.,监督；管理
supervisor,n.,主管；监督人
supplementary,adj.,补充的；附加的
supplier,n.,供应商
supply,n.,供应；供给品
supporter,n.,支持者；拥护者
supportive,adj.,支持的；鼓励的
supreme,adj.,最高的；至高无上的
surfing,n.,冲浪；上网
surge,n.,猛增；汹涌
surge,v.,猛增；汹涌
surgery,n.,外科手术；诊所
surplus,adj.,剩余的；过剩的
surplus,n.,剩余；盈余；顺差
surrender,n.,投降；放弃
surrender,v.,投降；放弃
surround,v.,包围；环绕
surroundings,n.,环境；周围
survey,n.,调查；勘测；民意调查
survey,v.,调查；审视；勘测
survival,n.,生存；幸存
survive,v.,幸存；活下来；比…活得长
survivor,n.,幸存者
suspect,adj.,可疑的
suspect,n.,嫌疑人
suspect,v.,怀疑；猜想
suspend,v.,暂停；悬挂；停职；延缓
suspension,n.,暂停；停职；悬挂
suspicion,n.,怀疑；嫌疑
suspicious,adj.,可疑的；多疑的
sustain,v.,维持；支撑；遭受
sustainability,n.,可持续性
sustainable,adj.,可持续的
swallow,n.,燕子；吞咽
swallow,v.,吞咽；忍受
sway,n.,摇摆；影响；支配
sway,v.,（使）摇摆；影响；说服
swear,v.,发誓；说脏话
sweat,n.,汗水；汗
sweat,v.,出汗；流汗
sweep,n.,打扫；席卷；挥动
sweep,v.,打扫；席卷；扫视
swell,adj.,极好的；了不起的
swell,n.,肿胀；（海浪）涌动
swell,v.,肿胀；膨胀；增加
swift,adj.,迅速的；敏捷的
swift,n.,雨燕
swing,n.,摇摆；秋千；波动
swing,v.,（使）摇摆；（使）旋转
switch,n.,开关；转换；变化
switch,v.,转换；切换；打开/关闭（开关）
sword,n.,剑；刀
symbolic,adj.,象征性的
sympathetic,adj.,有同情心的；赞同的
sympathy,n.,同情；同情心
symptom,n.,症状；征兆
system,n.,系统；制度；体系；方法
tablet,n.,药片；平板电脑
tackle,n.,用具；滑车；（橄榄球）擒抱
tackle,v.,处理；解决；（橄榄球）擒抱
tag,n.,标签；附加语
tag,v.,加标签于；紧随
take,n.,看法；一次拍摄；捕获量
take,v.,拿；取；花费；乘坐；接受；拍照
tale,n.,故事；传说
talent,n.,天赋；才能；人才
talented,adj.,有天赋的；有才能的
talkative,adj.,健谈的；多话的
tame,adj.,驯服的；温顺的；平淡的
tame,v.,驯服；控制
tangible,adj.,有形的；可触摸的；明确的
tank,n.,坦克；箱；罐
tap,n.,水龙头；轻拍
tap,v.,轻拍；开发；利用
target,n.,目标；靶子
target,v.,把…作为目标
tasty,adj.,美味的；可口的
tax,n.,税；税款
tax,v.,征税；使负重担
taxation,n.,税收；征税
teacher,n.,老师；教师
teaching,n.,教学；教诲
tech,n.,技术；科技
technical,adj.,技术的；工艺的；专业的
technician,n.,技术员；技师
technique,n.,技术；技巧；手法
tedious,adj.,沉闷的；乏味的
telescope,n.,望远镜
telescope,v.,（使）叠套缩短
telling,adj.,有力的；说明问题的
temper,n.,脾气；情绪
temper,v.,使缓和；使回火
temporary,adj.,临时的；暂时的
temporary,n.,临时工
tend,v.,倾向于；趋向；照顾
tendency,n.,趋势；倾向
tender,adj.,温柔的；嫩的；脆弱的
tender,n.,投标；煤水车
tender,v.,投标；提供
tension,n.,紧张；张力；拉力
tent,n.,帐篷
terminal,adj.,终点的；末期的；晚期的
terminal,n.,航站楼；终点站；终端
terribly,adv.,非常；很；可怕地
terrific,adj.,极好的；了不起的
terrify,v.,使恐惧；吓唬
territory,n.,领土；领域；地盘
terror,n.,恐惧；恐怖；恐怖事件
textbook,n.,教科书；课本
that,adv.,那么；那样
that,pron.,那个；那样
theft,n.,盗窃；偷窃
theoretical,adj.,理论上的
therapist,n.,治疗师
therapy,n.,治疗；疗法
thereby,adv.,因此；从而
thesis,n.,论文；论点
thoughtful,adj.,体贴的；深思的
thread,n.,线；思路；线索
thread,v.,穿线；穿过
threat,n.,威胁；恐吓
threaten,v.,威胁；恐吓
thrive,v.,繁荣；茁壮成长
throughout,adv.,自始至终；到处
throughout,prep.,遍及；贯穿
thrust,n.,推力；要点；猛推
thrust,v.,猛推；刺；插入
thumb,n.,拇指
thumb,v.,用拇指翻阅；竖起拇指（搭车）
thunder,n.,雷；雷声
thunder,v.,打雷；吼叫
thus,adv.,因此；这样
tick,n.,勾号；（钟表）滴答声；蜱虫
tide,n.,潮汐；潮流
tight,adj.,紧的；密封的；严格的
tight,adv.,紧紧地
timber,n.,木材；木料
timely,adj.,及时的；适时的
timing,n.,时机掌握；定时
tin,adj.,锡制的
tin,n.,锡；罐头盒
tip,n.,尖端；小费；提示；建议
tip,v.,给小费；（使）倾斜；轻击
tire,n.,轮胎
tire,v.,（使）疲劳；（使）厌倦
tissue,n.,纸巾；（生物）组织
title,n.,标题；头衔；冠军；所有权
title,v.,加标题于；授予头衔
to,adv.,向前
to,prep.,向；到；给
tobacco,n.,烟草；烟叶
token,adj.,象征性的
token,n.,代币；象征；记号
tolerance,n.,容忍；宽容；公差
tolerant,adj.,宽容的；容忍的
tolerate,v.,容忍；忍受
toll,n.,通行费；伤亡人数；代价
toll,v.,（缓慢而有规律地）敲钟
tone,n.,语气；音调；色调；风格
tongue,n.,舌头；语言
torch,n.,手电筒；火炬
torture,n.,折磨；拷问；痛苦
torture,v.,折磨；拷问
tough,adj.,困难的；坚韧的；强硬的
tough,n.,暴徒；恶棍
tourism,n.,旅游业
trace,n.,痕迹；踪迹；微量
trace,v.,追踪；追溯；描摹
track,n.,轨道；跑道；踪迹；小路
track,v.,追踪；跟踪
tractor,n.,拖拉机
tradition,n.,传统；惯例
tragic,adj.,悲剧的；悲惨的
trail,n.,小径；踪迹；痕迹
trail,v.,追踪；拖；（植物）蔓生
trailer,n.,预告片；拖车
trainee,n.,受训者；实习生
trainer,n.,教练；运动鞋
transaction,n.,交易；业务
transfer,n.,转移；转让；换乘
transfer,v.,转移；转让；换乘
transform,v.,改变；转换
transformation,n.,转变；转型
transit,n.,运输；中转；经过
translation,n.,翻译；译文
translator,n.,翻译；译者
transmission,n.,传播；传送；变速器
transmitter,n.,发射机；传播者
transplant,n.,移植（手术）
transplant,v.,移植
transport,n.,运输；交通工具
transport,v.,运输
transportation,n.,运输；交通
trap,n.,陷阱；圈套；困境
trap,v.,设陷阱捕捉；使陷入困境
trash,n.,垃圾；废物
trash,v.,丢弃；搞砸
tray,n.,托盘
treaty,n.,条约；协定
tremble,v.,颤抖；摇晃
tremendous,adj.,巨大的；极好的
trend,n.,趋势；潮流
trend,v.,趋向
trial,adj.,试验的；审讯的
trial,n.,试验；审判；考验
tribute,n.,贡品；称赞；悼念
trick,n.,诡计；诀窍；戏法
trick,v.,欺骗；哄骗
tricky,adj.,棘手的；狡猾的
trigger,n.,扳机；诱因
trigger,v.,触发；引起
triumph,n.,胜利；巨大成就
triumph,v.,获胜；取得成功
troop,n.,部队；一群
troop,v.,成群结队地走
troublesome,adj.,麻烦的；讨厌的
truly,adv.,真正地；真诚地
truthful,adj.,诚实的；真实的
trying,adj.,难熬的；令人厌烦的
tube,n.,管子；地铁；电视
tuition,n.,学费；教学
tune,n.,曲调；协调
tune,v.,调音；调整
tunnel,n.,隧道；地道
tunnel,v.,挖隧道
uneasy,adj.,不安的；不自在的
union,n.,工会；联盟；联合
unique,adj.,独特的；独一无二的
unite,v.,联合；团结
universal,adj.,普遍的；通用的；全世界的
universe,n.,宇宙
up,adv.,向上；起床；涨价
update,v.,更新
upgrade,v.,升级；提升
upper,adj.,上面的；较高的
upright,adj.,直立的；正直的
upset,adj.,心烦的；不安的
upset,n.,烦恼；（意外的）失败
upset,v.,使心烦；打乱；打翻
upstairs,adv.,在楼上；往楼上
upward,adv.,向上
urban,adj.,城市的；都市的
urbanization,n.,城市化
urge,n.,强烈的欲望；冲动
urge,v.,敦促；力劝
urgency,n.,紧急；迫切
urgent,adj.,紧急的；急迫的
usage,n.,用法；使用；惯例
useless,adj.,无用的
user,n.,用户；使用者
utility,n.,公用事业；效用；实用
utilize,v.,利用
utter,adj.,完全的；彻底的
utter,v.,说出；发出（声音）
vacancy,n.,空缺；空位；空虚
vacant,adj.,空的；空缺的；茫然的
vacuum,n.,真空；吸尘器
vacuum,v.,用吸尘器打扫
vague,adj.,模糊的；不明确的
vain,adj.,徒劳的；虚荣的
valid,adj.,有效的；有根据的；正当的
validate,v.,验证；使生效
valley,n.,山谷；谷
van,n.,厢式货车；面包车
vanish,v.,消失
variable,adj.,可变的；易变的
variable,n.,变量；可变因素
variation,n.,变化；变动；变体
variety,n.,多样性；种类
various,adj.,各种各样的；不同的
vary,v.,变化；不同
vast,adj.,巨大的；广阔的
vegetarian,adj.,素食的
vegetarian,n.,素食者
vehicle,n.,车辆；交通工具；媒介
venture,n.,风险项目；冒险
venture,v.,冒险；敢于
verbal,adj.,口头的；言语的
verify,v.,验证；核实
version,n.,版本；说法
versus,prep.,对；对抗
vertical,adj.,垂直的；纵向的
vessel,n.,船；容器；血管
veteran,n.,老兵；经验丰富的人
via,prep.,经由；通过
victim,n.,受害者；牺牲品
victimize,v.,使受害；迫害
vigor,n.,精力；活力
vigorous,adj.,精力充沛的；有力的
violate,v.,违反；侵犯
violation,n.,违反；侵犯
violence,n.,暴力；暴行
violent,adj.,暴力的；猛烈的
virtual,adj.,虚拟的；事实上的
virtually,adv.,几乎；事实上
virtue,n.,美德；优点
virtuous,adj.,品德高尚的；正直的
virus,n.,病毒
visa,n.,签证
visibility,n.,能见度
visible,adj.,可见的；明显的
vision,n.,视力；视野；远见；幻象
visual,adj.,视觉的
vital,adj.,至关重要的；充满活力的
vitamin,n.,维生素；维他命
vivid,adj.,生动的；鲜艳的
vocabulary,n.,词汇；词汇量
vocational,adj.,职业的
volcanic,adj.,火山的
volcano,n.,火山
voltage,n.,电压
volume,n.,体积；容量；音量；卷；册
voluntary,adj.,自愿的；志愿的
volunteer,n.,志愿者；义工
volunteer,v.,自愿做；主动提供
vote,n.,投票；选票；表决
vote,v.,投票；选举
voter,n.,投票人；选民
voyage,n.,航行；航程
voyage,v.,航行
vulnerability,n.,脆弱性；弱点
vulnerable,adj.,脆弱的；易受攻击的
wage,n.,工资（通常按周支付）
wage,v.,发动；进行（战争、运动）
waiter,n.,服务员（男性）
waitress,n.,服务员（女性）
wander,v.,漫步；闲逛；走神
warehouse,n.,仓库
warmth,n.,温暖；热情
washing,n.,洗涤；待洗衣物
waste,adj.,废弃的；荒芜的
waste,n.,浪费；废料；垃圾
waterproof,adj.,防水
waterproof,v.,使防水
wave,n.,波浪；挥手；（情感等的）高涨
wave,v.,挥手；（使）波动
wax,n.,蜡
wax,v.,给…上蜡；（月亮）渐圆
weakness,n.,弱点；缺点；软弱
weapon,n.,武器
weary,adj.,疲劳的；厌倦的
weary,v.,（使）疲劳；（使）厌倦
weave,v.,编织；穿行
wed,v.,结婚
wedding,n.,婚礼
weed,n.,杂草；大麻
weed,v.,除草
weekly,adj.,每周的
weekly,adv.,每周一次
weekly,n.,周刊
weep,v.,哭泣；流泪
weird,adj.,奇怪的；怪异的
welfare,n.,福利；幸福；安康
well,adj.,健康的；良好的
well,adv.,好；很好地
well,int.,嗯；好吧
westerner,n.,西方人
whale,n.,鲸
whereas,conj.,然而；鉴于
whichever,pron.,无论哪个
whip,n.,鞭子；（议会）党鞭
whip,v.,鞭打；搅打（奶油、鸡蛋等）
whisper,n.,低语；耳语
whisper,v.,低语；耳语
whistle,n.,口哨；哨子；汽笛声
whistle,v.,吹口哨；吹哨子
widespread,adj.,普遍的；广泛的
widow,n.,寡妇
wilderness,n.,荒野
wildlife,n.,野生动植物
will,v.,将要；愿意
willing,adj.,愿意的；乐意的
wipe,v.,擦；抹
wire,n.,电线；金属丝
wire,v.,接电线；打电报
wireless,adj.,无线的
wireless,n.,无线电；收音机
wisdom,n.,智慧
wit,n.,智慧；风趣；才智
with,prep.,和…一起；用；带有
withdraw,v.,撤回；取款；退出
withdrawal,n.,取款；撤退；收回
witness,n.,目击者；证人；证据
witness,v.,目击；见证
wooden,adj.,木制的；僵硬的
wording,n.,措辞；用语
workforce,n.,劳动力；全体员工
workshop,n.,车间；研讨会
worldwide,adj.,世界范围的
worldwide,adv.,在世界各地
worship,n.,崇拜；敬奉；礼拜
worship,v.,崇拜；敬奉；做礼拜
worthless,adj.,无价值的；没用的
worthwhile,adj.,值得的
worthy,adj.,值得的；值得尊敬的
wrinkle,n.,皱纹
wrinkle,vi.,起皱
wrinkle,v.,使起皱
writer,n.,作家；作者
yearly,adj.,每年的
yearly,adv.,每年
yearly,n.,年刊
yield,n.,产量；收益
yield,v.,产生；屈服；让步
yield,vi.,屈服；让步
yield,vt.,产生；放弃
yoga,n.,瑜伽
youngster,n.,年轻人；少年
youth,n.,青春；青年时期；年轻人
youth,n.,青春；年轻人
zone,n.,区域；地带
