mechanic,n.,技工；维修师傅
well,adj.,健康的
well,adv.,好地
clean,adj.,干净的
clean,v.,打扫
old,adj.,老的；旧的
blue,adj.,蓝色的
case,n.,箱子；情况；案例
employee,n.,员工
middle,n.,中间
where,adv.,在哪里
meat,n.,肉
best,adj.,最好的
China,n.,中国
pad,n.,便签本；垫子
baby,n.,婴儿
dairy,n.,乳品店
cut,v.,切；剪
fashion,n.,时尚
attendant,n.,服务员；侍者
label,n.,标签
back,n.,背部
back,adv.,向后
easy,adj.,容易的
paper,n.,纸；试卷
stale,adj.,不新鲜的
intelligent,adj.,聪明的；有才智的
nuisance,n.,麻烦事；讨厌的人
overtake,v.,超车
overseas,adv.,海外
overseas,adj.,海外的
engineering,n.,工程学
loudly,adv.,大声地
spoil,v.,宠坏；破坏
wooden,adj.,木制的
occasion,n.,场合；时机
amusing,adj.,有趣的；好笑的
sum,n.,总数；金额
determined,adj.,坚决的；有决心的
district,n.,区域；地区
sympathetic,adj.,同情的
complain,v.,投诉；抱怨
honesty,n.,诚实
leap,v.,跳跃
myth,n.,神话
workshop,n.,工作室；车间
simply,adv.,简单地；仅仅
cliff,n.,悬崖
following,adj.,接下来的
inquire,v.,询问
despair,n.,绝望
obviously,adv.,明显地
confine,v.,限制；禁闭
haunt,v.,(鬼魂)出没
smash,v.,打碎
excursion,n.,短途旅行；远足
occasionally,adv.,偶尔
actually,adv.,实际上
mystery,n.,谜；神秘
spark,n.,火花
detect,v.,探测；察觉
excitement,n.,兴奋
explosion,n.,爆炸
rival,n.,对手
blessing,n.,祝福
disguise,n.,伪装
evil,adj.,邪恶的
claim,v.,声称；索取
launch,v.,发射
billion,n.,十亿
faulty,adj.,有故障的
grab,v.,抓住
threaten,v.,威胁
destruction,n.,破坏；毁灭
quantity,n.,数量
root,n.,根
patch,n.,一小块(地)；补丁
invasion,n.,入侵
versus,prep.,对；对抗
wreck,n.,残骸
survey,n.,调查
restore,v.,修复；恢复
colony,n.,殖民地；群体
persistent,adj.,坚持不懈的
confidence,n.,信心
apparently,adv.,显然
criticism,n.,批评
parliament,n.,议会；国会
precaution,n.,预防措施
survivor,n.,幸存者
bulletin,n.,公告；简报
leading,adj.,主要的；领先的
process,v.,加工；处理
disease,n.,疾病
normally,adv.,通常；正常地
entitle,v.,给予…权利；命名
concentration,n.,专注；集中
temper,n.,脾气
machinery,n.,机械
display,n.,展示；陈列
elderly,adj.,年长的
peculiar,adj.,奇怪的；独特的
election,n.,选举
opponent,n.,对手
radical,adj.,激进的
relieve,v.,缓解
extent,n.,程度
gratitude,n.,感激
gardening,n.,园艺
tremendous,adj.,巨大的
drift,v.,漂流
employer,n.,雇主
collapse,v.,倒塌；崩溃
layer,n.,层
lower,v.,降低
chip,n.,薯片；芯片
giant,adj.,巨大的
factor,n.,因素
ladder,n.,梯子
shed,n.,小屋
tone,n.,语气；音调
site,n.,地点；场所
reluctant,adj.,不情愿的
definitely,adv.,肯定地
oblige,v.,迫使；帮忙
trail,n.,踪迹；小径
worship,v.,崇拜；敬奉
classical,adj.,古典的
manual,n.,手册
manual,adj.,手工的；体力的
impatient,adj.,不耐烦的
fire,n.,火
fire,v.,开火；解雇
raid,n.,突袭；搜查
identify,v.,识别；确认
privacy,n.,隐私
fascinate,v.,迷住；深深吸引
mysterious,adj.,神秘的
impact,n.,冲击；影响
tragic,adj.,悲惨的；悲剧的
faint,v.,昏倒
faint,adj.,微弱的
horror,n.,恐惧；恐怖
plunge,v.,投入；跳入
tolerant,adj.,宽容的
professional,adj.,专业的
professional,n.,专业人士
element,n.,元素；要素
opportunity,n.,机会
effective,adj.,有效的
remarkable,adj.,非凡的；显著的
prince,n.,王子
deny,v.,否认
locate,v.,位于；找到
span,n.,跨度
span,v.,横跨
cable,n.,缆绳；电缆
suspend,v.,悬挂；暂停
estimate,v.,估计
estimate,n.,估计
capacity,n.,容量；能力
current,n.,水流；电流
current,adj.,当前的
exhibit,v.,展览
exhibit,n.,展品
dear,adj.,亲爱的；昂贵的
considerable,adj.,相当大的
popularity,n.,受欢迎；流行
fame,n.,名声
bet,v.,打赌
bet,n.,赌注
poverty,n.,贫穷
reveal,v.,揭示；透露
dim,adj.,昏暗的
proceed,v.,继续进行
luxury,n.,奢侈品；奢华
impulse,n.,冲动
skeleton,n.,骨骼；骨架
seemingly,adv.,表面上；似乎
conceal,v.,隐藏
dramatic,adj.,戏剧性的；引人注目的
stack,n.,一堆
stack,v.,堆放
impressive,adj.,令人印象深刻的
vessel,n.,船；容器
era,n.,时代
steer,v.,驾驶；掌舵
exert,v.,施加；运用
sample,n.,样品
devise,v.,设计；想出
capture,v.,捕捉；俘获
manufacturer,n.,制造商
ingredient,n.,成分；原料
anticipate,v.,预期；预料
philosopher,n.,哲学家
priest,n.,牧师；神父
recovery,n.,恢复
overnight,adv.,一夜之间
convention,n.,惯例；大会
conscious,adj.,有意识的；意识到的
invariably,adv.,总是；不变地
routine,n.,常规；例行公事
dump,v.,倾倒；丢弃
item,n.,项目；物品
series,n.,一系列
suburb,n.,郊区
learner,n.,学习者；初学者
confusion,n.,混乱；困惑
junk,n.,垃圾；废品
dealer,n.,商人
cherish,v.,珍爱
mere,adj.,仅仅的
interference,n.,干涉
accord,n.,协议；一致
convert,v.,转换
fireplace,n.,壁炉
chip,v.,削下；凿下
emerge,v.,出现
incredible,adj.,难以置信的
acquaint,v.,使熟悉
odd,adj.,奇怪的；奇数的
lodge,v.,寄宿；提出(投诉)
complaint,n.,投诉；抱怨
triumph,n.,胜利
steadily,adv.,稳定地
solely,adv.,仅仅；唯一地
clue,n.,线索
shed,v.,脱落；流出
phase,n.,阶段
underestimate,v.,低估
stretch,n.,一段路程
stretch,v.,伸展
obstacle,n.,障碍
renew,v.,更新；续期
crack,n.,裂缝
crack,v.,裂开
halt,v.,停止
halt,n.,停止
grant,v.,授予；同意
illusion,n.,幻觉；错觉
breed,v.,繁殖；饲养
virtually,adv.,几乎；事实上
misery,n.,痛苦；悲惨
undertaking,n.,任务；事业
flaw,n.,瑕疵；缺陷
distinguished,adj.,杰出的；著名的
stuffy,adj.,闷热的
rhythm,n.,节奏
exhaust,v.,使筋疲力尽
exhaust,n.,废气
civilize,v.,使文明
soar,v.,翱翔；高飞
landscape,n.,风景
democratic,adj.,民主的
restrict,v.,限制
exclusive,adj.,独家的；排外的
commodity,n.,商品
ignorance,n.,无知
publication,n.,出版物；发表
leisure,n.,休闲
keen,adj.,热衷的；敏锐的
advisory,adj.,咨询的
consumer,n.,消费者
assemble,v.,组装；集合
outlet,n.,出口；专卖店
creative,adj.,有创造力的
resourceful,adj.,足智多谋的
sheer,adj.,完全的；陡峭的
overwhelm,v.,压倒；淹没
profound,adj.,深刻的
mobile,adj.,可移动的
hostile,adj.,敌对的
peer,v.,凝视
invisible,adj.,看不见的
enlightened,adj.,开明的
resolution,n.,决心；决议
accomplishment,n.,成就
scheme,n.,计划；方案
ambitious,adj.,有野心的
frame,n.,框架
technician,n.,技术员
diagnose,v.,诊断
repetitive,adj.,重复的
prompt,v.,促使
prompt,adj.,迅速的
exclusive,adj.,独家的
evolve,v.,进化；发展
qualified,adj.,有资格的
alter,v.,改变
accusation,n.,指控
colony,n.,群体；殖民地
generate,v.,产生
particle,n.,粒子；微粒
realm,n.,领域；王国
overtake,v.,超过
occurrence,n.,发生；事件
proportion,n.,比例；部分
critical,adj.,关键的；批评的
comprehensive,adj.,全面的
territory,n.,领土
horizon,n.,地平线
intruder,n.,入侵者
fingerprint,n.,指纹
discard,v.,丢弃
sketch,n.,素描；草图
relaxation,n.,放松
verify,v.,核实；证实
bearing,n.,关系；举止
rural,adj.,农村的
intellectual,adj.,智力的
intellectual,n.,知识分子
coordinate,v.,协调
fraction,n.,小部分；分数
flourish,v.,繁荣；茂盛
legend,n.,传说
boast,v.,吹牛；夸耀
commission,v.,委托；委任
glorious,adj.,光荣的；辉煌的
rub,n.,困难；障碍
suburban,adj.,郊区的
contest,n.,比赛；竞赛
competitive,adj.,有竞争力的；好胜的
grace,n.,优雅；恩典
eliminate,v.,消除；淘汰
device,n.,设备；装置
assemble,v.,集合；组装
episode,n.,一集；一段经历
silicon,n.,硅
chip,n.,芯片；薯片
thrive,v.,茁壮成长；繁荣
constitute,v.,构成；组成
increasingly,adv.,越来越
obligation,n.,义务；责任
facilitate,v.,促进；使便利
deteriorate,v.,恶化
inquiry,n.,询问；调查
process,n.,过程
impose,v.,强加
luxury,n.,奢侈；奢侈品
deprive,v.,剥夺
belly,n.,腹部；肚子
crack,v.,猛击；使破裂
disorder,n.,混乱；失调
implication,n.,含义；牵连
code,n.,法规；准则；密码
morality,n.,道德
compound,v.,使加重；混合
enhance,v.,提高；增强
humanity,n.,人性；人类
utter,v.,发出(声音)；说
intense,adj.,强烈的；紧张的
invest,v.,投资；投入
wreck,n.,残骸；失事
diagnosis,n.,诊断
venture,v.,冒险
mount,v.,安装；登上
tangible,adj.,有形的；可触摸的
remedy,n.,疗法；补救方法
prescribe,v.,开药方；规定
perception,n.,感知；看法
controversy,n.,争议
perspective,n.,视角；观点
intimate,adj.,亲密的
outlook,n.,前景；观点
capacity,n.,能力；容量
evaluation,n.,评估
retreat,v.,撤退
administrative,adj.,行政的
initiative,n.,倡议；主动性
likelihood,n.,可能性
infant,n.,婴儿
vulnerable,adj.,脆弱的；易受攻击的
odds,n.,几率；可能性
virtual,adj.,虚拟的；事实上的
confess,v.,承认；坦白
inspiration,n.,灵感
blur,n.,模糊
transmit,v.,传输；传播
horizontal,adj.,水平的
maturity,n.,成熟
assign,v.,分配；指派
tame,v.,驯服
reinforce,v.,加强；增援
rational,adj.,合理的；理性的
emission,n.,排放；发射
encounter,v.,遭遇；遇见
proposition,n.,提议；命题
original,adj.,原始的；原创的
psychologist,n.,心理学家
sociologist,n.,社会学家
broker,n.,经纪人
priority,n.,优先权
ambitious,adj.,有野心的；有抱负的
amusing,adj.,有趣的；好笑的
analyst,n.,分析师
analyze,v.,分析
anticipate,v.,预期；预料
apparently,adv.,显然；似乎
appealing,adj.,吸引人的
appliance,n.,电器；用具
applicable,adj.,适用的
arouse,v.,唤起；激起
artistic,adj.,艺术的
assemble,v.,集合；组装
assembly,n.,集会；装配
asset,n.,资产；优点
assign,v.,分配；指派
assignment,n.,作业；任务
associated,adj.,相关的
assure,v.,保证；使确信
atomic,adj.,原子的
attendance,n.,出席；到场人数
attorney,n.,律师
attribute,n.,属性；特质
attribute,v.,归因于
audio,adj.,音频的
auto,n.,汽车
automate,v.,使自动化
automatically,adv.,自动地
automobile,n.:汽车 
aviation,n.,航空；航空业
awareness,n.,意识；认识
badly,adv.,糟糕地；严重地
banking,n.,银行业
bankrupt,adj.,破产的
bankrupt,n.,破产的人
bankrupt,v.,使破产
bankruptcy,n.,破产
barbecue,v.,烧烤
barrel,n.,桶；枪管
basically,adv.,基本上
beam,n.,光束；横梁
beam,v.,微笑；照射
bearing,n.,举止；关系；轴承
beforehand,adj.,提前的
beforehand,adv.,事先；预先
belly,n.,肚子；腹部
belly,v.,鼓起；涨满
best,n.,最好的东西（或人）
best,v.,打败；胜过
bet,n.,赌注
bet,v.,打赌；下注
beverage,n.,饮料
bias,n.,偏见
bias,v.,使有偏见
billion,n.,十亿
bind,n.,困境
bind,v.,捆绑；装订；约束
biological,adj.,生物的
biologist,n.,生物学家
blessing,n.,祝福；幸事
bloom,n.,花；开花期
bloom,v.,开花；繁荣
blue,n.,蓝色；蓝调音乐
blue,v.,（使）变蓝
blur,n.,模糊不清的东西
blur,v.,（使）变模糊
boast,n.,自夸；引以为豪的事物
boast,v.,吹牛；夸耀；拥有（值得自豪之物）
bold,adj.,大胆的；黑体的；醒目的
boost,n.,推动；增长
boost,v.,促进；增加；提高
breakdown,n.,故障；崩溃
bureau,n.,局；处；署
burger,n.,汉堡包
bypass,n.,旁路；绕行道
bypass,v.,绕过；避开
cabinet,adj.,内阁的
cabinet,n.,内阁；储藏柜
cable,n.,缆绳；电缆；电报
cable,v.,打电报
calculation,n.,计算
calorie,n.,卡路里
capability,n.,能力；才能
capable,adj.,有能力的；能干的
capacity,n.,容量；能力；职位
capitalist,adj.,资本主义的
capitalist,n.,资本家
capture,n.,捕获；战利品
capture,v.,捕获；占领；吸引
case,n.,情况；案例；箱子；病例
catalog,n.,目录
catalog,v.,为…编目录
championship,n.,锦标赛；冠军称号
civilize,v.,使文明；教化
claim,n.,声称；要求；索赔
claim,v.,声称；要求；索取；认领
clarity,n.,清晰；清楚
class,adj.,极好的；出色的
class,n.,班级；阶级；种类；课
class,v.,把…分类
classical,adj.,古典的；经典的
classification,n.,分类；类别
clean,adj.,干净的；清白的
client,n.,客户；委托人；客户端
cliff,n.,悬崖；峭壁
clinical,adj.,临床的；诊所的
clue,n.,线索；提示
clue,v.,给…提供线索
coastal,adj.,沿海的
code,n.,密码；代码；法规
code,v.,编码
collaborate,v.,合作；协作
collaboration,n.,合作；协作
collaborative,adj.,合作的；协作的
collapse,n.,倒塌；崩溃；暴跌
collapse,v.,倒塌；崩溃；倒下
collective,adj.,集体的；共同的
collective,n.,集体企业；合作社
colony,n.,殖民地；（动植物的）群体
column,n.,柱子；专栏；纵队
combat,n.,战斗；斗争
combat,v.,与…战斗；防止
combination,n.,结合；组合；密码
commencement,n.,开始；毕业典礼
commission,n.,委员会；佣金；委托
commission,v.,委托；委任
commodity,n.,商品；日用品
communicative,adj.,健谈的；乐于交流的
comparable,adj.,可比较的；类似的
comparison,n.,比较；对比
compel,v.,强迫；迫使
compelling,adj.,引人入胜的；有说服力的
competent,adj.,有能力的；胜任的
competitive,adj.,有竞争力的；竞争的
competitor,n.,竞争者；对手
complaint,n.,抱怨；投诉；疾病
completion,n.,完成；结束
complexity,n.,复杂性
complicate,v.,使复杂化
complicated,adj.,复杂的；难懂的
compose,v.,组成；创作；使镇静
composer,n.,作曲家
compound,adj.,复合的
compound,n.,化合物；复合物；大院
compound,v.,使加重；使恶化；混合
comprehensive,adj.,全面的；综合的
comprehensive,n.,综合中学
comprise,v.,包含；由…组成
compute,v.,计算
computerize,v.,使电脑化
conceal,v.,隐藏；隐瞒
concentration,n.,专心；专注；浓度；集中
concerning,prep.,关于
confess,v.,承认；坦白；忏悔
confidence,adj.,骗取信任的
confidence,n.,信心；信任；秘密
confine,n.,界限；范围
confine,v.,限制；禁闭
conform,v.,遵守；符合；顺应
confront,v.,面对；对抗；遭遇
confrontation,n.,对抗；对峙
confusion,n.,困惑；混乱；混淆
congress,n.,国会；代表大会
conquer,v.,征服；战胜；克服
conscious,adj.,有意识的；意识到的
consciousness,n.,意识；知觉
consequently,adv.,因此；所以
considerable,adj.,相当大的；重要的
constitute,v.,构成；组成；设立
consumer,n.,消费者；顾客
consumption,n.,消费；消耗
contact,n.,接触；联系；联系人
contact,v.,联系；接触
contest,n.,比赛；竞赛；争夺
contest,v.,竞争；争辩；质疑
context,n.,上下文；背景；环境
continual,adj.,频繁的；不断的
continuous,adj.,连续的；持续的
contract,n.,合同；契约
contract,v.,签合同；（使）收缩；感染
contrast,n.,对比；差别
contrast,v.,（使）对比；（使）对照
controversy,n.,争议；争论
convention,n.,大会；惯例；习俗
convert,n.,皈依者
convert,v.,（使）转变；（使）转换
convincing,adj.,令人信服的
cooperate,v.,合作；配合
cooperation,n.,合作；协作
cooperative,adj.,合作的；配合的
cooperative,n.,合作社
coordinate,adj.,同等的；并列的
coordinate,n.,坐标；同等的人或物
coordinate,v.,协调；使相配合
cope,n.,（教士的）斗篷式长袍
cope,v.,应付；处理
corporate,adj.,公司的；法人的；共同的
corps,n.,军团；兵团；（特定工作）队
corresponding,adj.,相应的；符合的
costly,adj.,昂贵的；代价大的
council,n.,委员会；理事会；议会
counterpart,n.,对应的人（或物）
county,n.,县；郡
courageous,adj.,勇敢的；有胆量的
coverage,n.,新闻报道；覆盖范围
crack,adj.,一流的；顶尖的
crack,n.,裂缝；爆裂声；尝试
crack,v.,（使）破裂；破解；发出爆裂声
craft,n.,工艺；手艺；船；飞机
craft,v.,精心制作
creation,n.,创造；作品
crisis,n.,危机；危急关头
critical,adj.,批评的；关键的；危急的
criticism,n.,批评；评论
criticize,v.,批评；指责
crowded,adj.,拥挤的
crucial,adj.,至关重要的；关键的
cruelty,n.,残酷；残忍
cue,n.,提示；暗示；（台球）球杆
cue,v.,给…提示
cultivate,v.,耕作；培养；建立
cultural,adj.,文化的
curb,n.,抑制；路边镶边石
curb,v.,控制；抑制
curiosity,n.,好奇心；奇物
current,adj.,当前的；通用的；流行的
current,n.,水流；气流；电流；趋势
currently,adv.,当前；目前
curve,adj.,弯曲的
curve,n.,曲线；弯曲
curve,v.,（使）弯曲
cut,adj.,切开的；削减的
cut,n.,切口；伤口；削减；份额
cut,v.,切；割；剪；削减；删节
dairy,adj.,乳制品的
dairy,n.,乳品店；乳制品
dampen,v.,使潮湿；使（情绪）低落
daylight,n.,日光；白昼
dealer,n.,经销商；商人
dean,n.,（大学的）院长；系主任
dear,adj.,亲爱的；昂贵的
decay,n.,腐烂；衰退
decay,v.,（使）腐烂；（使）衰退
decent,adj.,得体的；像样的；不错的
decisive,adj.,决定性的；果断的
deep,adj.,深的；深奥的；（颜色）深的
defect,n.,缺点；缺陷
defect,v.,叛逃；变节
deficiency,n.,缺乏；不足；缺陷
define,v.,给…下定义；阐明；规定
definite,adj.,明确的；肯定的
definitely,adv.,肯定地；当然
definition,n.,定义；清晰度
delegate,n.,代表
delegate,v.,委派；授权
deliberate,adj.,故意的；从容的；深思熟虑的
deliberate,v.,仔细考虑；商议
delivery,n.,递送；分娩；讲话方式
demand,n.,要求；需求
demand,v.,要求；需要
demanding,adj.,要求高的；费力的
democratic,adj.,民主的
demonstrate,v.,证明；展示；示威
density,n.,密度
deny,v.,否认；拒绝
depart,v.,离开；出发
dependence,n.,依赖；依靠
dependent,adj.,依赖的；取决于…的
dependent,n.,受抚养人
depress,v.,使沮丧；使萧条；压下
depression,n.,沮丧；抑郁症；经济萧条
deprive,v.,剥夺；使丧失
deputy,adj.,副的；代理的
deputy,n.,副手；代理人
derive,v.,源于；来自；获得
designer,adj.,由设计师专门设计的
designer,n.,设计师
desirable,adj.,值得拥有的；可取的；性感的
despair,n.,绝望
despair,v.,绝望
despite,prep.,尽管；不管
destruction,n.,破坏；毁灭
destructive,adj.,破坏性的；毁灭性的
detail,n.,细节；详情
detail,v.,详细说明；派遣
detect,v.,发现；察觉；探测
detection,n.,发现；探测
deteriorate,v.,恶化；变坏
determination,n.,决心；决定
determined,adj.,坚决的；有决心的
developer,n.,开发者；开发商；显影剂
device,n.,设备；装置；方法
devil,n.,魔鬼；家伙
devil,v.,折磨；（烹饪中）加调料烤
devise,v.,设计；想出；发明
devoted,adj.,忠实的；深爱的；专注的
diabetes,n.,糖尿病
diagnose,v.,诊断
diagnosis,n.,诊断
dictate,n.,命令；规定
dictate,v.,口述；命令；规定
dietary,adj.,饮食的
dietary,n.,规定的食物
diligent,adj.,勤奋的；用功的
dim,adj.,暗淡的；模糊的
dim,v.,（使）变暗淡；（使）变模糊
diplomatic,adj.,外交的；有手腕的
disappointment,n.,失望；沮丧
disastrous,adj.,灾难性的；极糟糕的
discard,n.,被抛弃的东西
discard,v.,抛弃；丢弃
discharge,n.,释放；排出物；放电
discharge,v.,释放；排出；解雇；履行
discipline,n.,纪律；学科；训练
discipline,v.,训练；惩罚
disease,n.,疾病；病
disguise,n.,伪装；掩饰
disguise,v.,伪装；掩饰
display,n.,展示；陈列；显示
display,v.,展示；陈列；显示
disposal,n.,处理；处置
dispose,v.,处理；布置；使倾向于
disruptive,adj.,破坏性的；扰乱性的
dissolve,v.,（使）溶解；解散
distinct,adj.,明显的；截然不同的
distinctive,adj.,独特的；与众不同的
distinguished,adj.,卓越的；著名的
distract,v.,使分心；分散（注意力）
distracted,adj.,心烦意乱的；注意力不集中的
distraction,n.,使人分心的事；娱乐；消遣
distress,n.,痛苦；危难；贫困
distress,v.,使痛苦；使忧虑
distribution,n.,分发；分配；分布
district,n.,地区；区域；行政区
diversity,n.,多样性；差异
doctoral,adj.,博士的
domestic,adj.,国内的；家庭的；驯养的
domestic,n.,佣人；国货
dominant,adj.,占优势的；主导的；显性的
dominant,n.,显性基因
dominate,v.,支配；统治；在…中占主要地位
donation,n.,捐赠；捐款
donkey,n.,驴；傻瓜
doom,n.,厄运；劫数
doom,v.,注定；使…在劫难逃
downward,adj.,向下的
downward,adv.,向下
drain,n.,下水道；排水管；消耗
drain,v.,（使）排空；喝光；耗尽
drama,n.,戏剧；戏剧性事件
dramatic,adj.,戏剧性的；引人注目的；急剧的
dramatically,adv.,戏剧性地；急剧地
drastic,adj.,激烈的；猛烈的
drawing,n.,画；图画；素描
drift,n.,漂流；趋势；大意
drift,v.,漂流；漂泊；逐渐陷入
dropout,n.,退学者
drought,n.,干旱；旱灾
drown,v.,（使）淹死；淹没
dump,n.,垃圾场；脏乱的地方
dump,v.,倾倒；抛弃；甩卖
durability,n.,耐久性；耐用性
durable,adj.,耐用的；持久的
durable,n.,耐用品
earnings,n.,收入；收益
echo,n.,回声；共鸣
echo,v.,发出回声；附和
economic,adj.,经济的
economical,adj.,节约的；经济的
economics,n.,经济学
economist,n.,经济学家
economy,n.,经济；节约
edit,n.,编辑
edit,v.,编辑；剪辑
editorial,adj.,编辑的
editorial,n.,社论
educational,adj.,教育的；有教育意义的
effective,adj.,有效的
efficiency,n.,效率
efficient,adj.,高效的
elbow,n.,肘部
elbow,v.,用肘推
elderly,adj.,年长的；上了年纪的
election,n.,选举
electronics,n.,电子学；电子设备
elegance,n.,优雅；雅致
element,n.,元素；要素；成分
elementary,adj.,基本的；初级的
elevate,v.,提升；举起
eliminate,v.,消除；淘汰
elsewhere,adv.,在别处
embarrassment,n.,尴尬；窘迫
embrace,n.,拥抱
embrace,v.,拥抱；欣然接受；包含
emerge,v.,出现；浮现
emission,n.,排放；散发
emotion,n.,情感；情绪
emotional,adj.,情绪的；情感的；情绪激动的
emphasis,n.,强调；重点
emphasize,v.,强调
empire,n.,帝国
employee,n.,雇员；员工
employer,n.,雇主
employment,n.,工作；就业；雇用
enable,v.,使能够
encounter,n.,遭遇；邂逅
encounter,v.,遭遇；遇到
endanger,v.,危及；使遭受危险
endurance,n.,耐力；忍耐力
endure,v.,忍受；持续
enforce,v.,实施；强制执行
engage,v.,从事；参与；吸引；订婚
engagement,n.,订婚；约会；交战
engineering,n.,工程学
enhance,v.,提高；增强
enjoyment,n.,享受；乐趣
enlightened,adj.,开明的
enlightenment,n.,启迪；启蒙
enormous,adj.,巨大的；庞大的
enrich,v.,使充实；使丰富
enrollment,n.,注册；登记
ensure,v.,确保；保证
entertain,v.,款待；使娱乐
entertaining,adj.,有趣的；娱乐性的
enthusiasm,n.,热情；热忱
entitle,v.,给予…权利；给…命名
entrepreneur,n.,企业家
environmental,adj.,环境的
environmentalist,n.,环保人士
episode,n.,（电视剧的）一集；插曲；事件
equally,adv.,平等地；同样地
equivalent,adj.,相等的；等值的
equivalent,n.,等价物
era,n.,时代；纪元
essence,n.,本质；精髓；香精
essential,adj.,必不可少的；本质的
essential,n.,必需品；要素
establishment,n.,建立；机构；权势集团
estimate,n.,估计；估价
estimate,v.,估计；估价
ethic,n.,道德规范；伦理
ethnic,adj.,种族的；民族的
evaluation,n.,评估；评价
evil,adj.,邪恶的；有害的
evil,n.,邪恶；祸害
evolutionary,adj.,进化的；演变的
evolve,v.,（使）进化；（使）发展
exaggerate,v.,夸大；夸张
exceed,v.,超过；超出
excel,v.,擅长；优于
exception,n.,例外
exceptional,adj.,例外的；杰出的
excessive,adj.,过度的；过分的
excitement,n.,兴奋；激动
exclude,v.,排除；不包括
exclusive,adj.,独有的；排外的；高档的
exclusive,n.,独家新闻
excursion,n.,短途旅行；远足
execute,v.,执行；处决
executive,adj.,行政的；管理的
executive,n.,主管；经理
exemplify,v.,是…的典范；举例说明
exert,v.,运用；施加
exhaust,n.,废气；排气管
exhaust,v.,耗尽；使筋疲力尽
exhaustion,n.,筋疲力尽；耗尽
exhibit,n.,展品；证物
exhibit,v.,展览；展示
expansion,n.,扩大；扩张
expenditure,n.,开支；花费
experimental,adj.,实验的
expertise,n.,专业知识；专门技能
exploit,n.,功绩；英勇行为
exploit,v.,开发；利用；剥削
exploitation,n.,开发；利用；剥削
exploration,n.,探索；勘探
explosion,n.,爆炸；激增
exposure,n.,暴露；揭露；曝光
extend,v.,延伸；延长；扩大
extensive,adj.,广泛的；大量的
extent,n.,程度；范围
fabric,n.,布料；织物；结构
facilitate,v.,促进；使便利
facility,n.,设施；便利；天赋
factor,n.,因素；要素
factual,adj.,事实的；真实的
faint,adj.,微弱的；模糊的；虚弱的
faint,n.,昏厥
faint,v.,昏倒
fairly,adv.,公平地；相当地
fake,adj.,假的；伪造的
fake,n.,假货；骗子
fake,v.,伪造；假装
fame,n.,名声；名望
farming,n.,农业；务农
fascinate,v.,深深吸引；迷住
fascinating,adj.,迷人的；极有吸引力的
fashion,v.,制作；塑造
fashionable,adj.,时髦的；流行的
fatal,adj.,致命的；灾难性的
fate,n.,命运
fate,v.,注定
fatigue,n.,疲劳；劳累
fatigue,v.,（使）疲劳
faulty,adj.,有错误的；有缺陷的
favorable,adj.,有利的；赞成的
feasible,adj.,可行的
feature,n.,特征；特色；专题节目；五官
feature,v.,以…为特色；起重要作用
feedback,n.,反馈意见
financial,adj.,财政的；金融的
finding,n.,发现；调查结果
fingerprint,n.,指纹
fingerprint,v.,采指纹
fire,n.,火；火灾；热情
fire,v.,开火；解雇；点燃
fireplace,n.,壁炉
fixed,adj.,固定的；不变的
flaw,n.,瑕疵；缺陷
flaw,v.,使有缺陷
flawless,adj.,完美的；无瑕的
fleet,adj.,快速的
fleet,n.,舰队；车队
flexibility,n.,灵活性；弹性
flourish,n.,繁荣；挥舞
flourish,v.,繁荣；茂盛；挥舞
following,adj.,接下来的；下列的
following,n.,追随者
foremost,adj.,最重要的；最先的
foreseeable,adj.,可预见的
formal,adj.,正式的；官方的
formality,n.,礼节；正式手续
formulate,v.,制定；构想；明确表达
forum,n.,论坛
fossil,n.,化石
foundation,n.,基础；地基；基金会
fraction,n.,小部分；分数
frame,n.,框架；结构；眼镜框
frame,v.,给…镶框；陷害
frank,adj.,坦率的；真诚的
frequency,n.,频率；频繁
freshman,n.,（大学）新生
fruitful,adj.,富有成效的
frustrating,adj.,令人沮丧的
frustration,n.,沮丧；挫败
fulfill,v.,实现；履行
fulfillment,n.,实现；满足感
functional,adj.,功能性的；实用的
fund,n.,基金；资金
fund,v.,资助
funding,n.,资金；经费
furnish,v.,布置（家具）；提供
furthermore,adv.,此外；而且
gamble,n.,赌博；冒险
gamble,v.,赌博；冒险
gap,n.,缺口；差距；间隔
gardening,n.,园艺
gasoline,n.,汽油
gathering,n.,聚会；聚集
gaze,v.,凝视；注视
gender,n.,性别
gene,n.,基因
generally,adv.,通常；普遍地
generate,v.,产生；造成
genetic,adj.,遗传的；基因的
genius,n.,天才；天赋
genuine,adj.,真的；真诚的
geographical,adj.,地理的
giant,adj.,巨大的
giant,n.,巨人；巨头
global,adj.,全球的；全面的
gloomy,adj.,阴暗的；沮丧的
glorious,adj.,光荣的；辉煌的
grab,v.,抓住
grace,n.,优雅；恩典
gradually,adv.,逐渐地
grant,n.,拨款；补助金
grant,v.,授予；同意
gratitude,n.,感激
grave,adj.,严重的；严肃的
grave,n.,坟墓
greenhouse,n.,温室
grief,n.,悲伤；悲痛
growth,n.,增长；生长；发展
guideline,n.,指导方针；准则
halfway,adj.,中途的
halfway,adv.,在中途
halt,n.,停止
halt,v.,（使）停止
handicap,n.,障碍；不利条件
handicap,v.,妨碍
hardware,n.,硬件；五金制品
harsh,adj.,严厉的；刺耳的；恶劣的
haunt,v.,（鬼魂）出没；萦绕于心
hazard,n.,危险；风险
hazard,v.,冒…的危险
heating,n.,暖气；加热
heritage,n.,遗产
heroic,adj.,英雄的；英勇的
hesitation,n.,犹豫
high-tech,adj.,高科技的
highlight,n.,最精彩的部分
highlight,v.,强调；突出
highly,adv.,非常；高度地
hint,n.,暗示；提示
hint,v.,暗示
historic,adj.,有历史意义的
historical,adj.,历史的
honesty,n.,诚实
horizon,n.,地平线；眼界
horizontal,adj.,水平的
horn,n.,角；喇叭
horror,n.,恐惧；恐怖
hostile,adj.,敌对的
household,n.,家庭；一家人
housing,n.,住房
humanity,n.,人类；人性；人道
hunting,n.,狩猎
hut,n.,小屋
ideal,adj.,理想的；完美的
ideal,n.,理想
identical,adj.,完全相同的
identify,v.,识别；确认
idle,adj.,闲置的；懒惰的
idle,v.,虚度；（引擎）空转
ignorance,n.,无知
ignorant,adj.,无知的
illusion,n.,幻觉；错觉
illustrate,v.,说明；阐明；加插图
image,n.,形象；图像
imaginary,adj.,想象的；虚构的
imagination,n.,想象力
imaginative,adj.,富有想象力的
imitate,v.,模仿
imitation,n.,模仿；仿制品
immediate,adj.,立即的；直接的
immensely,adv.,极大地
immigrant,n.,（外来）移民
immune,adj.,有免疫力的；免除的
impact,n.,影响；冲击
impact,v.,影响；冲击
impatient,adj.,不耐烦的
implement,n.,工具；器具
implement,v.,实施；执行
implementation,n.,实施；执行
implication,n.,暗示；含义；牵连
imply,v.,暗示；意味着
impose,v.,强加；征税
impressive,adj.,令人印象深刻的
improvement,n.,改善；改进
impulse,n.,冲动
incentive,n.,激励；动机
incidental,adj.,附带的；偶然的
inclusive,adj.,包含的；包括的
increasingly,adv.,越来越
incredible,adj.,难以置信的；极好的
index,n.,索引；指数；指标
indication,n.,迹象；指示
indicator,n.,指示器；指标
indifferent,adj.,漠不关心的
indispensable,adj.,必不可少的
individual,adj.,个人的；独特的
individual,n.,个人；个体
individualism,n.,个人主义
indoor,adj.,室内的
induce,v.,引起；引诱
industrial,adj.,工业的
industrialize,v.,使工业化
inevitable,adj.,不可避免的
infant,adj.,婴儿的；初期的
infant,n.,婴儿
infer,v.,推断；推测
inferior,adj.,差的；下级的
inferior,n.,下级
infinite,adj.,无限的；极大的
inflation,n.,通货膨胀；自大
influential,adj.,有影响力的
influential,n.,有影响力的人
informative,adj.,信息量大的；有益的
infrastructure,n.,基础设施
ingredient,adj.,组成的
ingredient,n.,（食品）配料；成分；要素
inhabitant,n.,居民；住户
inherent,adj.,固有的；内在的
initially,adv.,最初；起初
initiate,v.,开始；发起；接纳…为成员
initiate,n.,新手
initiative,n.,主动性；倡议；新方案
inland,adj.,内陆的
inland,adv.,在内地；向内地
inland,n.,内地；内陆
innovate,v.,创新
innovation,n.,创新；革新
innovative,adj.,创新的；新颖的
input,n.,输入；投入
input,v.,输入
inquire,v.,询问；打听
inquiry,n.,询问；调查
insight,n.,洞察力；深刻见解
inspiration,n.,灵感；鼓舞人心的人或事
install,v.,安装
installation,n.,安装；设备
instance,n.,例子；事例
institutional,adj.,机构的；制度的
instructor,n.,教练；导师
instrumental,adj.,有帮助的；器乐的
insult,n.,侮辱
insult,v.,侮辱
intake,n.,摄入量；吸入量；入口
integrate,v.,（使）合并；（使）融入
integration,n.,整合；融入
integrity,n.,正直；诚实；完整
intellectual,n.,知识分子
intelligent,adj.,聪明的；智能的
intense,adj.,强烈的；剧烈的；紧张的
intensify,v.,加强；加剧
intensity,n.,强度；强烈
intensive,adj.,加强的；集中的
intensive,n.,强化物
intentional,adj.,故意的；有意的
interact,n.,幕间休息
interact,v.,互动；交流；相互作用
interaction,n.,互动；相互作用
interactive,adj.,互动的；交互式的
interactive,n.,互动游戏
interfere,v.,干涉；妨碍；打扰
interference,n.,干涉；干扰
internal,adj.,内部的；国内的；体内的
internal,n.,内部；本质
interpret,v.,解释；理解；口译
interpretation,n.,解释；理解；口译；表演
interviewer,n.,面试官；采访者
intimate,adj.,亲密的；私人的
intimate,n.,密友；知己
intimate,v.,暗示
intruder,n.,入侵者；闯入者
invade,v.,入侵；侵略；涌入
invalid,adj.,无效的；（指人）病弱的
invalid,n.,病人；残疾人
invalid,v.,因病退役
invariably,adv.,总是；不变地
invasion,n.,入侵；侵略
invest,v.,投资；投入
investigate,v.,调查；研究
investigation,n.,调查；研究
investigator,n.,调查员；研究员
investment,n.,投资；投资额
investor,n.,投资者
invisible,adj.,看不见的；无形的
involve,v.,涉及；包含；使参与
involved,adj.,参与的；有关联的；复杂的
involvement,n.,参与；卷入
irrational,adj.,不合理的；没理性的
irrational,n.,无理数
irregular,adj.,不规则的；不规律的
irregular,n.,不合规格的产品
isolate,adj.,隔离的；孤立的
isolate,n.,隔离区；被隔离的人或物
isolate,v.,隔离；孤立
isolation,n.,隔离；孤立
issue,n.,问题；议题；（杂志的）期
issue,v.,发行；发布；公布
item,adj.,又,同上
item,n.,一项；一件；条目
jail,n.,监狱
jail,v.,监禁
jewel,n.,珠宝；宝石
jewel,v.,用珠宝装饰
joint,adj.,共同的；联合的
joint,n.,关节；接合处
journal,n.,日记；期刊；杂志
keen,n.,挽歌；恸哭
knit,n.,针织品
knit,v.,编织；使紧密结合；皱（眉）
label,n.,标签；称号
label,v.,贴标签；把…称为
ladder,n.,梯子
ladder,v.,（使）成名；晋升
landscape,n.,风景；风景画
landscape,v.,做园林美化
lane,n.,小巷；车道
laptop,n.,笔记本电脑
lately,adv.,最近；近来
launch,n.,发射；启动；发布
launch,v.,发射；启动；发起；发布
laundry,n.,洗衣店；要洗的衣物
layer,n.,层
layer,v.,分层放置
layout,n.,布局；设计
leadership,n.,领导力；领导层
leading,adj.,领先的；主要的
leading,n.,领导；行距
leading,v.,领导（的现在分词）
lean,adj.,瘦的；贫乏的
lean,n.,瘦肉
lean,v.,倾斜；倚靠；倾向于
leap,n.,跳跃；飞跃
leap,v.,跳跃；猛增
learned,adj.,博学的
learner,n.,学习者；初学者
leaves,n.,叶子（复数）
leaves,v.,离开（第三人称单数）
legend,n.,传说；传奇人物；图例
legislation,n.,立法；法律
leisure,adj.,空闲的；休闲的
leisure,n.,休闲；闲暇
liability,n.,责任；债务；不利条件
liable,adj.,有责任的；很可能的；易于…的
liberal,adj.,思想开放的；慷慨的；自由的
liberal,n.,自由主义者
lighting,v.,照明（的现在分词）
likelihood,n.,可能性
likewise,adv.,同样地；也
limb,n.,肢体；树枝
limb,v.,砍下树枝
limitation,n.,限制；局限性
limited,adj.,有限的
limited,n.,高级快车
literacy,n.,读写能力
literate,adj.,有读写能力的；有文化的
literate,n.,有文化的人
liver,n.,肝脏
loan,n.,贷款；借款
loan,v.,借出；贷款给
lobby,n.,大厅；游说团体
lobby,v.,游说
locate,v.,找出…的位置；位于
location,n.,位置；地点；外景拍摄地
lodge,n.,小屋；旅馆
lodge,v.,住宿；提出（投诉、抗议）
lodging,n.,住处；寄宿
log,n.,原木；日志
log,v.,记录；伐木
logical,adj.,合乎逻辑的；合理的
logo,n.,商标；标志
lower,adj.,较低的；下级的
lower,v.,降低；放下
lower,n.,下铺；下级
loyalty,n.,忠诚；忠心
lump,adj.,成块的；总共的
lump,adv.,非常
lump,n.,块；肿块
lump,v.,结块；归并在一起
luxurious,adj.,奢侈的；豪华的
luxury,adj.,奢侈的
luxury,n.,奢侈；奢侈品
machinery,n.,机械（总称）；机构
magnet,n.,磁铁；有吸引力的人或物
magnificent,adj.,宏伟的；壮丽的；极好的
mainstream,n.,主流
maintain,v.,维持；维修；坚持认为；供养
maintenance,n.,维护；保养；生活费
mall,n.,购物中心；商场
management,n.,管理；经营；管理层
manual,adj.,手工的；体力的
manual,n.,手册；指南
manufacture,n.,制造；制造业
manufacture,v.,制造；捏造
manufacturer,n.,制造商
map,v.,绘制地图；规划
margin,n.,边缘；页边空白；利润；余地
margin,v.,加边于
marine,adj.,海洋的；海事的
marine,n.,海军陆战队士兵
marital,adj.,婚姻的
marketing,n.,市场营销
marvellous,adj.,极好的；了不起的
massive,adj.,巨大的；大量的
materialism,n.,唯物主义；物质主义
maturity,n.,成熟；到期
maximize,v.,使最大化
mayor,n.,市长
mechanic,adj.,手工的
mechanic,n.,技工；机修工
mechanical,adj.,机械的；呆板的
mechanism,n.,机制；机械装置；办法
melt,n.,融化
melt,v.,（使）融化；（使）熔化；（使）感动
membership,n.,会员资格；全体会员
mere,adj.,仅仅的；只不过的
mere,n.,小湖
merit,n.,优点；价值
merit,v.,值得
midday,adj.,正午的
midday,n.,正午；中午
middle,adj.,中间的；中等的
middle,n.,中间；腰部
migrant,adj.,移居的；迁徙的
migrant,n.,移民；候鸟
migrate,v.,迁徙；移居
military,adj.,军事的；军队的
military,n.,军队；军方
mill,n.,工厂；磨坊
mill,v.,碾磨；（人群）乱转
minimal,adj.,最小的；最低的
minimize,v.,使最小化；对…轻描淡写
minor,adj.,次要的；较小的；未成年的
minor,n.,未成年人；副修科目
minor,v.,副修
miserable,adj.,痛苦的；悲惨的
misery,n.,痛苦；苦难
misfortune,n.,不幸；灾难
mislead,v.,误导
misleading,adj.,误导性的
mission,n.,任务；使命；代表团
mission,v.,派遣
misunderstanding,n.,误解；误会
mobile,adj.,可移动的；移动的
mobile,n.,手机；风铃
mode,n.,模式；方式；风格
moderate,adj.,适度的；温和的
moderate,v.,（使）缓和；主持
modification,n.,修改；更改
modify,v.,修改；更改
moist,adj.,潮湿的；湿润的
monthly,adj.,每月的
monthly,adv.,每月
monthly,n.,月刊
mood,n.,心情；情绪；气氛
morality,n.,道德
moreover,adv.,而且；此外
mostly,adv.,主要地；通常
motel,n.,汽车旅馆
motion,n.,运动；动作；提议
motion,v.,做手势示意
motivate,v.,激励；成为…的动机
mount,n.,山；底座；坐骑
mount,v.,登上；骑上；安装；增加
multiple,adj.,多个的；多样的
multiple,n.,倍数
muscle,n.,肌肉；力量
muscle,v.,用力挤
muscular,adj.,肌肉发达的；强壮的
mutual,adj.,相互的；共同的
mystery,n.,谜；神秘的事物
mysterious,adj.,神秘的；难以理解的
myth,n.,神话；普遍但错误的看法
naked,adj.,裸体的；无遮蔽的
namely,adv.,也就是；即
narrative,adj.,叙事的
narrative,n.,叙述；故事
naturally,adv.,自然地；当然
necessarily,adv.,必然地；必要地
necessity,n.,必要性；必需品
needy,adj.,贫穷的
negative,adj.,消极的；否定的；负的
negative,v.,否定；否决
neglect,n.,忽视；疏忽
neglect,v.,忽视；疏忽
negotiation,n.,谈判；协商
neutral,adj.,中立的；中性的
neutral,n.,中立者；空挡
nevertheless,adv.,然而；不过
nevertheless,conj.,然而；不过
nonsense,adj.,荒谬的
nonsense,int.,胡说
nonsense,n.,胡说；废话
norm,n.,规范；标准
normally,adv.,通常；正常地
noticeable,adj.,显而易见的；显著的
notify,v.,通知；告知
notion,n.,概念；观念；想法
nuisance,n.,讨厌的人或事；麻烦事
numerous,adj.,许多的；大量的
nutrient,adj.,有营养的
nutrient,n.,营养素；养分
obedience,n.,服从；顺从
obesity,n.,肥胖症
objection,n.,反对；异议
objective,adj.,客观的
objective,n.,目标；目的
oblige,v.,迫使；帮忙
obliged,adj.,感激的；有义务的
obliged,v.,迫使（的过去式和过去分词）
observation,n.,观察；评论
observer,n.,观察者
obstacle,n.,障碍；绊脚石
obviously,adv.,显然；明显地
occasion,n.,场合；时机；理由
occasion,v.,引起
occasionally,adv.,偶尔
occurrence,n.,发生；事件
odd,adj.,奇怪的；奇数的；临时的
odd,n.,奇怪的人或事
odds,n.,几率；可能性；分歧
offend,v.,冒犯；得罪；违反
offense,n.,冒犯；违法行为；攻击
old,n.,老人；古时
ongoing,adj.,进行中的；持续的
ongoing,n.,正在进行的事
opponent,adj.,对立的
opponent,n.,对手；反对者
opportunity,n.,机会；时机
opposition,n.,反对；反对派
opt,v.,选择
optimism,n.,乐观；乐观主义
option,n.,选择；选项
organic,adj.,有机的；器官的
original,adj.,最初的；原创的；新颖的
original,n.,原件；原作
originate,v.,起源于；开创
ought to:v.,应该
outdated,adj.,过时的
outlet,n.,出口；专卖店；电源插座
outlook,n.,前景；观点；景色
overall,adj.,全面的；总体的
overall,adv.,总体上
overall,n.,工装裤
overnight,adj.,通宵的；一夜之间的
overnight,adv.,一整夜；一夜之间
overnight,n.,一夜的逗留
overnight,v.,过夜
oversee,v.,监督
overtake,v.,超过；赶上；（坏事）突然降临
overwhelm,v.,淹没；压倒；使不知所措
overwhelming,adj.,压倒性的；巨大的
owing to,prep.,由于；因为
pad,n.,垫子；便笺本；（动物的）肉掌
pad,v.,填塞；悄无声息地走
palm,n.,手掌；棕榈树
palm,v.,把…藏在手心
panel,n.,嵌板；仪表盘；专门小组
panel,v.,用镶板覆盖
paper,n.,纸；报纸；论文；文件
paper,v.,贴壁纸
parade,n.,游行；阅兵
parade,v.,游行；炫耀
parental,adj.,父母的
parliament,n.,议会；国会
partial,adj.,部分的；偏心的
partially,adv.,部分地
participant,adj.,参与的
participant,n.,参与者；参加者
participation,n.,参与；分享
particle,n.,颗粒；微粒
particularly,adv.,特别；尤其
passion,n.,热情；激情
passionate,adj.,热情的；充满激情的
pat,adj.,恰好的；过于简单的
pat,adv.,恰好地
pat,n.,轻拍
pat,v.,轻拍
patch,n.,补丁；小块地；斑
patch,v.,修补；打补丁
payment,n.,付款；支付的款项
peak,adj.,高峰的；顶点的
peak,n.,山顶；顶峰；高峰
peak,v.,达到顶峰
peculiar,adj.,古怪的；独特的
peer,n.,同辈；同龄人
peer,v.,仔细看；凝视
penalty,n.,处罚；罚款；点球
pensioner,n.,领养老金的人；退休人员
perceive,v.,察觉；感知；认为
perception,n.,看法；感觉；洞察力
perseverance,n.,毅力；坚持不懈
persist,v.,坚持；持续
persistence,n.,坚持；持续
persistent,adj.,坚持的；持续的
personality,n.,性格；个性；名人
perspective,adj.,透视的
perspective,n.,观点；角度；看法
pessimistic,adj.,悲观的
phase,n.,阶段；时期
phase,v.,分阶段进行
philosopher,n.,哲学家
philosophy,n.,哲学；人生观
photographic,adj.,摄影的；逼真的
photography,n.,摄影；摄影术
pitch,n.,（运动）场地；音高；沥青
pitch,v.,投；扔；搭（帐篷）
pizza,n.,披萨
plague,n.,瘟疫；祸患
plague,v.,折磨；使烦恼
planner,n.,规划师；计划者
planning,n.,规划；计划
pledge,n.,保证；誓言
pledge,v.,保证；承诺
plunge,n.,投入；跳水；暴跌
plunge,v.,投入；跳入；暴跌
pointless,adj.,无意义的；没道理的
poll,adj.,无角的
poll,n.,民意调查；投票
poll,v.,投票；获得（选票）
portion,n.,一部分；一份
portion,v.,分配
pose,n.,姿势；姿态
pose,v.,摆姿势；造成（问题）
possibly,adv.,可能；也许
poverty,n.,贫穷；贫困
power,adj.,权力的；电力的
power,n.,力量；权力；电力
power,v.,驱动；提供动力
practicality,n.,实用性；可行性
precaution,n.,预防措施
precaution,v.,警惕
precisely,adv.,精确地；恰好
preferable,adj.,更好的；更可取的
prepared,adj.,准备好的
prescribe,v.,开（药方）；规定
presence,n.,出席；存在；风度
presently,adv.,不久；马上
presidential,adj.,总统的
pressing,adj.,紧迫的；紧急的
pressing,n.,压制；唱片
prevail,v.,盛行；占优势
prevention,n.,预防；阻止
priest,n.,牧师；神父
primarily,adv.,主要地
prince,n.,王子
princess,n.,公主
principle,n.,原则；原理
printer,n.,打印机
printing,n.,印刷；印刷术
prior,adj.,在先的；优先的
prior,adv.,在前
priority,n.,优先；优先事项
privacy,n.,隐私
probable,adj.,很可能的
proceed,v.,继续进行；着手
process,adj.,经过加工的
process,n.,过程；流程
process,v.,处理；加工
processor,n.,处理器
productive,adj.,富有成效的；多产的
productivity,n.,生产力；生产率
profitable,adj.,有利可图的；有益的
profound,adj.,深刻的；深远的
prohibition,n.,禁止；禁令
prominent,adj.,突出的；著名的；杰出的
promising,adj.,有前途的；有希望的
promising,v.,承诺（进行时）
promotion,n.,晋升；促销；推广
prompt,adj.,迅速的；及时的
prompt,adv.,准时地
prompt,n.,提示
prompt,v.,促使；提示
property,n.,财产；房产；特性
proportion,n.,比例；部分；均衡
proportion,v.,使成比例
proposal,n.,提议；建议；求婚
propose,v.,提议；建议；求婚
proposition,n.,提议；主张；命题
prospect,n.,前景；可能性；景象
protective,adj.,保护的；防护的
protein,n.,蛋白质
protest,n.,抗议
protest,v.,抗议
proverb,n.,谚语
provided,conj.,如果；只要
provided,v.,提供（过去式）
provision,n.,提供；条款；准备
provision,v.,为…提供给养
provoke,v.,激怒；挑衅；引起
psychological,adj.,心理的
psychologist,n.,心理学家
publication,n.,出版物；发表
publicity,n.,宣传；曝光
purify,v.,净化；提纯
purity,n.,纯净；纯洁
pursue,v.,追求；追赶；继续
pursuit,n.,追求；追赶；爱好
qualified,adj.,合格的；有资格的
qualified,v.,使具备资格（过去式）
qualify,v.,使合格；取得资格
qualify,v.,取得资格
qualify,v.,限定；使合格
quantity,n.,数量；量
rack,n.,架子
rack,v.,使痛苦；折磨
radical,adj.,激进的；根本的
radical,n.,激进分子
raid,n.,突袭；搜查
raid,v.,突袭；搜查
rarely,adv.,很少；难得
rating,n.,评级；等级；收视率
rating,v.,评价（进行时）
ratio,n.,比率；比例
ratio,n.,比例
rational,adj.,合理的；理性的
rational,n.,有理数
reaction,n.,反应；回应
reaction,n.,反应；反作用
reader,n.,读者；读物；阅读器
reader,n.,读者；阅读器
readily,adv.,乐意地；容易地
realistic,adj.,现实的；实际的；逼真的
realization,n.,实现；认识到
realm,n.,领域；范围；王国
reap,v.,收获
reap,v.,收获；获得
rear,adj.,后面的；后部的
rear,adv.,在后面
rear,n.,后面；后方；臀部
rear,v.,抚养；饲养；高耸
rebel,n.,反叛者
rebel,v.,反叛；反抗
recall,v.,回忆起；召回
recall,v.,召回；回忆起；取消
recall,n.,回忆；召回
recession,n.,经济衰退；后退
recipient,adj.,接受的
recipient,n.,接受者；领受人
reckon,v.,认为；估计；计算
reckon,v.,认为；计算；指望
recognition,n.,认出；承认；赞赏
recognition,n.,识别；承认；赞赏
recommendation,n.,推荐；建议
recording,adj.,录音的
recording,n.,录音；唱片
recording,v.,录音（进行时）
recovery,n.,恢复；痊愈；复苏
recruit,n.,新成员；新兵
recruit,v.,招聘；招募
recruit,v.,招募；吸收
recruitment,n.,招聘；招募
reduction,n.,减少；降低
reflection,n.,反射；倒影；反思
refusal,n.,拒绝
regarding,prep.,关于
region,n.,地区；区域；部位
region,n.,地区；区域
regional,adj.,地区的；区域性的
regional,adj.,地区的；局部的
registration,n.,登记；注册
regulate,v.,管理；调节；控制
regulator,n.,监管机构；调节器
regulatory,adj.,监管的；管理的
reinforce,n.,加固物
reinforce,v.,加强；增援
reinforcement,n.,增援；加强
related,adj.,相关的；有联系的
related,adj.,相关的；有亲属关系的
relaxation,n.,放松；休息；消遣
release,n.,释放；发布；发行
release,v.,释放；发布；发行
reliance,n.,依赖；信任
relieve,v.,减轻；缓解；解除
reluctant,adj.,不情愿的；勉强的
remarkable,adj.,非凡的；显著的；引人注目的
remedy,n.,补救方法；治疗法
remedy,v.,纠正；补救；治疗
render,n.,粉刷
render,v.,给予补偿
render,v.,致使；提供；渲染
renew,v.,更新；续期
renew,v.,更新；续借；恢复
renewal,n.,更新；续期
renovate,v.,翻新；修复
renovation,n.,翻新；装修
rental,n.,租金；租赁
repay,v.,偿还；报答
repeatedly,adv.,反复地；再三地
repetitive,adj.,重复的；单调的
replacement,n.,更换；替代品
reproduce,v.,繁殖；复制
reproduction,n.,繁殖；复制品
researcher,n.,研究员；研究人员
reserved,adj.,内向的；寡言的；预订的
resident,adj.,常驻的；居住的
resident,n.,居民；住户
residential,adj.,住宅的；居住的
resistant,adj.,抵抗的；耐…的
resistant,n.,抵抗者
resolution,n.,决议；决心；分辨率
resolve,n.,决心；决断力
resolve,v.,解决；下决心；分解
resort,n.,度假胜地；手段；办法
resort,v.,求助于；诉诸
resource,n.,资源；办法
resourceful,adj.,足智多谋的；机智的
respectively,adv.,分别地；各自地
respondent,n.,回答者；受访者；被告
response,n.,回应；反应；回答
responsible,adj.,负责的；有责任的
restore,v.,恢复；修复；归还
restrain,v.,抑制；克制；阻止
restrict,v.,限制；约束
resume,n.,简历
resume,v.,重新开始；继续
retail,adj.,零售的
retail,adv.,以零售方式
retail,n.,零售
retail,v.,零售
retailer,n.,零售商
retired,adj.,退休的
retirement,n.,退休；退役
retreat,n.,撤退；静修处
reveal,v.,揭露；透露；显示
revenue,n.,收入；收益；税收
reverse,adj.,相反的；反面的
reverse,n.,相反；反面；倒车档
reverse,v.,倒转；倒车；撤销
revised,adj.,修订过的
rewarding,adj.,有回报的；值得做的
rhythm,n.,节奏；韵律
rider,n.,骑手；附加条款
rival,n.,对手；竞争者
rival,v.,与…竞争；比得上
robotic,adj.,机器人的；像机器人的
rocky,adj.,多岩石的；不稳定的
rod,n.,杆；棒
romance,n.,浪漫史；爱情故事
romantic,adj.,浪漫的；不切实际的
romantic,n.,浪漫的人
romantic,v.,使浪漫化
root,v.,生根；扎根；支持
rosy,adj.,玫瑰色的；乐观的
roughly,adv.,大概；大约
rouse,n.,唤醒
rouse,v.,唤醒；激起
routine,adj.,常规的；例行的
routine,n.,常规；例行公事
rub,n.,摩擦；难题
rub,v.,擦；摩擦；揉
runner,n.,跑步者；长条地毯
running,adj.,连续的；流动的；运行中的
running,n.,跑步；运营；管理
runway,n.,（机场）跑道；（时装）T台
rural,adj.,农村的；乡村的
sailing,adj.,航行的
sailing,n.,帆船运动；航行
sailing,v.,航行（进行时）
sake,n.,缘故；理由；日本清酒
sample,adj.,样品的
sample,n.,样品；样本
sample,v.,品尝；体验；抽样
satisfactory,adj.,令人满意的
sauce,n.,酱汁；调味汁
sauce,v.,给…加酱汁
saving,adj.,节约的；节省的
saving,n.,节约；存款
saving,prep.,除了
scale,n.,规模；等级；刻度；鳞片；天平
scale,v.,攀登；测量；刮鳞
scandal,n.,丑闻
scarcely,adv.,几乎不；简直不
scary,adj.,可怕的；吓人的
scheme,n.,计划；方案；阴谋
scheme,v.,密谋；策划
schooling,n.,学校教育
scope,n.,范围；余地
scope,v.,审视；仔细看
secondary,adj.,次要的；中学的
secondary,n.,次要人物或事物
sector,n.,部门；行业；区域
seemingly,adv.,表面上；似乎
segment,n.,部分；片段
segment,v.,分割
selection,n.,选择；精选品
selective,adj.,有选择性的；精挑细选的
sensible,adj.,明智的；合理的；能感觉到的
sequence,n.,顺序；次序；一系列
sequence,v.,按顺序排列
series,n.,系列；连续；一连串
setting,n.,环境；背景；（机器）设定
setting,v.,设置（进行时）
shed,n.,小屋；棚
shed,v.,脱落；流出；摆脱
sheer,adj.,完全的；纯粹的；陡峭的；薄的
sheer,adv.,陡峭地；完全地
sheer,n.,透明薄织物
sheer,v.,偏航；急转
shell,n.,壳；外壳；炮弹
shift,n.,轮班；转变；移动
shift,v.,转移；改变；换挡
shortage,n.,短缺；不足
significant,adj.,重要的；显著的；有意义的
significant,n.,有意义的事物
silicon,n.,硅
similarity,n.,相似性；相似之处
simplicity,n.,简单；朴素
simply,adv.,简单地；仅仅；简直
site,n.,地点；位置；网站
site,v.,使坐落于；设置
sitting,adj.,坐着的；在任的
sitting,n.,开会；就座
situate,v.,使位于；使处于
skeleton,n.,骨骼；骨架；框架
sketch,n.,素描；草图；梗概
sketch,v.,画素描；概述
skiing,n.,滑雪；滑雪运动
skillful,adj.,熟练的；有技巧的
slender,adj.,苗条的；细长的；微小的
slightly,adv.,轻微地；稍微
slippery,adj.,滑的；狡猾的
slogan,n.,口号；标语
slope,n.,斜坡；斜度
slope,v.,倾斜
smash,adj.,了不起的；轰动的
smash,n.,破碎声；猛击；大成功
smash,v.,打碎；猛撞；粉碎
snack,n.,零食；小吃
snack,v.,吃零食
so-called,adj.,所谓的
soar,v.,猛增；高飞
sociable,adj.,好交际的；友善的
sociologist,n.,社会学家
sociology,n.,社会学
soda,n.,苏打水；汽水
solely,adv.,仅仅；唯一地
solution,n.,解决方案；溶液；答案
somewhat,adv.,有点；稍微
sophisticated,adj.,复杂的；精致的；见多识广的
span,n.,跨度；范围；一段时间
span,v.,跨越；持续
spark,n.,火花；导火索
spark,v.,引发；触发；冒火花
specialize,v.,专门从事；专攻
species,n.,物种；种类
specify,v.,具体说明；明确规定
spending,n.,花费；开销
spill,n.,溢出物
spill,v.,（使）溢出；（使）洒出
spoil,n.,战利品
spoil,v.,宠坏；破坏；（食物）变质
sportsman,n.,运动员
spouse,n.,配偶
spur,n.,激励；马刺
spur,v.,激励；促进
stability,n.,稳定性；稳定
stack,n.,一堆；烟囱；（计算机）堆栈
stack,v.,堆放；堆积
stake,n.,赌注；利害关系；桩
stake,v.,下赌注；用桩支撑
stale,adj.,不新鲜的；陈腐的
staple,adj.,主要的
staple,n.,主要产品；订书钉；主食
staple,v.,用订书机钉
starter,n.,开胃菜；起动机；发令员
statistic,n.,统计数值
steadily,adv.,稳定地；持续地
steer,v.,驾驶；引导；掌舵
stem,n.,（植物的）茎；词干；（问题）根源
stem,v.,源于；阻止
stimulate,v.,刺激；激励；促进
sting,n.,刺痛；蜇伤
sting,v.,叮；蜇；刺痛
stir,n.,搅拌；骚动；轰动
stir,v.,搅拌；激起；走动
stock,adj.,常备的；陈腐的
stock,n.,库存；股票；股份；高汤
stock,v.,储存；备货
strain,n.,压力；紧张；拉伤；品种
strain,v.,拉伤；使紧张；过滤；竭力
stressful,adj.,压力大的；紧张的
stretch,n.,伸展；一片（区域）；一段时间
stretch,v.,伸展；拉长；延伸
striking,adj.,引人注目的；显著的
strive,v.,努力；奋斗
stroke,n.,中风；击打；笔画；抚摸
stroke,v.,抚摸
structure,n.,结构；构造；建筑物
stuff,n.,东西；物品；材料
stuff,v.,填满；塞满
stuffy,adj.,闷热的；不通风的；古板的
stylish,adj.,时髦的；有格调的
subsequent,adj.,随后的；后来的
substance,n.,物质；实质；主旨
substantial,adj.,大量的；实质的；重要的
suburb,n.,郊区
suburban,adj.,郊区的
success,n.,成功；成就
succession,n.,继承；连续；一连串
sufficient,adj.,足够的；充分的
sum,n.,总数；金额；算术题
sum,v.,总结；合计
sunrise,n.,日出
supervise,v.,监督；管理；指导
supervision,n.,监督；管理
supplier,n.,供应商
supporter,n.,支持者；拥护者
supportive,adj.,支持的；鼓励的
surfing,n.,冲浪；上网
surge,n.,猛增；汹涌
surge,v.,猛增；汹涌
surgery,n.,外科手术；诊所
surroundings,n.,环境；周围
survey,n.,调查；勘测；民意调查
survey,v.,调查；审视；勘测
survivor,n.,幸存者
suspend,v.,暂停；悬挂；停职；延缓
suspicion,n.,怀疑；嫌疑
sustain,v.,维持；支撑；遭受
sustainable,adj.,可持续的
symbolic,adj.,象征性的
sympathetic,adj.,有同情心的；赞同的
tackle,n.,用具；滑车；（橄榄球）擒抱
tackle,v.,处理；解决；（橄榄球）擒抱
talented,adj.,有天赋的；有才能的
talkative,adj.,健谈的；多话的
tame,adj.,驯服的；温顺的；平淡的
tame,v.,驯服；控制
tangible,adj.,有形的；可触摸的；明确的
taxation,n.,税收；征税
teaching,n.,教学；教诲
tech,n.,技术；科技
technician,n.,技术员；技师
tedious,adj.,沉闷的；乏味的
telling,adj.,有力的；说明问题的
temper,n.,脾气；情绪
temper,v.,使缓和；使回火
tender,adj.,温柔的；嫩的；脆弱的
tender,n.,投标；煤水车
tender,v.,投标；提供
terrific,adj.,极好的；了不起的
territory,n.,领土；领域；地盘
therapy,n.,治疗；疗法
thereby,adv.,因此；从而
thoughtful,adj.,体贴的；深思的
threat,n.,威胁；恐吓
threaten,v.,威胁；恐吓
thrive,v.,繁荣；茁壮成长
thumb,n.,拇指
thumb,v.,用拇指翻阅；竖起拇指（搭车）
tighten,v.,（使）变紧
timber,n.,木材；木料
timely,adj.,及时的；适时的
timing,n.,时机掌握；定时
token,adj.,象征性的
token,n.,代币；象征；记号
tolerance,n.,容忍；宽容；公差
tolerant,adj.,宽容的；容忍的
toll,n.,通行费；伤亡人数；代价
toll,v.,（缓慢而有规律地）敲钟
tone,n.,语气；音调；色调；风格
trace,n.,痕迹；踪迹；微量
trace,v.,追踪；追溯；描摹
tragic,adj.,悲剧的；悲惨的
trail,n.,小径；踪迹；痕迹
trail,v.,追踪；拖；（植物）蔓生
trainer,n.,教练；运动鞋
transaction,n.,交易；业务
transfer,n.,转移；转让；换乘
transfer,v.,转移；转让；换乘
transformation,n.,转变；转型
transmission,n.,传播；传送；变速器
transmit,v.,传送；传播；发射
transportation,n.,运输；交通
trash,n.,垃圾；废物
trash,v.,丢弃；搞砸
treaty,n.,条约；协定
tremendous,adj.,巨大的；极好的
tricky,adj.,棘手的；狡猾的
trigger,n.,扳机；诱因
trigger,v.,触发；引起
triumph,n.,胜利；巨大成就
triumph,v.,获胜；取得成功
tuition,n.,学费；教学
uneasy,adj.,不安的；不自在的
up-to-date,adj.,最新的；现代的
upgrade,v.,升级；提升
urbanization,n.,城市化
urgency,n.,紧急；迫切
usage,n.,用法；使用；惯例
utility,n.,公用事业；效用；实用
utilize,v.,利用
utmost,adj.,极度的；最大的
utmost,n.,极限；最大可能
utter,adj.,完全的；彻底的
utter,v.,说出；发出（声音）
vacuum,n.,真空；吸尘器
vacuum,v.,用吸尘器打扫
variable,adj.,可变的；易变的
variable,n.,变量；可变因素
variation,n.,变化；变动；变体
vary,v.,变化；不同
venture,n.,风险项目；冒险
venture,v.,冒险；敢于
verify,v.,验证；核实
versus,prep.,对；对抗
vessel,n.,船；容器；血管
vigorous,adj.,精力充沛的；有力的
virtual,adj.,虚拟的；事实上的
virtually,adv.,几乎；事实上
visibility,n.,能见度
visible,adj.,可见的；明显的
vision,n.,视力；视野；远见；幻象
vitamin,n.,维生素；维他命
volcanic,adj.,火山的
volume,n.,体积；容量；音量；卷；册
vulnerability,n.,脆弱性；弱点
vulnerable,adj.,脆弱的；易受攻击的
warning,n.,警告；告诫
washing,n.,洗涤；待洗衣物
weapon,n.,武器
weave,v.,编织；穿行
wed,v.,结婚
well,adj.,健康的；良好的
well,adv.,好；很好地
well,int.,嗯；好吧
well-being,n.,幸福；安康
whereas,conj.,然而；鉴于
will:v.,将要；愿意
wireless,adj.,无线的
wireless,n.,无线电；收音机
withstand,v.,抵挡；经受住
wooden,adj.,木制的；僵硬的
workforce,n.,劳动力；全体员工
workshop,n.,车间；研讨会
worship,n.,崇拜；敬奉；礼拜
worship,v.,崇拜；敬奉；做礼拜
wreck,n.,失事（船、飞机等）的残骸；严重受损的东西
wreck,v.,破坏；毁坏
yield,n.,产量；收益
yield,v.,产生；屈服；让步
yield,vi.,屈服；让步
yield,vt.,产生；放弃
yoga,n.,瑜伽
youngster,n.,年轻人；少年
