Miss,n.,小姐
fat,adj.,胖的
tie,n.,领带
tie,v.,绑；系
run,v.,跑
hammer,n.,锤子
find,v.,找到
lift,v.,举起；提起
lift,n.,电梯
fresh,adj.,新鲜的
chalk,n.,粉笔
medicine,n.,药
miss,v.,想念；错过
miss,v.,错过；想念
pass,v.,通过；及格
rest,n.,休息；剩余部分
rest,v.,休息
spell,v.,拼写
tramp,n.,流浪汉
ring,v.,按铃；打电话
ring,n.,戒指
overtake,v.,超车
litter,n.,垃圾
litter,v.,乱扔垃圾
piece,n.,一块；一片
ring,n.,戒指；铃声
string,n.,弦；线
shock,n.,震惊；电击
shock,v.,使震惊
turn,v.,转动；轮到
turn,n.,转弯；机会
stage,n.,舞台
boot,n.,靴子
curtain,n.,窗帘
appreciate,v.,欣赏；感激
comfortable,adj.,舒服的
desert,n.,沙漠
fantastic,adj.,极好的；奇妙的
bitterly,adv.,痛苦地；激烈地
relative,n.,亲戚
promptly,adv.,迅速地；立即
remains,n.,遗骸；残余物
snatch,v.,抢夺
sticky,adj.,粘的
vicar,n.,牧师
Endeavour,n.,奋进号
flood,n.,洪水
blacken,v.,使变黑
remote,adj.,遥远的
colony,n.,殖民地；群体
ring,n.,场地；圈
helicopter,n.,直升机
palace,n.,宫殿
peculiar,adj.,奇怪的；独特的
relieve,v.,缓解
petrol,n.,汽油
drill,v.,钻孔
advertiser,n.,广告商
chip,n.,薯片；芯片
shed,n.,小屋
site,n.,地点；场所
puma,n.,美洲狮
spot,n.,斑点；地点
spot,v.,发现；认出
evidence,n.,证据
accumulate,v.,积累；积聚
oblige,v.,迫使；帮忙
hunt,v.,打猎；搜寻
blackberry,n.,黑莓
human being,n.,人；人类
corner,n.,角落
trail,n.,踪迹；小径
print,n.,印记；印刷品
print,v.,打印；印刷
cling,v.,紧贴；依附
convince,v.,说服；使确信
somehow,adv.,不知何故；以某种方式
disturb,v.,打扰
equal,adj.,相等的；平等的
equal,v.,等于
raise,v.,举起；抚养；筹集
torchlight,n.,手电筒光；火炬光
goddess,n.,女神
archaeologist,n.,考古学家
Aegean,adj.,爱琴海的
explore,v.,探索；勘探
promontory,n.,海角
prosperous,adj.,繁荣的
civilization,n.,文明
storey,n.,楼层
drainage,n.,排水系统
worship,v.,崇拜；敬奉
sacred,adj.,神圣的
fragment,n.,碎片
remains,n.,遗迹；遗骸
classical,adj.,古典的
reconstruct,v.,重建
hip,n.,臀部；髋部
full-length,adj.,全身的；完整的
graceful,adj.,优雅的
identity,n.,身份
manual,n.,手册
manual,adj.,手工的；体力的
collar,n.,衣领
sacrifice,n.,牺牲
sacrifice,v.,牺牲
privilege,n.,特权
dustman,n.,垃圾工
corporation,n.,公司；企业
overalls,n.,工装裤
shower,n.,淋浴；阵雨
secret,n.,秘密
secret,adj.,秘密的
status,n.,地位；状态
editor,n.,编辑
extreme,adj.,极端的
statistics,n.,统计数据；统计学
journalist,n.,记者
president,n.,总统；主席
publish,v.,出版；发表
fax,n.,传真
impatient,adj.,不耐烦的
fire,n.,火
fire,v.,开火；解雇
originally,adv.,最初；原来
smash-and-grab,n.,砸橱窗抢劫
arcade,n.,拱廊；游戏机中心
Piccadilly,n.,皮卡迪利
jewellery,n.,珠宝首饰
necklace,n.,项链
background,n.,背景
velvet,n.,天鹅绒；丝绒
headlight,n.,车头灯
blare,v.,发出响亮刺耳的声音
staff,n.,员工
raid,n.,突袭；搜查
scramble,v.,攀爬；争抢
ashtray,n.,烟灰缸
mutilate,v.,使残缺；毁伤
chew,v.,咀嚼
fiancé,n.,未婚夫
microwave,n.,微波炉
oven,n.,烤箱
safekeeping,n.,妥善保管
Newcastle,n.,纽卡斯尔
identify,v.,识别；确认
spokeswoman,n.,女发言人
monastery,n.,修道院
pass,n.,通行证
pass,v.,通过
watchdog,n.,看门狗；监察者
rashly,adv.,鲁莽地
enclosure,n.,围场；附件
monk,n.,僧侣；和尚
privacy,n.,隐私
skier,n.,滑雪者
Easter,n.,复活节
fascinate,v.,迷住；深深吸引
affectionate,adj.,深情的；充满爱的
mysterious,adj.,神秘的
submissive,adj.,顺从的；服从的
feline,adj.,猫科的；像猫的
independence,n.,独立
high-rise,n.,高楼大厦
windowsill,n.,窗台
paratrooper,n.,伞兵
squirrel,n.,松鼠
air-resistance,n.,空气阻力
impact,n.,冲击；影响
Southampton,n.,南安普敦
colossal,adj.,巨大的
watertight,adj.,不漏水的
compartment,n.,隔间；车厢
flood,v.,淹没
float,v.,漂浮
tragic,adj.,悲惨的；悲剧的
liner,n.,邮轮；班轮
voyage,n.,航行
iceberg,n.,冰山
lookout,n.,瞭望员
collision,n.,碰撞
narrowly,adv.,勉强地；惊险地
slight,adj.,轻微的
tremble,v.,颤抖
faint,v.,昏倒
faint,adj.,微弱的
horror,n.,恐惧；恐怖
abandon,v.,抛弃；放弃
plunge,v.,投入；跳入
lifeboat,n.,救生艇
guilty,adj.,有罪的；内疚的
tolerant,adj.,宽容的
declare,v.,宣布；申报
hardened,adj.,变硬的；有经验的
professional,adj.,专业的
professional,n.,专业人士
smuggler,n.,走私者
officious,adj.,爱管闲事的
confidently,adv.,自信地
dreadful,adj.,可怕的；糟糕的
pounce,v.,猛扑
perfume,n.,香水
sarcastically,adv.,讽刺地
exempt,adj.,被豁免的
duty,n.,责任；关税
gel,n.,凝胶
mixture,n.,混合物
unscrew,v.,拧开
nostril,n.,鼻孔
baggage,n.,行李
desert island,n.,荒岛
unrealistic,adj.,不切实际的
paradise,n.,天堂；乐园
wretched,adj.,悲惨的；不幸的
starve,v.,挨饿
element,n.,元素；要素
opportunity,n.,机会
coral,n.,珊瑚
Virgin Islands,n.,维尔京群岛
Miami,n.,迈阿密
dinghy,n.,小艇
Caribbean,n.,加勒比
spear gun,n.,鱼枪
lobster,n.,龙虾
tanker,n.,油轮
genuinely,adv.,真正地；真诚地
Robinson Crusoe,n.,鲁滨逊·克鲁索
costume,n.,服装；戏服
consist,v.,由…组成
sheet,n.,床单；一张(纸)
effective,adj.,有效的
storeroom,n.,储藏室
electricity,n.,电
metre,n.,米；公尺
pace,n.,步速；节奏
flee,v.,逃跑
slam,v.,猛地关上
gangster,n.,歹徒；匪徒
Chicago,n.,芝加哥
protection,n.,保护
destroy,v.,摧毁；破坏
remarkable,adj.,非凡的；显著的
band,n.,乐队；带子
Florence,n.,佛罗伦萨
city-state,n.,城邦
hire,v.,租用；雇佣
prince,n.,王子
Florentine,n.,佛罗伦萨人
funeral,n.,葬礼
dedicate,v.,奉献；致力于
memory,n.,记忆；纪念
valiant,adj.,勇敢的
pocket money,n.,零用钱
rattle,v.,发出嘎嘎声
thrifty,adj.,节俭的
nephew,n.,侄子；外甥
bounce,v.,弹起；反弹
pavement,n.,人行道
stick,v.,粘贴；卡住
stick,n.,棍子
brigade,n.,队；旅
grease,n.,油脂
prize,n.,奖品
tie,n.,领带；平局
theft,n.,盗窃
accuse,v.,指控
deny,v.,否认
ashamed,adj.,羞愧的；惭愧的
apologize,v.,道歉
dye,v.,染色
dye,n.,染料
suspension,n.,暂停；悬挂
agreeable,adj.,令人愉快的；同意的
situation,n.,情况；处境
locate,v.,位于；找到
immortal,adj.,不朽的
Brooklyn,n.,布鲁克林
Staten,n.,斯塔滕
span,n.,跨度
span,v.,横跨
cable,n.,缆绳；电缆
concrete,n.,混凝土
suspend,v.,悬挂；暂停
length,n.,长度
estimate,v.,估计
estimate,n.,估计
capacity,n.,容量；能力
immensity,n.,巨大；广阔
elegant,adj.,优雅的
faintly,adv.,微弱地
current,n.,水流；电流
current,adj.,当前的
sculpture,n.,雕塑
mistaken,adj.,错误的
gallery,n.,画廊；美术馆
exhibit,v.,展览
exhibit,n.,展品
oddly,adv.,奇怪地
attach,v.,附上；连接
sphere,n.,球体
magnetize,v.,使磁化
repel,v.,排斥；击退
flicker,v.,闪烁
emit,v.,发出；散发
flash,n.,闪光
flash,v.,闪光
prehistoric,adj.,史前的
electronic,adj.,电子的
emotionally,adv.,情绪上地
dear,adj.,亲爱的；昂贵的
kidnapper,n.,绑匪
considerable,adj.,相当大的
wealthy,adj.,富有的
orderly,adj.,有秩序的
disappearance,n.,消失
anonymous,adj.,匿名的
ransom,n.,赎金
cardboard,n.,纸板
withdraw,v.,撤回；取款
punctually,adv.,准时地
astound,v.,使震惊
pioneer,n.,先驱；先锋
lord,n.,勋爵；领主
Calais,n.,加来
overland,adv.,经陆路
boxing,n.,拳击
boxer,n.,拳击手
bare,adj.,赤裸的
prizefighter,n.,职业拳击手
crude,adj.,粗糙的；简陋的
marquis,n.,侯爵
technically,adv.,技术上
science,n.,科学
popularity,n.,受欢迎；流行
adore,v.,崇拜；爱慕
alike,adv.,同样地
alike,adj.,相似的
fame,n.,名声
eminent,adj.,杰出的；卓越的
bet,v.,打赌
bet,n.,赌注
academy,n.,学院
extravagant,adj.,奢侈的；浪费的
poverty,n.,贫穷
run,v.,跑；经营
lines,n.,台词
part,n.,部分；角色
falter,v.,犹豫；蹒跚
cast,n.,演员阵容
cast,v.,投掷；扮演
role,n.,角色
aristocrat,n.,贵族
imprison,v.,监禁
Bastille,n.,巴士底狱
gaoler,n.,狱卒
colleague,n.,同事
curtain,n.,窗帘；幕布
reveal,v.,揭示；透露
cell,n.,细胞；单人牢房
blank,adj.,空白的
squint,v.,眯着眼看
dim,adj.,昏暗的
sire,n.,陛下
proceed,v.,继续进行
poison,n.,毒药
poison,v.,毒害
illogical,adj.,不合逻辑的
octopus,n.,章鱼
delicacy,n.,美食；佳肴
repulsive,adj.,令人厌恶的
stomach,n.,胃
turn,v.,转动
fry,v.,煎；炸
fat,n.,脂肪
abuse,n.,滥用；虐待
abuse,v.,滥用；虐待
snail,n.,蜗牛
luxury,n.,奢侈品；奢华
associate,v.,联系；联想
despise,v.,鄙视
appeal,v.,呼吁；吸引
appeal,n.,吸引力
shower,n.,淋浴
stroll,v.,散步；闲逛
impulse,n.,冲动
dozen,n.,一打；十二个
fancy,adj.,花哨的；昂贵的
fancy,v.,想象；喜欢
skeleton,n.,骨骼；骨架
seemingly,adv.,表面上；似乎
respectable,adj.,体面的；值得尊敬的
conceal,v.,隐藏
vivid,adj.,生动的
dramatic,adj.,戏剧性的；引人注目的
ruin,v.,毁坏
ruin,n.,废墟
heroine,n.,女主角
fiction,n.,小说
varying,adj.,变化的
guestroom,n.,客房
unpack,v.,打开(行李)
stack,n.,一堆
stack,v.,堆放
underclothes,n.,内衣
drawer,n.,抽屉
petrify,v.,使石化；使惊呆
dangle,v.,悬挂；摇晃
sway,v.,摇摆
unsympathetic,adj.,无同情心的
medical,adj.,医学的
impressive,adj.,令人印象深刻的
steamship,n.,轮船；蒸汽船
vessel,n.,船；容器
era,n.,时代
Java,n.,爪哇
rudder,n.,舵
roll,v.,滚动；摇晃
steer,v.,驾驶；掌舵
temporary,adj.,临时的
plank,n.,木板
fit,v.,安装；适合
fit,adj.,健康的
Equator,n.,赤道
delay,v.,延迟；耽搁
influence,n.,影响
influence,v.,影响
pride,n.,骄傲；自豪
taste,n.,品味；味道
taste,v.,品尝
exert,v.,施加；运用
subtle,adj.,微妙的
classify,v.,分类
magic,n.,魔法；魔力
sample,n.,样品
devise,v.,设计；想出
capture,v.,捕捉；俘获
manufacturer,n.,制造商
wheelbarrow,n.,手推车
ingredient,n.,成分；原料
crane,n.,起重机；鹤
anticipate,v.,预期；预料
philosopher,n.,哲学家
wisdom,n.,智慧
priest,n.,牧师；神父
spiritual,adj.,精神的
grudge,n.,怨恨
surgeon,n.,外科医生
passer-by,n.,路人
dignity,n.,尊严
deliberately,adv.,故意地
consequence,n.,后果；结果
afflict,v.,使痛苦；折磨
ease,n.,安逸；舒适
ease,v.,减轻
nature,n.,自然；本性
contempt,n.,鄙视；轻视
envious,adj.,嫉妒的
wares,n.,商品；货物
anchor,n.,锚
deck,n.,甲板
silverware,n.,银器
tempt,v.,引诱
bargain,n.,便宜货
bargain,v.,讨价还价
disembark,v.,下船；登陆
assail,v.,攻击；质问
marble,n.,大理石
inscribe,v.,铭刻
favour,n.,恩惠；偏爱
gesticulate,v.,做手势
outrageous,adj.,骇人的；无耻的
thrust,v.,猛推
largely,adv.,主要地；大部分
comic,adj.,喜剧的；滑稽的
universal,adj.,普遍的；通用的
comedian,n.,喜剧演员
distasteful,adj.,令人反感的
pester,v.,纠缠；烦扰
dread,v.,恐惧；害怕
recovery,n.,恢复
plaster,n.,石膏
console,v.,安慰
hobble,v.,跛行
compensate,v.,补偿
mumble,v.,喃喃自语
labourer,n.,劳工；工人
overnight,adv.,一夜之间
hay,n.,干草
corn,n.,玉米；谷物
moonlight,n.,月光
conscientious,adj.,认真的；尽责的
suspect,v.,怀疑
suspect,n.,嫌疑人
desert,v.,抛弃；擅离职守
regiment,n.,团(军队)
action,n.,行动
recluse,n.,隐士
lovable,adj.,可爱的
eccentric,adj.,古怪的
eccentric,n.,古怪的人
disregard,v.,忽视；不理会
convention,n.,惯例；大会
conscious,adj.,有意识的；意识到的
invariably,adv.,总是；不变地
routine,n.,常规；例行公事
shrewd,adj.,精明的
eccentricity,n.,古怪行为
legendary,adj.,传奇的
snob,n.,势利小人
intensely,adv.,强烈地
bedraggled,adj.,湿透的；邋遢的
dump,v.,倾倒；丢弃
apologetic,adj.,道歉的
reprimand,v.,训斥；谴责
stage,n.,舞台；阶段
elaborate,adj.,精心制作的
elaborate,v.,详细阐述
salvage,v.,抢救；打捞
Barents,n.,巴伦支
sunken,adj.,沉没的
cargo,n.,货物
bullion,n.,金条；银条
scour,v.,搜寻；擦洗
chest,n.,箱子；胸部
contents,n.,内容；所含之物
belongings,n.,财产；所有物
item,n.,项目；物品
cruiser,n.,巡洋舰
find,n.,发现物
log book,n.,航海日志
piece,n.,一块；一件
convoy,n.,护航队
torpedo,n.,鱼雷
submarine,n.,潜艇
naval,adj.,海军的
ministry,n.,(政府的)部
prelude,n.,前奏；序幕
unforeseen,adj.,未预见到的
series,n.,一系列
catastrophe,n.,灾难
crockery,n.,陶器；瓦器
suburb,n.,郊区
collide,v.,碰撞
learner,n.,学习者；初学者
panic,n.,恐慌
panic,v.,恐慌
windscreen,n.,挡风玻璃
alongside,prep.,在…旁边
slide,v.,滑动
stray,adj.,走失的；流浪的
confusion,n.,混乱；困惑
greedily,adv.,贪婪地
devour,v.,吞食
antique,n.,古董
antique,adj.,古董的
fascination,n.,魅力；着迷
forbidding,adj.,令人生畏的；险恶的
muster,v.,鼓起(勇气)；召集
pretentious,adj.,自命不凡的；炫耀的
labyrinth,n.,迷宫
musty,adj.,发霉的
rarity,n.,稀有
assorted,adj.,各式各样的
junk,n.,垃圾；废品
carve,v.,雕刻
dagger,n.,匕首
litter,v.,乱扔
dedicated,adj.,专注的；献身的
bargain hunter,n.,到处找便宜货的人
dealer,n.,商人
cherish,v.,珍爱
amply,adv.,充足地
masterpiece,n.,杰作
mere,adj.,仅仅的
prise,v.,撬开
miniature,n.,微缩模型
miniature,adj.,微型的
composition,n.,作品；构图；作文
justice,n.,公正；司法
court,n.,法庭
law,n.,法律
innocence,n.,无辜；天真
undertake,v.,承担；从事
arduous,adj.,艰巨的；费力的
abstract,adj.,抽象的
concept,n.,概念
mete out,v.,给予(惩罚)
interference,n.,干涉
accord,n.,协议；一致
premises,n.,房产；经营场所
convert,v.,转换
disused,adj.,废弃的
fireplace,n.,壁炉
muffle,v.,捂住；使声音变低沉
chip,v.,削下；凿下
emerge,v.,出现
credulous,adj.,轻信的
improbable,adj.,不大可能的
obscure,adj.,模糊的；不出名的
maidservant,n.,女仆
presume,v.,推测；假定
wickedly,adv.,邪恶地
plot,n.,阴谋
plot,v.,密谋
downfall,n.,垮台；衰败
naive,adj.,天真的
unacceptable,adj.,不能接受的
conspire,v.,共谋；密谋
incredible,adj.,难以置信的
resemblance,n.,相似
scorn,n.,轻蔑
acquaint,v.,使熟悉
reunite,v.,重聚
assume,v.,假设；承担
express,adj.,快速的
express,v.,表达
punctual,adj.,准时的
condition,n.,条件；状况
unshakable,adj.,不可动摇的
faith,n.,信仰；信任
cancel,v.,取消
exceptionally,adv.,格外地；异常地
dislocate,v.,使脱臼；扰乱
blame,v.,责备
consult,v.,咨询；查阅
direct,adj.,直接的
direct,v.,指导
odd,adj.,奇怪的；奇数的
reflect,v.,反射；反映
advantage,n.,优势；好处
mighty,adj.,强大的
dawdle,v.,闲逛；磨蹭
chug,v.,(发出)轧轧声
lodge,v.,寄宿；提出(投诉)
complaint,n.,投诉；抱怨
triumph,n.,胜利
asterisk,n.,星号
conduct,v.,进行；引导
conduct,n.,行为
calendar,n.,日历
historian,n.,历史学家
unique,adj.,独特的
steadily,adv.,稳定地
solely,adv.,仅仅；唯一地
video,n.,视频
CD-ROM,n.,光盘
bewilder,v.,使迷惑
deduce,v.,推断
scanty,adj.,缺乏的；不足的
mammoth,n.,猛犸象
mammoth,adj.,巨大的
tusk,n.,长牙
nomad,n.,游牧民
correlate,v.,使相互关联
clue,n.,线索
insignificant,adj.,微不足道的
shed,v.,脱落；流出
advent,n.,到来；出现
agriculture,n.,农业
assumption,n.,假设
dot,n.,点
symbol,n.,符号；象征
engrave,v.,雕刻
ivory,n.,象牙
phase,n.,阶段
primitive,adj.,原始的
depict,v.,描绘
rough,adj.,粗糙的；崎岖的
boulder,n.,巨石
pit,n.,坑
perturb,v.,使不安
underestimate,v.,低估
swerve,v.,突然转向
scoop,v.,舀起
ominously,adv.,不祥地
rip,v.,撕裂
zigzag,n.,之字形
shallow,adj.,浅的
grind,v.,磨碎
stretch,n.,一段路程
stretch,v.,伸展
obstacle,n.,障碍
clump,n.,一丛；一簇
fissure,n.,裂缝
renew,v.,更新；续期
pleading,n.,恳求
gear,n.,齿轮；排挡
astride,prep.,跨坐
crack,n.,裂缝
crack,v.,裂开
halt,v.,停止
halt,n.,停止
dashboard,n.,仪表盘
hoax,n.,骗局；恶作剧
deception,n.,欺骗
self-respecting,adj.,有自尊心的
indulge,v.,沉溺；放纵
pneumatic,adj.,气动的
drill,n.,钻子
silly,adj.,愚蠢的
advance,n.,前进；预付款
archway,n.,拱门
remonstrate,v.,抗议；抱怨
ironically,adv.,讽刺地
permission,n.,允许
grant,v.,授予；同意
illusion,n.,幻觉；错觉
pastoral,adj.,田园的；牧师的
breed,v.,繁殖；饲养
rapture,n.,狂喜
extol,v.,赞美
superior,adj.,优越的；上级的
cockcrow,n.,鸡鸣
twitter,v.,(鸟)啾啾叫
glint,v.,闪烁
pasture,n.,牧场
idyllic,adj.,田园诗般的
virtually,adv.,几乎；事实上
dubious,adj.,可疑的
misery,n.,痛苦；悲惨
acquaintance,n.,熟人
treat,v.,对待；治疗
dweller,n.,居民
stagger,v.,蹒跚
exotic,adj.,异国情调的
glow,n.,光辉
glow,v.,发光
descend,v.,下降
tuck,v.,塞进
obstinately,adv.,固执地
caveman,n.,穴居人
pot-holing,n.,洞穴探险
solitude,n.,孤独；独居
lure,v.,引诱
pot-holer,n.,洞穴探险者
rambler,n.,漫步者
undertaking,n.,任务；事业
foresight,n.,预见；先见之明
foretell,v.,预言
Grenoble,n.,格勒诺布尔
chasm,n.,裂口；峡谷
flaw,n.,瑕疵；缺陷
distinguished,adj.,杰出的；著名的
Everest,n.,珠穆朗玛峰
wade,v.,涉水
waterfall,n.,瀑布
gear,n.,装备
inflatable,adj.,可充气的
rubble,n.,碎石
insistent,adj.,坚持的
boom,n.,隆隆声
boom,v.,繁荣
waterspout,n.,水龙卷
cleft,n.,裂缝
cavern,n.,大洞穴
stalagmite,n.,石笋
stalactite,n.,钟乳石
limestone,n.,石灰岩
glisten,v.,闪光
eerie,adj.,怪异的；阴森的
dome,n.,圆屋顶
insure,v.,投保
fete,n.,游园会
premium,n.,保险费
recover,v.,恢复；找回
admittedly,adv.,公认地；诚然
purchase,v.,购买
purchase,n.,购买
annual,adj.,每年的
teenager,n.,青少年
capsize,v.,(船)倾覆
shiver,v.,颤抖
dive,v.,潜水；跳水
haul,v.,拖；拉
hawser,n.,粗缆绳
rim,n.,边缘
winch,n.,绞车
agonizing,adj.,令人痛苦的
perch,v.,栖息
precariously,adv.,危险地
overbalance,v.,失去平衡
clamp,n.,夹子
clamp,v.,夹紧
vertically,adv.,垂直地
torrent,n.,激流
rebound,v.,反弹
positively,adv.,肯定地；积极地
compartment,n.,隔间
cramped,adj.,狭窄的
stuffy,adj.,闷热的
monotonous,adj.,单调的
rhythm,n.,节奏
click,n.,咔哒声
lull,v.,使平静；催人入睡
snatch,n.,片段
sleeper,n.,卧铺车厢；睡眠者
fumble,v.,摸索
inspection,n.,检查
inevitably,adv.,不可避免地
destination,n.,目的地
exhaust,v.,使筋疲力尽
exhaust,n.,废气
motorway,n.,高速公路
ferry,n.,渡轮
cruise,n.,乘船游览
civilize,v.,使文明
spacious,adj.,宽敞的
seasick,adj.,晕船的
intimidate,v.,恐吓；威胁
disadvantage,n.,缺点；不利
exhilarating,adj.,令人兴奋的
escapist,n.,逃避现实者
sip,v.,啜饮
champagne,n.,香槟
refinement,n.,文雅；精致
breathtaking,adj.,惊人的；令人叹为观止的
soar,v.,翱翔；高飞
effortlessly,adv.,毫不费力地
landscape,n.,风景
uncrumpled,adj.,未皱的
democratic,adj.,民主的
restrict,v.,限制
contention,n.,争论；论点
untold,adj.,数不清的；未说出的
South Dakota,n.,南达科他州
perpetual,adj.,永久的；不断的
quintuplet,n.,五胞胎
obscurity,n.,默默无闻；晦涩
radically,adv.,根本地；彻底地
exclusive,adj.,独家的；排外的
nursery,n.,托儿所；育婴室
commercialization,n.,商业化
commodity,n.,商品
plead,v.,恳求；辩护
ignorance,n.,无知
publication,n.,出版物；发表
newlyweds,n.,新婚夫妇
gaily,adv.,快乐地
leisure,n.,休闲
keen,adj.,热衷的；敏锐的
advisory,adj.,咨询的
novice,n.,新手
consumer,n.,消费者
assemble,v.,组装；集合
outlet,n.,出口；专卖店
creative,adj.,有创造力的
handyman,n.,勤杂工；能工巧匠
resourceful,adj.,足智多谋的
fuse,n.,保险丝
fuse,v.,熔合
rickety,adj.,摇摇欲坠的
clog,v.,堵塞
delusion,n.,错觉；妄想
lawn mower,n.,割草机
adjustment,n.,调整
screw,n.,螺丝
dismantle,v.,拆卸
chunk,n.,大块
snap,v.,突然折断
insurmountable,adj.,无法克服的
jigsaw,n.,拼图
nag,v.,唠叨
rust,n.,锈
rust,v.,生锈
pollution,n.,污染
overpopulated,adj.,人口过多的
over-industrialized,adj.,过度工业化的
sheer,adj.,完全的；陡峭的
worldwide,adj.,全世界的
overwhelm,v.,压倒；淹没
pollute,v.,污染
pesticide,n.,杀虫剂
fertilizer,n.,肥料
salmonella,n.,沙门氏菌
listeria,n.,李斯特菌
vegetarian,n.,素食者
organically-grown,adj.,有机种植的
insidious,adj.,潜伏的；阴险的
urban,adj.,城市的
burglar,n.,窃贼
burgle,v.,入室盗窃
scream,v.,尖叫
profound,adj.,深刻的
irritation,n.,烦恼；刺激
incessantly,adv.,不停地
whine,v.,哀鸣；发牢骚
maximum,n.,最大值
maximum,adj.,最大的
technology,n.,技术
contribution,n.,贡献
mobile,adj.,可移动的
snore,v.,打鼾
offender,n.,罪犯；冒犯者
staggering,adj.,惊人的
trumpet,n.,小号
partner,n.,伙伴；搭档
inaccessible,adj.,难以到达的
hospitable,adj.,好客的
hostile,adj.,敌对的
vicinity,n.,附近
architectural,adj.,建筑的
fresco,n.,壁画
abruptly,adv.,突然地
tramp,v.,跋涉
moor,n.,荒野
straggle,v.,散落；掉队
dilapidated,adj.,破旧的
sardine,n.,沙丁鱼
rag,n.,破布
motionless,adj.,静止的
procession,n.,队伍；行列
shawl,n.,披肩
peer,v.,凝视
quicken,v.,加快
rambling,adj.,漫步的；杂乱无章的
sentimentally,adv.,多愁善感地
lavishly,adv.,奢侈地；慷慨地
immaculate,adj.,洁净的；无瑕的
parquet,n.,镶木地板
gleam,v.,闪烁
preside,v.,主持
invisible,adj.,看不见的
scrub,v.,擦洗
enlightened,adj.,开明的
fickleness,n.,善变
unrelenting,adj.,不屈不挠的；无情的
disillusion,n.,幻灭
industriousness,n.,勤奋
qualification,n.,资格
mirth,n.,欢乐
cellar,n.,地窖
resolution,n.,决心；决议
mentally,adv.,精神上
compile,v.,编写；汇编
formidable,adj.,可怕的；令人敬畏的
recur,v.,再发生
regularity,n.,规律性
accomplishment,n.,成就
attainment,n.,达到；成就
inveterate,adj.,根深蒂固的
self-improvement,n.,自我提升
scheme,n.,计划；方案
ambitious,adj.,有野心的
pitfall,n.,陷阱；困难
modest,adj.,谦虚的；适度的
assiduously,adv.,刻苦地
self-discipline,n.,自律
frame,n.,框架
betray,v.,背叛
troop,n.,部队
unsettle,v.,使不安
taunt,v.,嘲弄
jibe,n.,嘲讽
good-humouredly,adv.,和气地
wane,v.,衰落；减弱
diminish,v.,减少
hypnotize,v.,催眠
undoing,n.,毁灭的原因
screen,n.,屏幕
notoriously,adv.,臭名昭著地
mainframe,n.,大型机
full-time,adj.,全职的
technician,n.,技术员
software,n.,软件
IBM,n.,IBM公司
DOS,n.,磁盘操作系统
Microsoft,n.,微软
user-friendly,adj.,用户友好的；易于使用的
multimedia,n.,多媒体
alternative,n.,替代选择
alternative,adj.,替代的
diagnose,v.,诊断
accountant,n.,会计师
repetitive,adj.,重复的
clerical,adj.,文书的
Internet,n.,互联网
network,n.,网络
permanent,adj.,永久的
tint,n.,色彩；色调
delicate,adj.,精致的；脆弱的
shade,n.,阴凉处；色度
observant,adj.,观察力敏锐的
greyish,adj.,浅灰色的
dispel,v.,驱散
outlandish,adj.,古怪的
acquisition,n.,获得；收购
cosmetic,n.,化妆品
fanciful,adj.,想象的；稀奇的
insoluble,adj.,不能溶解的；无法解决的
prompt,v.,促使
prompt,adj.,迅速的
exclusive,adj.,独家的
syllable,n.,音节
bewilderment,n.,困惑
freckle,n.,雀斑
evidently,adv.,明显地
weird,adj.,怪异的
concoction,n.,混合物；调制品
intoxicate,v.,使陶醉；使中毒
discreetly,adv.,谨慎地
clutch,v.,紧握
adorn,v.,装饰
evolve,v.,进化；发展
high-handed,adj.,高压的；专横的
incompetent,adj.,不称职的
over-zealously,adv.,过分热情地
safeguard,v.,保护
parliamentary,adj.,议会的
qualified,adj.,有资格的
grievance,n.,不满；怨言
Justiteombudsman,n.,司法特派员
ombudsman,n.,监察员
secretive,adj.,秘密的
correspondence,n.,通信；信件
alter,v.,改变
accusation,n.,指控
ascertain,v.,查明；确定
prejudiced,adj.,有偏见的
insect,n.,昆虫
wage,v.,发动(战争)
contaminate,v.,污染
provocation,n.,挑衅
spider,n.,蜘蛛
wasp,n.,黄蜂
moth,n.,蛾
ant,n.,蚂蚁
revulsion,n.,厌恶
horde,n.,一大群
uncanny,adj.,神秘的；不可思议的
erase,v.,擦掉
praying mantis,n.,螳螂
entranced,adj.,着迷的
beetle,n.,甲虫
sheltered,adj.,受保护的
luscious,adj.,甘美的；美味的
cluster,n.,一簇；一群
aphid,n.,蚜虫
underside,n.,下面；底部
colony,n.,群体；殖民地
scurry,v.,急匆匆地跑
swarm,n.,一大群(昆虫)
swarm,v.,蜂拥
ingenuity,n.,心灵手巧；独创性
astronomy,n.,天文学
relative,adj.,相对的
infinitely,adv.,无限地
solar,adj.,太阳的
Venus,n.,金星
Mars,n.,火星
orbit,n.,轨道
orbit,v.,绕轨道运行
astronomical,adj.,天文学的；巨大的
generate,v.,产生
particle,n.,粒子；微粒
Jupiter,n.,木星
blot,n.,污点
analyse,v.,分析
bacteria,n.,细菌
oxygen,n.,氧气
realm,n.,领域；王国
endeavour,n.,努力
endeavour,v.,努力
boundary,n.,边界
pump,v.,泵送；打气
overtake,v.,超过
backwater,n.,死水；停滞不前的地方
predecessor,n.,前任；前辈
meadow,n.,草地
crown,n.,王冠
holly,n.,冬青
wreath,n.,花环
occurrence,n.,发生；事件
proportion,n.,比例；部分
spell,n.,一段时间
stall,n.,货摊；隔间
attic,n.,阁楼
sweeping,adj.,彻底的；影响广泛的
critical,adj.,关键的；批评的
juncture,n.,关头；接合点
raft,n.,木筏
unduly,adv.,过度地
foundations,n.,地基；基础
stoutly,adv.,坚决地
submerge,v.,淹没
grapple,v.,搏斗；努力解决
alien,n.,外星人
alien,adj.,外国的
emigrate,v.,移居国外
absorb,v.,吸收
embedded,adj.,嵌入的
mortally,adv.,致命地
comprehensive,adj.,全面的
milestone,n.,里程碑
territory,n.,领土
milometer,n.,里程表
spire,n.,尖顶
retrace,v.,回溯；原路返回
stumble,v.,绊倒
horizon,n.,地平线
reservoir,n.,水库
lift,v.,举起
monstrous,adj.,巨大的；可怕的
negligence,n.,疏忽
prudent,adj.,谨慎的
composure,n.,镇静
intruder,n.,入侵者
lurk,v.,潜伏
hinder,v.,阻碍
fingerprint,n.,指纹
chaos,n.,混乱
inconceivable,adj.,不可思议的
veritable,adj.,名副其实的
magpie,n.,喜鹊
toss,v.,扔；抛
discard,v.,丢弃
constable,n.,警察
ransack,v.,洗劫；搜查
balcony,n.,阳台
fussy,adj.,挑剔的
amass,v.,积累；积聚
indiscriminate,adj.,不加选择的；任意的
clutter,n.,杂乱
clutter,v.,使杂乱
string,n.,绳子；线
requisite,adj.,必需的
mania,n.,狂热
sketch,n.,素描；草图
strong-minded,adj.,意志坚强的
relaxation,n.,放松
verify,v.,核实；证实
bearing,n.,关系；举止
like-minded,adj.,志同道合的
specimen,n.,标本；样本
constructively,adv.,建设性地
contented,adj.,满足的
boredom,n.,无聊
punctuality,n.,准时
rural,adj.,农村的
disregard,v.,忽视
intellectual,adj.,智力的
intellectual,n.,知识分子
abstruse,adj.,深奥的
coordinate,v.,协调
reproach,v.,责备
puncture,n.,刺孔
puncture,v.,刺穿
diversion,n.,绕行；消遣
trial,n.,审判；试验
fraction,n.,小部分；分数
flourish,v.,繁荣；茂盛
microscopic,adj.,微观的；极小的
adamant,adj.,坚决的；固执的
court,n.,法庭；球场
fit,n.,一阵发作
assemble,v.,集合；组装
chip,n.,芯片；薯片
specimen,n.,样本；标本
luxury,n.,奢侈；奢侈品
crack,v.,猛击；使破裂
alien,adj.,外来的；陌生的
ring,n.,环
capacity,n.,能力；容量
amass,v.,积累
ambitious,adj.,有野心的；有抱负的
amply,adv.,充足地
analyse,v.,分析
anchor,n.,锚；主持人
anchor,v.,抛锚；主持
annual,adj.,每年的
annual,n.,年刊
anonymous,adj.,匿名的
anticipate,v.,预期；预料
antique,adj.,古董的
antique,n.,古董
aphid,n.,蚜虫
apologetic,adj.,道歉的
apologize,v.,道歉
appeal,n.,呼吁；上诉；吸引力
appeal,v.,呼吁；上诉；吸引
appreciate,v.,欣赏；感激；理解
arcade,n.,拱廊；游戏厅
archaeologist,n.,考古学家
architectural,adj.,建筑的
archway,n.,拱门
arduous,adj.,艰苦的
aristocrat,n.,贵族
ascertain,v.,查明；确定
ashamed,adj.,羞愧的；惭愧的
ashtray,n.,烟灰缸
assail,v.,攻击
assemble,v.,集合；组装
assiduously,adv.,勤奋地
associate,adj.,副的
associate,n.,同事；伙伴
associate,v.,联系；交往
assorted,adj.,各种各样的
assume,v.,假设；承担
assumption,n.,假设
asterisk,n.,星号
astound,v.,使震惊
astride,prep.,跨着
astronomical,adj.,天文的；巨大的
astronomy,n.,天文学
attach,v.,附上；贴上
attainment,n.,成就；达到
attic,n.,阁楼
background,v.,作背景
backwater,n.,死水；穷乡僻壤
bacteria,n.,细菌
baggage,n.,行李
balcony,n.,阳台
bare,adj.,赤裸的；光秃秃的
bare,v.,露出
bargain,n.,便宜货；交易
bargain,v.,讨价还价
bearing,n.,举止；关系；轴承
bedraggled,adj.,湿透的；邋遢的
beetle,n.,甲虫
beetle,v.,突出；悬垂
belongings,n.,随身物品；财产
bet,n.,赌注
bet,v.,打赌；下注
betray,v.,背叛；出卖；泄露
bewilder,v.,使困惑；使糊涂
bewilderment,n.,困惑；迷茫
bitterly,adv.,痛苦地；极其
blackberry,n.,黑莓
blacken,v.,（使）变黑；诽谤
blame,n.,责备；责任
blame,v.,责备；归咎于
blank,adj.,空白的；茫然的
blank,n.,空白处；空格
blank,v.,脑子变空白；挡住
blare,n.,响而刺耳的声音
blare,v.,发出响而刺耳的声音
blot,n.,污渍；墨迹
blot,v.,用吸水纸吸干
boom,n.,繁荣；隆隆声
boom,v.,迅速发展；发出隆隆声
boot,n.,靴子；（汽车）后备箱
boot,v.,启动（电脑）；踢
boredom,n.,无聊；厌倦
boulder,n.,巨石
bounce,n.,弹跳；活力
bounce,v.,（使）弹起；反弹
boundary,n.,边界；界线
boxer,n.,拳击手
boxing,n.,拳击
burglar,n.,夜贼；窃贼
burgle,v.,入室盗窃
cable,n.,缆绳；电缆；电报
cable,v.,打电报
calendar,n.,日历；日程表
calendar,v.,把…列入日程表
cancel,v.,取消；抵消
capacity,n.,容量；能力；职位
capsize,v.,（使）翻船
capture,n.,捕获；战利品
capture,v.,捕获；占领；吸引
cargo,n.,货物
carve,v.,雕刻；切（肉）
cast,n.,演员阵容；铸件；投掷
cast,v.,投射；投掷；浇铸；选派（演员）
catastrophe,n.,大灾难；浩劫
caveman,n.,穴居人
cavern,n.,大洞穴
cavern,v.,挖空
cell,n.,细胞；单人牢房；电池
cellar,n.,地窖；酒窖
chalk,v.,用粉笔写；记录
champagne,n.,香槟
chug,n.,（引擎）轧轧声
chug,v.,（引擎）发出轧轧声缓慢行进
chunk,n.,大块；相当大的部分
city-state,n.,城邦
civilization,n.,文明
civilize,v.,使文明；教化
clamp,n.,夹子；夹具
clamp,v.,夹紧；固定
classical,adj.,古典的；经典的
classify,v.,将…分类；将…分级
cleft,adj.,裂开的
cleft,n.,裂缝
clerical,adj.,办公室文书的；神职人员的
clerical,n.,神职人员
click,n.,点击声；咔嗒声
click,v.,点击；发出咔嗒声；一见如故
cling,v.,紧紧抓住；依附；坚持
clog,n.,障碍物；木屐
clog,v.,（使）堵塞；阻碍
clue,n.,线索；提示
clue,v.,给…提供线索
clump,n.,丛；簇；沉重的脚步声
clump,v.,形成一丛；迈着沉重的步子走
cluster,n.,簇；群；串
cluster,v.,（使）聚集；（使）丛生
clutch,adj.,关键的
clutch,n.,离合器；紧抓；控制
clutch,v.,紧抓；紧握
clutter,n.,杂乱；混乱
clutter,v.,使凌乱；塞满
cockcrow,n.,鸡鸣时分；黎明
collar,n.,衣领；项圈
collar,v.,抓住；逮住
colleague,n.,同事；同僚
collide,v.,碰撞；冲突
collision,n.,碰撞；冲突
colony,n.,殖民地；（动植物的）群体
colossal,adj.,巨大的；庞大的
comedian,n.,喜剧演员
comfortable,adj.,舒适的；舒服的
comic,adj.,滑稽的；喜剧的
comic,n.,连环画；喜剧演员
commercialization,n.,商业化
commodity,n.,商品；日用品
compartment,n.,（火车）隔间；分隔间
compartment,v.,分隔
compile,v.,编写；汇编；编译
complaint,n.,抱怨；投诉；疾病
composition,n.,作文；作品；构成
comprehensive,adj.,全面的；综合的
comprehensive,n.,综合中学
conceal,v.,隐藏；隐瞒
concept,n.,概念；观念
concoction,n.,混合物；调制品；捏造
concrete,adj.,具体的；混凝土制的
concrete,n.,混凝土；具体物
concrete,v.,用混凝土覆盖
condition,n.,条件；状况；状态
condition,v.,调节；使适应；影响
conduct,n.,行为；举止；管理
conduct,v.,进行；引导；指挥；传导
confidently,adv.,自信地
confusion,n.,困惑；混乱；混淆
conscientious,adj.,认真的；勤勤恳恳的
conscious,adj.,有意识的；意识到的
consequence,n.,后果；结果；重要性
considerable,adj.,相当大的；重要的
consist,v.,由…组成；在于
console,n.,控制台；操作台
console,v.,安慰；抚慰
conspire,v.,密谋；共谋
constable,n.,警察
constructively,adv.,建设性地
consult,v.,咨询；请教；查阅
consumer,n.,消费者；顾客
contaminate,v.,污染；弄脏
contempt,n.,轻视；蔑视
contented,adj.,心满意足的
contention,n.,争论；论点
contents,n.,内容；目录；所含之物
contribution,n.,贡献；捐款
convention,n.,大会；惯例；习俗
convert,n.,皈依者
convert,v.,（使）转变；（使）转换
convince,v.,使确信；说服
convoy,n.,护送；护航队
convoy,v.,护送；护航
coordinate,adj.,同等的；并列的
coordinate,n.,坐标；同等的人或物
coordinate,v.,协调；使相配合
corner,n.,角落；街角；困境
corner,v.,把…逼入绝境；垄断
corporation,n.,公司；法人团体
correlate,n.,相关物
correlate,v.,（使）相互关联
correspondence,n.,通信；信件；一致
cosmetic,adj.,美容的；化妆的
cosmetic,n.,化妆品
costume,n.,服装；戏装
costume,v.,为…设计服装
court,n.,法庭；球场；宫廷；院子
court,v.,追求；求爱；招致
crack,adj.,一流的；顶尖的
crack,n.,裂缝；爆裂声；尝试
crack,v.,（使）破裂；破解；发出爆裂声
cramped,adj.,狭窄的；（字迹）挤在一起的
crane,n.,鹤；起重机
crane,v.,伸长（脖子）看
credulous,adj.,轻信的；易受骗的
critical,adj.,批评的；关键的；危急的
crockery,n.,陶器；瓦器
crown,n.,王冠；顶点
crown,v.,为…加冕；使圆满
crude,adj.,粗糙的；天然的；粗鲁的
crude,n.,原油
cruise,n.,乘船游览；巡航
cruise,v.,乘船游览；巡航
cruiser,n.,巡洋舰；巡航艇
current,adj.,当前的；通用的；流行的
current,n.,水流；气流；电流；趋势
curtain,n.,窗帘；幕
curtain,v.,用帘子遮蔽
dagger,n.,匕首
dangle,v.,（使）悬垂；（使）摇晃
dashboard,n.,（汽车）仪表盘
dawdle,v.,磨蹭；游手好闲
dealer,n.,经销商；商人
dear,adj.,亲爱的；昂贵的
deception,n.,欺骗；骗局
deck,n.,甲板；（公共汽车）层面
deck,v.,装饰；打扮
declare,v.,宣布；声明；申报
dedicate,v.,致力于；奉献；题献
dedicated,adj.,专注的；专用的
deduce,v.,推断；演绎
delay,n.,延迟；耽搁
delay,v.,（使）延迟；（使）耽搁
deliberately,adv.,故意地；从容地
delicacy,n.,美食；佳肴；精致
delicate,adj.,精致的；脆弱的；微妙的
delusion,n.,错觉；妄想
democratic,adj.,民主的
deny,v.,否认；拒绝
depict,v.,描绘；描述
descend,v.,下降；下来；是…的后裔
desert,adj.,沙漠的；荒凉的
desert,n.,沙漠；荒漠
desert,v.,抛弃；遗弃；擅离职守
despise,v.,鄙视；蔑视
destination,n.,目的地；终点
destroy,v.,破坏；摧毁；消灭
devise,v.,设计；想出；发明
devour,v.,狼吞虎咽地吃；吞噬
diagnose,v.,诊断
dignity,n.,尊严；庄重
dilapidated,adj.,破旧的；荒废的
dim,adj.,暗淡的；模糊的
dim,v.,（使）变暗淡；（使）变模糊
diminish,v.,（使）减少；（使）减弱
dinghy,n.,小艇；小船
direct,adj.,直接的；直率的
direct,adv.,直接地
direct,v.,指导；导演；指示方向
disadvantage,n.,不利条件；缺点
disappearance,n.,消失；失踪
discard,n.,被抛弃的东西
discard,v.,抛弃；丢弃
discreetly,adv.,谨慎地
disembark,v.,（使）上岸；（使）下船
disillusion,n.,幻灭；醒悟
disillusion,v.,使醒悟；使不再抱幻想
dislocate,v.,使脱臼；使混乱
disregard,n.,忽视；不理会
disregard,v.,忽视；不理会
distasteful,adj.,令人反感的；讨厌的
distinguished,adj.,卓越的；著名的
disturb,v.,打扰；扰乱；使不安
disused,adj.,废弃的；不用的
dive,n.,跳水；潜水；俯冲
dive,v.,跳水；潜水；俯冲
diversion,n.,转移注意力的事；娱乐；绕行路
dome,n.,圆屋顶
dome,v.,（使）成圆顶状
dot,n.,点；圆点
dot,v.,在…上打点；布满
downfall,n.,垮台；衰败；大雨
dozen,n.,一打；十二个
drainage,n.,排水系统；污水
dramatic,adj.,戏剧性的；引人注目的；急剧的
drawer,n.,抽屉
dread,n.,恐惧；畏惧
dread,v.,恐惧；担忧
dreadful,adj.,可怕的；糟糕的
drill,n.,钻头；训练；演习
drill,v.,钻孔；训练
dubious,adj.,可疑的；不确定的
dump,n.,垃圾场；脏乱的地方
dump,v.,倾倒；抛弃；甩卖
dustman,n.,清洁工
duty,n.,责任；义务；税
dweller,n.,居民；居住者
dye,n.,染料
dye,v.,染；把…染色
ease,n.,舒适；安逸；容易
ease,v.,减轻；缓和
eccentric,adj.,古怪的
eccentric,n.,古怪的人
eccentricity,n.,古怪；怪癖
editor,n.,编辑
eerie,adj.,怪异的；可怕的
effective,adj.,有效的
effortlessly,adv.,毫不费力地
elaborate,adj.,精心制作的；详尽的
elaborate,v.,详细阐述
electricity,n.,电；电力
electronic,adj.,电子的
elegant,adj.,优雅的；雅致的
element,n.,元素；要素；成分
embedded,adj.,嵌入式的
emerge,v.,出现；浮现
emigrate,v.,移居国外
eminent,adj.,杰出的；著名的
emit,v.,发出；散发
emotionally,adv.,情绪上
enclosure,n.,附件；围场
endeavour,n.,努力；尝试
endeavour,v.,努力；尝试
engrave,v.,雕刻
enlightened,adj.,开明的
entranced,adj.,着迷的
envious,adj.,羡慕的；嫉妒的
equal,adj.,相等的；平等的
equal,n.,同等的人
equal,v.,等于；比得上
era,n.,时代；纪元
erase,v.,擦掉；清除
escapist,adj.,逃避现实的
escapist,n.,逃避现实者
estimate,n.,估计；估价
estimate,v.,估计；估价
evidence,n.,证据；迹象
evidence,v.,证明
evidently,adv.,明显地
evolve,v.,（使）进化；（使）发展
exceptionally,adv.,例外地；非常
exclusive,adj.,独有的；排外的；高档的
exclusive,n.,独家新闻
exempt,adj.,被免除的
exempt,v.,免除
exert,v.,运用；施加
exhaust,n.,废气；排气管
exhaust,v.,耗尽；使筋疲力尽
exhibit,n.,展品；证物
exhibit,v.,展览；展示
exhilarating,adj.,令人振奋的
exotic,adj.,异国情调的；奇异的
explore,v.,探索；勘探
express,adj.,明确的；快速的
express,n.,快车；快递
express,v.,表达；表示
extol,v.,颂扬；赞美
extravagant,adj.,奢侈的；浪费的
extreme,adj.,极度的；极端的
extreme,n.,极端
faint,adj.,微弱的；模糊的；虚弱的
faint,n.,昏厥
faint,v.,昏倒
faintly,adv.,微弱地；模糊地
faith,n.,信任；信仰
falter,v.,犹豫；蹒跚；（声音）颤抖
fame,n.,名声；名望
fanciful,adj.,想象的；稀奇的
fancy,adj.,花哨的；昂贵的
fancy,n.,想象力；爱好
fancy,v.,想象；想要；喜欢
fantastic,adj.,极好的；了不起的；奇特的
fascinate,v.,深深吸引；迷住
fascination,n.,魅力；着迷
fat,adj.,胖的；肥的；油腻的
fat,n.,脂肪；肥肉
favour,n.,偏爱；善意的行为
favour,v.,偏爱；赞成
fax,v.,发传真
ferry,n.,渡船
ferry,v.,（乘渡船）渡运
fertilizer,n.,肥料
fete,n.,游园会；义卖会
fete,v.,宴请；款待
fiancé,n.,未婚夫
fickleness,n.,易变；无常
fiction,n.,小说；虚构的事
find,v.,找到；发现；认为
fingerprint,n.,指纹
fingerprint,v.,采指纹
fire,n.,火；火灾；热情
fire,v.,开火；解雇；点燃
fireplace,n.,壁炉
fissure,n.,裂缝
fit,n.,合身；（疾病）发作
flash,n.,闪光；瞬间
flash,v.,闪光；掠过
flaw,n.,瑕疵；缺陷
flaw,v.,使有缺陷
flee,v.,逃跑；逃避
flicker,n.,闪烁；摇曳
flicker,v.,闪烁；摇曳
float,n.,漂浮物；彩车；浮点数
float,v.,漂浮；浮动
flood,n.,洪水；大量
flood,v.,淹没；涌入
flourish,n.,繁荣；挥舞
flourish,v.,繁荣；茂盛；挥舞
forbidding,adj.,令人生畏的；险恶的
foresight,n.,远见
foretell,v.,预言
formidable,adj.,可怕的；令人敬畏的；难以对付的
fraction,n.,小部分；分数
fragment,n.,碎片；片段
fragment,v.,（使）成碎片
frame,n.,框架；结构；眼镜框
frame,v.,给…镶框；陷害
freckle,n.,雀斑
fresco,n.,壁画
fresh,adj.,新鲜的；新的；清新的
fry,v.,煎；炸；炒
full-length,adj.,全长的；全身的
full-time,adj.,全职的
fumble,v.,笨拙地摸索；漏接（球）
funeral,n.,葬礼
fuse,n.,保险丝；导火线
fuse,v.,（使）熔合；（使）熔化
fussy,adj.,爱挑剔的；大惊小怪的
gaily,adv.,快乐地；华丽地
gallery,n.,画廊；美术馆
gangster,n.,歹徒；匪徒
gaoler,n.,监狱看守
gear,n.,齿轮；排挡；装备
gear,v.,使适应
gel,n.,凝胶
generate,v.,产生；造成
genuinely,adv.,真诚地；真正地
gesticulate,v.,做手势
gleam,v.,闪烁；发微光
glint,v.,闪光
glisten,v.,闪亮
glow,n.,光亮；喜悦
glow,v.,发光；发热；（脸）泛红
goddess,n.,女神
good-humouredly,adv.,和气地
graceful,adj.,优雅的
grant,n.,拨款；补助金
grant,v.,授予；同意
grapple,v.,努力解决；搏斗
grease,n.,油脂
grease,v.,涂油脂
greedily,adv.,贪婪地
greyish,adj.,浅灰色的
grievance,n.,不满；委屈
grind,n.,苦差事；磨
grind,v.,磨碎；碾
grudge,n.,怨恨
grudge,v.,吝惜；不愿给
guestroom,n.,客房
halt,n.,停止
halt,v.,（使）停止
hammer,n.,锤子
hammer,v.,锤击；反复强调
handyman,n.,杂活工
hardened,adj.,变硬的； hardened
haul,v.,拖；拉
hawser,n.,粗缆绳
hay,n.,干草
headlight,n.,（汽车）前灯
heroine,n.,女英雄；女主角
high-handed,adj.,专横的
high-rise,n.,高楼大厦
hinder,v.,阻碍；妨碍
hip,n.,臀部
hire,n.,租用；雇用
hire,v.,租用；雇用
historian,n.,历史学家
hoax,n.,骗局；恶作剧
hobble,v.,跛行
holly,n.,冬青
horde,n.,一大群
horizon,n.,地平线；眼界
horror,n.,恐惧；恐怖
hospitable,adj.,好客的
hostile,adj.,敌对的
human being,n.,人
hunt,n.,狩猎；搜寻
hunt,v.,打猎；搜寻
hypnotize,v.,催眠；使着迷
iceberg,n.,冰山
identify,v.,识别；确认
identity,n.,身份；特性
idyllic,adj.,田园诗般的；宁静的
ignorance,n.,无知
illogical,adj.,不合逻辑的
illusion,n.,幻觉；错觉
immaculate,adj.,洁净的；完美的
immensity,n.,巨大；广大
immortal,adj.,不朽的
immortal,n.,不朽的人物；神
impact,n.,影响；冲击
impact,v.,影响；冲击
impatient,adj.,不耐烦的
impressive,adj.,令人印象深刻的
imprison,v.,监禁
improbable,adj.,不大可能的
impulse,n.,冲动
inaccessible,adj.,难以到达的
incessantly,adv.,不停地
incompetent,adj.,无能力的；不胜任的
inconceivable,adj.,不可思议的
incredible,adj.,难以置信的；极好的
independence,n.,独立
indiscriminate,adj.,不加选择的；任意的
indulge,v.,沉溺；纵容
industriousness,n.,勤奋
inevitably,adv.,不可避免地
infinitely,adv.,无限地；非常
inflatable,adj.,可充气的
influence,n.,影响力；有影响的人
ingenuity,n.,巧思；独创性
ingredient,adj.,组成的
ingredient,n.,（食品）配料；成分；要素
innocence,n.,清白；天真
inscribe,v.,题写；刻上
insect,n.,虫子
insidious,adj.,阴险的；潜伏的
insignificant,adj.,微不足道的；不重要的
insistent,adj.,坚持的；持续的
insoluble,adj.,无法解决的；不溶解的
inspection,n.,检查；视察
insure,v.,给…投保；确保
insurmountable,adj.,难以克服的
intellectual,n.,知识分子
intensely,adv.,强烈地；极度地
interference,n.,干涉；干扰
internet,n.,互联网；网络
intimidate,v.,恐吓；威胁；吓唬
intoxicate,v.,（使）喝醉；（使）陶醉
intruder,n.,入侵者；闯入者
invariably,adv.,总是；不变地
inveterate,adj.,根深蒂固的；积习难改的
invisible,adj.,看不见的；无形的
ironically,adv.,讽刺地
irritation,n.,恼怒；烦人的事；刺激
item,adj.,又,同上
item,n.,一项；一件；条目
ivory,adj.,象牙制的；乳白色的
ivory,n.,象牙；乳白色
jewellery,n.,珠宝（总称）
jibe,n.,嘲讽
jibe,v.,嘲笑；与…一致
jigsaw,n.,拼图；线锯
jigsaw,v.,用线锯锯
journalist,n.,记者
keen,n.,挽歌；恸哭
kidnapper,n.,绑匪
labourer,n.,工人；劳动者
labyrinth,n.,迷宫
landscape,n.,风景；风景画
landscape,v.,做园林美化
largely,adv.,主要地；很大程度上
lavishly,adv.,慷慨地；浪费地
law,n.,法律；定律
law,v.,起诉
lawn mower,n.,割草机
learner,n.,学习者；初学者
legendary,adj.,传奇的
legendary,n.,传奇人物传
leisure,adj.,空闲的；休闲的
leisure,n.,休闲；闲暇
length,n.,长度；时长
lifeboat,n.,救生艇
lift,n.,电梯（英）；搭便车；举起
lift,v.,举起；抬起；解除；（雾）消散
like-minded,adj.,志同道合的
limestone,n.,石灰岩
liner,n.,班轮；衬垫
lines,n.,台词；线条（复数）
listeria,n.,李斯特菌
litter,n.,垃圾；一窝幼崽
litter,v.,乱扔垃圾；产仔
lobster,n.,龙虾
locate,v.,找出…的位置；位于
lodge,n.,小屋；旅馆
lodge,v.,住宿；提出（投诉、抗议）
log book,n.,日志
lookout,n.,瞭望；瞭望哨
lull,n.,暂停；间歇
lull,v.,使平静；使昏昏欲睡
lure,n.,诱惑；诱饵
lure,v.,引诱；诱惑
lurk,n.,潜伏
lurk,v.,潜伏；潜藏
luscious,adj.,甘美的；性感的
luxury,adj.,奢侈的
luxury,n.,奢侈；奢侈品
magic,adj.,有魔力的；神奇的
magic,n.,魔法；魔术；魅力
magnetize,v.,使磁化；吸引
magpie,adj.,有收集癖的
magpie,n.,喜鹊
maidservant,n.,女仆
mainframe,n.,主机；大型机
mammoth,adj.,巨大的；庞大的
mammoth,n.,猛犸象
mania,n.,狂热
manual,adj.,手工的；体力的
manual,n.,手册；指南
manufacturer,n.,制造商
marble,n.,大理石；弹珠
marquis,n.,侯爵
masterpiece,n.,杰作；代表作
maximum,adj.,最大的；最高的
maximum,n.,最大值；最大限度
meadow,n.,草地；牧场
medical,n.,体检
memory,n.,记忆；内存；回忆
mentally,adv.,精神上；心理上
mere,adj.,仅仅的；只不过的
mere,n.,小湖
mete out,v.,给予（惩罚、奖励）
metre,n.,米；公尺；韵律
microscopic,adj.,微观的；极小的
microwave,n.,微波
mighty,adj.,强大的；巨大的
mighty,adv.,非常
mighty,n.,强有力的人
milestone,n.,里程碑
milometer,n.,里程计
miniature,adj.,微型的；小型的
miniature,n.,微缩模型；微型画
miniature,v.,使成微型
ministry,n.,（政府的）部
mirth,n.,欢乐；欢笑
misery,n.,痛苦；苦难
miss,n.,小姐；女士
miss,v.,错过；想念；未击中
mistaken,adj.,错误的
mobile,adj.,可移动的；移动的
mobile,n.,手机；风铃
modest,adj.,谦虚的；适度的；朴素的
monastery,n.,修道院
monk,n.,僧侣；和尚
monotonous,adj.,单调的；乏味的
monstrous,adj.,巨大的；骇人听闻的
moonlight,adj.,月光的
moonlight,n.,月光
moonlight,v.,兼职；打第二份工
moor,n.,沼泽；荒野
moor,v.,（使船）停泊
mortally,adv.,致命地
moth,n.,蛾
motionless,adj.,静止的；不动的
motorway,n.,高速公路
muffle,n.,消音器；低沉的声音
muffle,v.,裹住；压抑（声音）
multimedia,adj.,多媒体的
multimedia,n.,多媒体
mumble,n.,喃喃自语
mumble,v.,喃喃地说；含糊地说
muster,n.,集合
muster,v.,召集；鼓起（勇气）
musty,adj.,发霉的；陈腐的
mutilate,v.,使残缺不全；毁坏
mysterious,adj.,神秘的；难以理解的
nag,n.,爱唠叨的人；老马
nag,v.,唠叨
naive,adj.,天真的；幼稚的
narrowly,adv.,勉强地；险些
nature,n.,自然；本性；种类
naval,adj.,海军的
necklace,n.,项链
negligence,n.,疏忽；过失
nephew,n.,侄子；外甥
network,n.,网络；关系网
newlyweds,n.,新婚夫妇
nomad,adj.,游牧的
nomad,n.,游牧民
nostril,n.,鼻孔
notoriously,adv.,臭名昭著地
novice,n.,新手；初学者
nursery,n.,托儿所；苗圃
oblige,v.,迫使；帮忙
obscure,adj.,模糊的；晦涩难懂的；不出名的
obscure,n.,模糊的东西
obscure,v.,使模糊；掩盖
obscurity,n.,默默无闻；晦涩；昏暗
observant,adj.,善于观察的；遵守规则的
obstacle,n.,障碍；绊脚石
obstinately,adv.,固执地
occurrence,n.,发生；事件
octopus,n.,章鱼
odd,adj.,奇怪的；奇数的；临时的
odd,n.,奇怪的人或事
oddly,adv.,奇怪地
offender,n.,罪犯；得罪人的人
officious,adj.,爱管闲事的
ombudsman,n.,申诉专员
ominously,adv.,不祥地
opportunity,n.,机会；时机
orbit,n.,轨道
orbit,v.,绕轨道运行
orderly,adj.,有秩序的；整齐的
orderly,adv.,有秩序地
orderly,n.,勤务兵；护工
organically-grown,adj.,有机种植的
originally,adv.,最初；原来
outlandish,adj.,古怪的；异国风情的
outlet,n.,出口；专卖店；电源插座
outrageous,adj.,骇人的；蛮横的；价格离谱的
oven,n.,烤箱
over-zealously,adv.,过分热情地
overalls,n.,工装裤
overbalance,n.,不平衡
overbalance,v.,（使）失去平衡
overland,adj.,陆上的
overland,adv.,经由陆路
overland,v.,经陆路旅行
overnight,adj.,通宵的；一夜之间的
overnight,adv.,一整夜；一夜之间
overnight,n.,一夜的逗留
overnight,v.,过夜
overpopulated,adj.,人口过多的
overtake,v.,超过；赶上；（坏事）突然降临
overwhelm,v.,淹没；压倒；使不知所措
oxygen,n.,氧气
pace,n.,步速；节奏
pace,v.,踱步
palace,n.,宫殿
panic,adj.,恐慌的
panic,n.,恐慌
panic,v.,（使）恐慌
paradise,n.,天堂；乐园
paratrooper,n.,伞兵
parliamentary,adj.,议会的
parquet,n.,镶木地板
parquet,v.,铺镶木地板
part,adj.,部分的
part,adv.,部分地
part,n.,部分；零件；角色
part,v.,（使）分开；分离
particle,n.,颗粒；微粒
partner,v.,合作；成为搭档
pass,v.,通过；传递；经过
passer-by,n.,路人；过客
pastoral,adj.,田园的；乡郊的
pastoral,n.,田园诗；田园作品
pasture,n.,牧场；草地
pasture,v.,放牧
pavement,n.,人行道
peculiar,adj.,古怪的；独特的
peer,n.,同辈；同龄人
peer,v.,仔细看；凝视
perch,n.,（鸟的）栖木；高处
perch,v.,（鸟）栖息；坐落在
perfume,n.,香水；香味
perfume,v.,使充满香气；洒香水
permanent,adj.,永久的；固定的
permanent,n.,烫发
permission,n.,许可；准许
perpetual,adj.,永久的；不断的
perturb,v.,使不安；扰乱
pester,v.,纠缠；烦扰
pesticide,n.,杀虫剂；农药
petrify,v.,石化；吓呆
petrol,n.,汽油
phase,n.,阶段；时期
phase,v.,分阶段进行
philosopher,n.,哲学家
piece,n.,一块；一件；一首；一篇
piece,v.,拼合；凑合
pioneer,n.,先驱；先锋
pit,n.,坑；凹处
pit,v.,使…竞争；使…有坑
pitfall,n.,陷阱；隐患
plank,n.,木板；（政党）政纲要点
plank,v.,铺板；猛地放下
plaster,n.,灰泥；石膏；创可贴
plaster,v.,涂抹；粘贴
plead,v.,恳求；辩护
pleading,adj.,恳求的
pleading,n.,恳求；申辩
pleading,v.,恳求；辩护（进行时）
plot,n.,情节；阴谋；小块土地
plot,v.,密谋；策划；标绘
plunge,n.,投入；跳水；暴跌
plunge,v.,投入；跳入；暴跌
pneumatic,adj.,气动的；充气的
pneumatic,n.,充气轮胎
pocket money,n.,零用钱
poison,adj.,有毒的
poison,n.,毒药
poison,v.,毒害；下毒；污染
pollute,v.,污染
positively,adv.,肯定地；积极地
pot-holer,n.,洞穴探险者
pot-holing,n.,洞穴探险
pounce,n.,猛扑
pounce,v.,猛扑
poverty,n.,贫穷；贫困
praying mantis,n.,螳螂
precariously,adv.,危险地；不稳地
predecessor,n.,前任；前身
prehistoric,adj.,史前的
prejudiced,adj.,有偏见的
prelude,n.,序幕；前奏
prelude,v.,作为…的序幕
premises,n.,经营场所；楼宇
premium,adj.,优质的；高价的
premium,n.,额外费用；保险费；奖金
preside,v.,主持
president,n.,总统；主席；校长
presume,v.,推测；假定；冒昧
pretentious,adj.,炫耀的；自命不凡的
pride,n.,自豪；骄傲；自尊
priest,n.,牧师；神父
primitive,adj.,原始的；简陋的
prince,n.,王子
print,n.,印刷品；字体；印记
prise,n.,杠杆
prise,v.,撬开
privacy,n.,隐私
privilege,n.,特权；荣幸
prize,n.,奖；奖品
prize,v.,珍视；重视
prizefighter,n.,职业拳击手
proceed,v.,继续进行；着手
procession,n.,队伍；行列
procession,v.,列队行进
profound,adj.,深刻的；深远的
promontory,n.,岬
prompt,adj.,迅速的；及时的
prompt,adv.,准时地
prompt,n.,提示
prompt,v.,促使；提示
promptly,adv.,迅速地；立即
proportion,n.,比例；部分；均衡
proportion,v.,使成比例
prosperous,adj.,繁荣的；兴旺的
protection,n.,保护
provocation,n.,挑衅
prudent,adj.,谨慎的
publication,n.,出版物；发表
publish,v.,出版；发表；公布
puma,n.,美洲狮
pump,n.,泵；抽水机
pump,v.,（用泵）抽吸；打气
punctual,adj.,准时的；守时的
punctuality,n.,准时；守时
punctually,adv.,准时地
puncture,n.,（轮胎的）小孔；刺破
puncture,v.,（被）刺穿；（被）戳破
purchase,n.,购买；购买的物品
purchase,v.,购买
qualification,n.,资格；资历
qualified,adj.,合格的；有资格的
qualified,v.,使具备资格（过去式）
quicken,v.,加快
quicken,v.,加快；鼓舞
quintuplet,n.,五胞胎之一
radically,adv.,根本上；彻底地
raft,n.,木筏；橡皮艇
raft,v.,乘筏
raft,v.,用筏子运送
rag,n.,破布
rag,v.,戏弄；嘲笑
raid,n.,突袭；搜查
raid,v.,突袭；搜查
raise,n.,加薪；提高
rambler,n.,漫步者；攀缘植物
rambling,adj.,漫步的；杂乱无章的
rambling,v.,漫步（进行时）
ransack,v.,洗劫；遍寻
ransom,n.,赎金
ransom,v.,赎回
rapture,n.,狂喜
rapture,v.,使狂喜
rarity,n.,稀有；珍品
rashly,adv.,轻率地；鲁莽地
rattle,n.,嘎嘎声；拨浪鼓
rattle,v.,发出嘎嘎声；使紧张
rattle,v.,使嘎嘎作响；使紧张
realm,n.,领域；范围；王国
rebound,n.,反弹；回弹
recluse,adj.,隐居的
recluse,n.,隐士
reconstruct,v.,重建；重现
recover,n.,恢复
recover,v.,恢复；康复；重新获得
recovery,n.,恢复；痊愈；复苏
recur,v.,重现；再发生
refinement,n.,改进；优雅；提炼
reflect,v.,反射；反映；反思
reflect,v.,反射；反省
reflect,v.,反映；反射
regiment,n.,（军队的）团；大批
regiment,v.,严密编组；严格管制
regularity,n.,规律性；规则
relative,adj.,相对的；相关的
relative,adj.,相对的；有关系的
relative,n.,亲戚；相关物
relaxation,n.,放松；休息；消遣
relieve,v.,减轻；缓解；解除
remains,n.,遗骸；遗迹；剩余物
remarkable,adj.,非凡的；显著的；引人注目的
taste,n.,味道；品味；尝试
remote,adj.,遥远的；偏僻的
renew,v.,更新；续期
renew,v.,更新；续借；恢复
repel,v.,击退；使反感
repetitive,adj.,重复的；单调的
reprimand,n.,训斥；谴责
reprimand,v.,训斥；谴责
reproach,n.,责备；指责
reproach,v.,责备；指责
repulsive,adj.,令人厌恶的；令人反感的
requisite,adj.,必需的；必备的
requisite,n.,必需品；必要条件
resemblance,n.,相似；相像之处
reservoir,n.,水库；蓄水池
resolution,n.,决议；决心；分辨率
resourceful,adj.,足智多谋的；机智的
respectable,adj.,体面的；值得尊敬的；相当大的
rest,v.,休息；搁置；依赖
restrict,v.,限制；约束
retrace,v.,回溯；原路返回
reunite,v.,重聚；团聚
reveal,v.,揭露；透露；显示
revulsion,n.,强烈反感；厌恶
rhythm,n.,节奏；韵律
rickety,adj.,摇摇欲坠的；不稳固的
rim,n.,边缘；（眼镜）框；轮圈
rim,v.,形成…的边缘
ring,n.,戒指；环；铃声；拳击台
ring,v.,（铃）响；打电话；包围
rip,n.,裂口；裂缝
rip,v.,撕；扯；裂开
role,n.,角色；作用
roll,n.,一卷；面包卷；名单
roll,v.,滚动；卷起
rough,adj.,粗糙的；大概的；粗暴的
rough,adv.,粗暴地
rough,n.,草稿；艰苦
rough,v.,草拟；粗暴对待
routine,adj.,常规的；例行的
routine,n.,常规；例行公事
rubble,n.,碎石；瓦砾
rudder,n.,舵
ruin,n.,毁灭；废墟
ruin,v.,毁坏；破坏
run,n.,跑步；一段路程
rural,adj.,农村的；乡村的
rust,n.,锈
rust,v.,（使）生锈
sacred,adj.,神圣的
sacrifice,n.,牺牲；祭品
sacrifice,v.,牺牲；献出
safeguard,n.,保障措施
safeguard,v.,保护；保障
safekeeping,n.,妥善保管
safekeeping,v.,妥善保管
salmonella,n.,沙门氏菌
salvage,n.,打捞；抢救
salvage,v.,抢救；打捞
sample,adj.,样品的
sample,n.,样品；样本
sample,v.,品尝；体验；抽样
sarcastically,adv.,讽刺地；挖苦地
sardine,n.,沙丁鱼
sardine,v.,使拥挤
scanty,adj.,不足的；稀少的；（衣着）暴露的
scheme,n.,计划；方案；阴谋
scheme,v.,密谋；策划
science,n.,科学；理科
scoop,n.,勺子；一勺的量；独家新闻
scoop,v.,舀；挖
scorn,n.,轻蔑；鄙视
scorn,v.,轻蔑；鄙视
scour,v.,擦洗；冲刷；四处搜索
scramble,n.,攀登；争夺
scramble,v.,攀爬；争抢；炒（蛋）
scream,n.,尖叫声
scream,v.,尖叫
screen,n.,屏幕；屏风；纱窗
screen,v.,筛选；放映；掩蔽
screw,n.,螺丝
screw,v.,拧紧；用螺丝固定
scrub,n.,灌木丛；擦洗
scrub,v.,用力擦洗；取消
sculpture,n.,雕塑；雕刻
sculpture,v.,雕刻；塑造
scurry,v.,急匆匆地跑
seasick,adj.,晕船的
secret,n.,秘密；秘诀
secretive,adj.,神神秘秘的；守口如瓶的
seemingly,adv.,表面上；似乎
self-discipline,n.,自律
self-respecting,adj.,有自尊的
sentimentally,adv.,感情上；多愁善感地
series,n.,系列；连续；一连串
shade,n.,阴凉处；色度；遮光物
shade,v.,遮蔽；使阴暗；画阴影
shallow,adj.,浅的；肤浅的
shallow,n.,浅滩
shallow,v.,（使）变浅
shawl,n.,披肩；围巾
shawl,v.,用披肩包裹
shed,n.,小屋；棚
shed,v.,脱落；流出；摆脱
sheer,adj.,完全的；纯粹的；陡峭的；薄的
sheer,adv.,陡峭地；完全地
sheer,n.,透明薄织物
sheer,v.,偏航；急转
sheet,n.,床单；一张（纸）；薄片
sheltered,adj.,受保护的；遮蔽的
sheltered,v.,庇护（过去式）
shiver,n.,颤抖；哆嗦
shiver,v.,颤抖；哆嗦
shock,adj.,浓密的
shock,v.,使震惊；使休克
shower,v.,淋浴；下阵雨；大量给予
shrewd,adj.,精明的；敏锐的
shrewd,n.,精明的人
silly,adj.,愚蠢的；傻的
silly,n.,傻瓜
silverware,n.,银器
sip,n.,一小口
sip,v.,小口喝；啜饮
sire,n.,（动物的）父；陛下
sire,v.,成为…的父亲
site,n.,地点；位置；网站
site,v.,使坐落于；设置
situation,n.,情况；形势；位置
skeleton,n.,骨骼；骨架；框架
sketch,n.,素描；草图；梗概
sketch,v.,画素描；概述
skier,n.,滑雪者
slam,n.,砰然声；猛击
slam,v.,砰地关上；猛烈抨击
sleeper,n.,卧铺；卧铺车厢
slide,n.,滑动；幻灯片；滑梯
slide,v.,滑动；下滑；悄悄放置
slight,adj.,轻微的；微小的
slight,n.,轻视；怠慢
slight,v.,轻视；怠慢
smash-and-grab,adj.,砸窗抢劫的
smuggler,n.,走私者
snail,n.,蜗牛
snap,adj.,突然的
snap,n.,咔嚓声；快照
snap,v.,（使）啪地断裂；拍照；厉声说
snatch,n.,抢夺；片段
snatch,v.,抢走；夺去
snob,n.,势利的人
snore,n.,鼾声
snore,v.,打鼾
soar,v.,猛增；高飞
software,n.,软件
solar,adj.,太阳的；太阳能的
solar,n.,日光浴室
solely,adv.,仅仅；唯一地
solitude,n.,孤独；独处
somehow,adv.,不知何故；以某种方式
spacious,adj.,宽敞的
span,n.,跨度；范围；一段时间
span,v.,跨越；持续
spear gun,phr.,鱼枪
specimen,n.,样本；标本
spell,n.,一段时间；咒语
sphere,n.,球体；范围；领域
spire,n.,（教堂的）尖顶
spiritual,adj.,精神的；心灵的
spokeswoman,n.,女发言人
spot,adj.,现场的；现货的
spot,adv.,恰好；准确地
spot,n.,斑点；地点；污渍
spot,v.,发现；认出；弄脏
squint,n.,斜视
squint,v.,斜视；眯着眼看
squirrel,n.,松鼠
squirrel,v.,贮藏
stack,n.,一堆；烟囱；（计算机）堆栈
stack,v.,堆放；堆积
staff,adj.,职员的
staff,n.,员工；全体职员；杖
staff,v.,为…配备职员
stage,n.,舞台；阶段；时期
stage,v.,上演；举办；策划
stagger,adj.,交错的
stagger,n.,蹒跚
stagger,v.,蹒跚；使震惊；使交错
staggering,adj.,惊人的；令人难以相信的
stalactite,n.,钟乳石
stalagmite,n.,石笋
stall,n.,货摊；隔间；（发动机）熄火
stall,v.,（使）熄火；拖延
starve,v.,挨饿；饿死
statistics,n.,统计数据；统计学
status,n.,地位；身份；状态
steadily,adv.,稳定地；持续地
steamship,n.,轮船；汽船
steer,v.,驾驶；引导；掌舵
stick,n.,棍；棒；手杖
stick,v.,粘贴；刺；坚持；卡住
sticky,adj.,粘的；棘手的
stomach,n.,胃；肚子；腹部
stomach,v.,忍受；吃得下
storeroom,n.,储藏室
storey,n.,楼层
stoutly,adv.,坚决地；结实地
straggle,v.,掉队；蔓延
stray,adj.,走失的；零星的
stray,n.,走失的宠物
stray,v.,走失；偏离
stretch,n.,伸展；一片（区域）；一段时间
stretch,v.,伸展；拉长；延伸
string,n.,绳子；线；一串；琴弦
stroll,n.,散步；闲逛
stroll,v.,散步；闲逛
strong-minded,adj.,意志坚强的
stuffy,adj.,闷热的；不通风的；古板的
stumble,n.,绊倒；失足
stumble,v.,绊倒；蹒跚；偶然发现
submarine,adj.,海底的；潜艇的
submarine,n.,潜水艇；潜艇
submerge,v.,（使）淹没；（使）潜入水中
subtle,adj.,微妙的；巧妙的；敏锐的
suburb,n.,郊区
sunken,adj.,凹陷的；下沉的
superior,adj.,上级的；优越的；更好的
superior,n.,上级；长官
surgeon,n.,外科医生
suspect,adj.,可疑的
suspect,n.,嫌疑人
suspect,v.,怀疑；猜想
suspend,v.,暂停；悬挂；停职；延缓
suspension,n.,暂停；停职；悬挂
swarm,n.,一大群（昆虫、人等）
swarm,v.,蜂拥；挤满
sway,n.,摇摆；影响；支配
sway,v.,（使）摇摆；影响；说服
sweeping,adj.,影响广泛的；彻底的
sweeping,n.,扫除；垃圾
swerve,v.,突然转向；偏离
syllable,n.,音节
tanker,n.,油轮；油罐车
taste,n.,味道；品味；审美
taste,v.,品尝；有…的味道
taunt,n.,嘲笑；奚落
taunt,v.,嘲笑；奚落
technically,adv.,技术上；严格来说
technician,n.,技术员；技师
technology,n.,技术；科技
temporary,adj.,临时的；暂时的
temporary,n.,临时工
tempt,v.,诱惑；吸引
territory,n.,领土；领域；地盘
theft,n.,盗窃；偷窃
thrifty,adj.,节俭的
thrust,n.,推力；要点；猛推
thrust,v.,猛推；刺；插入
tie,n.,领带；关系；平局
tie,v.,系；捆；打结；打成平局
tint,n.,色彩；色调；染发剂
tint,v.,给…染色；给…着色
tolerant,adj.,宽容的；容忍的
torpedo,n.,鱼雷
torrent,n.,激流；洪流
toss,n.,投掷；抛
toss,v.,扔；抛；（使）摇荡
tragic,adj.,悲剧的；悲惨的
trail,n.,小径；踪迹；痕迹
trail,v.,追踪；拖；（植物）蔓生
tramp,n.,流浪汉；沉重的脚步声
tramp,v.,徒步跋涉；踩踏
treat,v.,对待；治疗；款待
tremble,v.,颤抖；摇晃
trial,adj.,试验的；审讯的
trial,n.,试验；审判；考验
triumph,n.,胜利；巨大成就
triumph,v.,获胜；取得成功
troop,n.,部队；一群
troop,v.,成群结队地走
trumpet,n.,小号；喇叭
trumpet,v.,吹嘘；大声宣告
tuck,v.,塞进；卷起
turn,n.,转弯；轮流；机会；变化
turn,v.,转动；转向；变成
unduly,adv.,过度地；不当地
unforeseen,adj.,未预见到的
unique,adj.,独特的；独一无二的
universal,adj.,普遍的；通用的；全世界的
unpack,v.,打开（行李）；解包
unrealistic,adj.,不切实际的
unrelenting,adj.,不屈不挠的；持续的
unscrew,v.,拧开
unsettle,v.,使不安
unshakable,adj.,不可动摇的
unsympathetic,adj.,无同情心的；冷漠的
untold,adj.,数不清的；未说过的
urban,adj.,城市的；都市的
user-friendly,adj.,用户友好的；易于使用的
valiant,adj.,勇敢的；英勇的
varying,adj.,变化的；不同的
vegetarian,adj.,素食的
vegetarian,n.,素食者
velvet,n.,天鹅绒；丝绒
verify,v.,验证；核实
veritable,adj.,真正的；名副其实的
vertically,adv.,垂直地
vessel,n.,船；容器；血管
vicar,n.,（英国国教的）教区牧师
vicinity,n.,附近；邻近
video,v.,录像
virtually,adv.,几乎；事实上
vivid,adj.,生动的；鲜艳的
voyage,n.,航行；航程
voyage,v.,航行
wade,v.,涉水；跋涉
wage,n.,工资（通常按周支付）
wage,v.,发动；进行（战争、运动）
wane,v.,减弱；衰落；（月亮）亏
wares,n.,商品；货物
wasp,n.,黄蜂；胡蜂
watchdog,n.,看门狗；监督机构
waterfall,n.,瀑布
waterspout,n.,水龙卷；排水管
watertight,adj.,不漏水的；严密的
wealthy,adj.,富有的；富裕的
weird,adj.,奇怪的；怪异的
wheelbarrow,n.,独轮手推车
whine,v.,哀鸣；发牢骚
wickedly,adv.,邪恶地
winch,n.,绞车
windowsill,n.,窗台
windscreen,n.,（汽车）挡风玻璃
wisdom,n.,智慧
withdraw,v.,撤回；取款；退出
worldwide,adj.,世界范围的
worldwide,adv.,在世界各地
worship,n.,崇拜；敬奉；礼拜
worship,v.,崇拜；敬奉；做礼拜
wreath,n.,花环；花圈
wretched,adj.,可怜的；悲惨的；恶劣的
zigzag,adj.,Z字形的；曲折的
zigzag,adv.,Z字形地；曲折地
zigzag,n.,Z字形；曲折
zigzag,vi.,曲折前进
zigzag,vt.,使曲折前进
