umbrella,n.,雨伞
please,int.,请
here,adv.,这里
my,pron.,我的
ticket,n.,票
number,n.,号码；数字
five,n.,五
sorry,int.,对不起
sir,n.,先生
cloakroom,n.,衣帽间；行李寄存处
suit,n.,西装；套装
school,n.,学校
teacher,n.,老师
son,n.,儿子
daughter,n.,女儿
Miss,n.,小姐
new,adj.,新的
student,n.,学生
French,adj.,法国的
French,n.,法语
German,adj.,德国的
German,n.,德语
nice,adj.,好的；不错的
meet,v.,遇见；见面
Japanese,adj.,日本的
Japanese,n.,日语
Korean,adj.,韩国的
Korean,n.,韩语
Chinese,adj.,中国的
Chinese,n.,中文
too,adv.,也；太
make,n.,品牌；型号
make,v.,制造；做
Swedish,adj.,瑞典的
Swedish,n.,瑞典语
English,adj.,英国的；英语的
English,n.,英语
American,adj.,美国的
American,n.,美国人
Italian,adj.,意大利的
Italian,n.,意大利语
Volvo,n.,沃尔沃
Peugeot,n.,标致
Mercedes,n.,奔驰
Toyota,n.,丰田
Daewoo,n.,大宇
Mini,n.,迷你
Ford,n.,福特
Fiat,n.,菲亚特
I,pron.,我
am,v.,是
are,v.,是
name,n.,名字
what,pron.,什么
nationality,n.,国籍
job,n.,工作；职业
engineer,n.,工程师
policeman,n.,警察
policewoman,n.,女警
taxi driver,n.,出租车司机；的士司机
air hostess,n.,空姐
postman,n.,邮递员；邮差
nurse,n.,护士
mechanic,n.,技工；维修师傅
hairdresser,n.,发型师
housewife,n.,家庭主妇
milkman,n.,送奶工
hello,int.,你好
hi,int.,嗨
how,adv.,怎样；如何
today,n.,今天
well,adj.,健康的
well,adv.,好地
fine,adj.,好的；不错的
thanks,int.,谢谢
goodbye,int.,再见
see,v.,看见
fat,adj.,胖的
woman,n.,女人
thin,adj.,瘦的
tall,adj.,高的
short,adj.,矮的；短的
dirty,adj.,脏的
clean,adj.,干净的
clean,v.,打扫
hot,adj.,热的
cold,adj.,冷的
old,adj.,老的；旧的
young,adj.,年轻的
busy,adj.,忙的
lazy,adj.,懒的
whose,pron.,谁的
blue,adj.,蓝色的
perhaps,adv.,也许；可能
white,adj.,白色的
catch,v.,抓住；赶上
father,n.,父亲；爸爸
mother,n.,母亲；妈妈
blouse,n.,女士衬衫
sister,n.,姐妹
tie,n.,领带
tie,v.,绑；系
brother,n.,兄弟
his,pron.,他的
her,pron.,她的
colour,n.,颜色
green,adj.,绿色的
come,v.,来
upstairs,adv.,楼上
smart,adj.,聪明的；时髦的
hat,n.,帽子
same,adj.,相同的
lovely,adj.,可爱的；漂亮的
case,n.,箱子；情况；案例
carpet,n.,地毯
dog,n.,狗
customs,n.,海关
officer,n.,官员；警官
girl,n.,女孩
Danish,adj.,丹麦的
friend,n.,朋友
Norwegian,adj.,挪威的
passport,n.,护照
brown,adj.,棕色的；褐色的
tourist,n.,游客
Russian,adj.,俄罗斯的
Russian,n.,俄语
Dutch,adj.,荷兰的
these,pron.,这些
red,adj.,红色的
grey,adj.,灰色的
yellow,adj.,黄色的
black,adj.,黑色的
orange,n.,橙子
orange,adj.,橙色的
employee,n.,员工
hard-working,adj.,勤奋的；努力工作的
sales rep,n.,销售代表
man,n.,男人
office,n.,办公室
assistant,n.,助理；助手
matter,n.,事情；问题
matter,v.,要紧
children,n.,孩子们
tired,adj.,累的；疲劳的
boy,n.,男孩
thirsty,adj.,口渴的
Mum,n.,妈妈
sit down,v.,坐下
right,adj.,对的；右边的
right,n.,权利
ice cream,n.,冰淇淋；雪糕
big,adj.,大的
small,adj.,小的
open,v.,打开
open,adj.,开着的
shut,v.,关闭
shut,adj.,关着的
light,n.,灯；光
light,adj.,轻的；浅色的
heavy,adj.,重的
long,adj.,长的
shoe,n.,鞋
grandfather,n.,祖父；外祖父
grandmother,n.,祖母；外祖母
give,v.,给
one,n.,一个
which,pron.,哪个
empty,adj.,空的
full,adj.,满的
large,adj.,大的
little,adj.,小的；少量的
sharp,adj.,锋利的；尖的
blunt,adj.,钝的
box,n.,盒子；箱子
glass,n.,玻璃杯；玻璃
cup,n.,杯子
bottle,n.,瓶子
tin,n.,罐头
knife,n.,刀
fork,n.,叉
spoon,n.,勺子；汤匙
on,prep.,在…上面
shelf,n.,架子
desk,n.,书桌
table,n.,桌子
plate,n.,盘子
cupboard,n.,橱柜
cigarette,n.,香烟
television,n.,电视
floor,n.,地板；楼层
dressing table,n.,梳妆台
magazine,n.,杂志
bed,n.,床
newspaper,n.,报纸
stereo,n.,音响
kitchen,n.,厨房
refrigerator,n.,冰箱
right,adv.,右边
electric,adj.,电的
left,n.,左边
left,adj.,左边的
cooker,n.,炉灶
middle,n.,中间
of,prep.,…的
room,n.,房间
where,adv.,在哪里
in,prep.,在…里面
living room,n.,客厅
near,prep.,在…附近
window,n.,窗户
armchair,n.,扶手椅
door,n.,门
picture,n.,图片；照片；画
wall,n.,墙
trousers,n.,裤子
bedroom,n.,卧室；睡房
untidy,adj.,不整洁的；乱的
must,v.,必须
air,n.,空气
air,v.,通风
put,v.,放
clothes,n.,衣服
wardrobe,n.,衣柜
dust,n.,灰尘
dust,v.,除尘
sweep,v.,扫
empty,v.,倒空
read,v.,阅读；读
sharpen,v.,削尖
put on,v.,穿上
take off,v.,脱下；起飞
turn on,v.,打开(电器)
turn off,v.,关闭(电器)
garden,n.,花园
under,prep.,在…下面
tree,n.,树
climb,v.,爬
who,pron.,谁
run,v.,跑
grass,n.,草
after,prep.,在…之后
across,prep.,穿过
cat,n.,猫
type,v.,打字
type,n.,类型
letter,n.,信；字母
basket,n.,篮子
eat,v.,吃
bone,n.,骨头
tooth,n.,牙齿
cook,v.,烹饪；做饭
cook,n.,厨师
milk,n.,牛奶
meal,n.,一餐；饭
drink,v.,喝
drink,n.,饮料
tap,n.,水龙头
day,n.,天；白天
cloud,n.,云
sky,n.,天空
sun,n.,太阳
shine,v.,照耀；发光
with,prep.,和…一起；带有
family,n.,家庭；家人
walk,v.,走路；散步
over,prep.,在…上方；越过
bridge,n.,桥
boat,n.,小船
river,n.,河流
ship,n.,轮船；大船
aeroplane,n.,飞机
fly,v.,飞
sleep,v.,睡觉
shave,v.,刮胡子
cry,v.,哭
wash,v.,洗
wait,v.,等待
jump,v.,跳
photograph,n.,照片
village,n.,村庄
valley,n.,山谷
between,prep.,在…之间
hill,n.,小山
another,pron.,另一个
wife,n.,妻子；老婆
along,prep.,沿着
bank,n.,银行；河岸
water,n.,水
swim,v.,游泳
building,n.,建筑物
park,n.,公园
park,v.,停车
into,prep.,进入
beside,prep.,在…旁边
off,prep.,离开
off,adv.,关掉
work,v.,工作
work,n.,工作
hard,adv.,努力地
hard,adj.,困难的；硬的
bookcase,n.,书柜
hammer,n.,锤子
paint,v.,油漆；画画
paint,n.,油漆；颜料
pink,adj.,粉红色的
favourite,adj.,最喜欢的
homework,n.,家庭作业；功课
listen,v.,听
dish,n.,盘子；菜肴
front,n.,前面
in front of,prep.,在…前面
careful,adj.,小心的；仔细的
vase,n.,花瓶
drop,v.,掉落；滴下
flower,n.,花
show,v.,展示；给…看
show,n.,表演；节目
send,v.,发送；寄
take,v.,拿；带走
cheese,n.,奶酪；芝士
bread,n.,面包
soap,n.,肥皂
chocolate,n.,巧克力
sugar,n.,糖
coffee,n.,咖啡
tea,n.,茶
tobacco,n.,烟草
bird,n.,鸟
any,pron.,任何一个
some,pron.,一些
kettle,n.,水壶
behind,prep.,在…后面
teapot,n.,茶壶
now,adv.,现在
find,v.,找到
boil,v.,煮沸
can,v.,可以；会
can,n.,罐头
boss,n.,老板
minute,n.,分钟
ask,v.,问
handwriting,n.,字迹；书法
terrible,adj.,糟糕的；可怕的
lift,v.,举起；提起
lift,n.,电梯
cake,n.,蛋糕
biscuit,n.,饼干
like,v.,喜欢
like,prep.,像
want,v.,想要
fresh,adj.,新鲜的
egg,n.,蛋
butter,n.,黄油；牛油
pure,adj.,纯的
honey,n.,蜂蜜
ripe,adj.,成熟的
banana,n.,香蕉
jam,n.,果酱
sweet,adj.,甜的
Scotch whisky,n.,苏格兰威士忌
choice,n.,选择
apple,n.,苹果
wine,n.,葡萄酒；酒
beer,n.,啤酒
blackboard,n.,黑板
butcher,n.,肉贩；屠夫
meat,n.,肉
beef,n.,牛肉
lamb,n.,羊羔肉
husband,n.,丈夫；老公
steak,n.,牛排
mince,n.,肉末；肉馅
chicken,n.,鸡肉；鸡
tell,v.,告诉
truth,n.,真相；事实
either,adv.,也(不)
either,conj.,要么
tomato,n.,番茄；西红柿
potato,n.,土豆；马铃薯
cabbage,n.,卷心菜；包菜
lettuce,n.,生菜
pea,n.,豌豆
bean,n.,豆
pear,n.,梨
grape,n.,葡萄
peach,n.,桃子
Greece,n.,希腊
climate,n.,气候
country,n.,国家；乡下
pleasant,adj.,令人愉快的；舒适的
weather,n.,天气
spring,n.,春天
windy,adj.,大风的
warm,adj.,温暖的
rain,n.,雨
rain,v.,下雨
sometimes,adv.,有时
summer,n.,夏天
autumn,n.,秋天
winter,n.,冬天
snow,n.,雪
snow,v.,下雪
January,n.,一月
February,n.,二月
March,n.,三月
April,n.,四月
May,n.,五月
June,n.,六月
July,n.,七月
August,n.,八月
September,n.,九月
October,n.,十月
November,n.,十一月
December,n.,十二月
Brazil,n.,巴西
Holland,n.,荷兰
England,n.,英国；英格兰
France,n.,法国
Germany,n.,德国
Italy,n.,意大利
Norway,n.,挪威
Russia,n.,俄罗斯
Spain,n.,西班牙
Sweden,n.,瑞典
mild,adj.,温和的
always,adv.,总是
north,n.,北方
east,n.,东方
wet,adj.,湿的
west,n.,西方
south,n.,南方
season,n.,季节
best,adj.,最好的
night,n.,夜晚
rise,v.,升起
early,adv.,早
early,adj.,早的
set,v.,落下(太阳)；设置
late,adv.,晚；迟
late,adj.,晚的；迟的
interesting,adj.,有趣的
subject,n.,主题；科目
conversation,n.,对话；交谈
Australia,n.,澳大利亚
Australian,adj.,澳大利亚的
Australian,n.,澳大利亚人
Austria,n.,奥地利
Austrian,adj.,奥地利的
Austrian,n.,奥地利人
Canada,n.,加拿大
Canadian,adj.,加拿大的
Canadian,n.,加拿大人
China,n.,中国
Finland,n.,芬兰
Finnish,adj.,芬兰的
Finnish,n.,芬兰语
India,n.,印度
Indian,adj.,印度的
Indian,n.,印度人
Japan,n.,日本
Nigeria,n.,尼日利亚
Nigerian,adj.,尼日利亚的
Nigerian,n.,尼日利亚人
Turkey,n.,土耳其
Turkish,adj.,土耳其的
Turkish,n.,土耳其人
Korea,n.,韩国；朝鲜
Polish,adj.,波兰的
Polish,n.,波兰语
Poland,n.,波兰
Thai,adj.,泰国的
Thai,n.,泰语
Thailand,n.,泰国
live,v.,居住；生活
stay,v.,停留；待在
home,n.,家
housework,n.,家务
lunch,n.,午餐
afternoon,n.,下午
usually,adv.,通常
together,adv.,一起
evening,n.,晚上；傍晚
arrive,v.,到达
o'clock,adv.,…点钟
shop,n.,商店
shop,v.,购物
moment,n.,片刻；时刻
envelope,n.,信封
writing paper,n.,信纸
shop assistant,n.,店员
size,n.,尺寸；尺码
pad,n.,便签本；垫子
glue,n.,胶水
chalk,n.,粉笔
change,n.,零钱；变化
change,v.,改变；换
feel,v.,感觉
look,v.,看
call,v.,打电话；呼叫
doctor,n.,医生
telephone,n.,电话
remember,v.,记得
mouth,n.,嘴
tongue,n.,舌头
bad,adj.,坏的；差的
cold,n.,感冒
news,n.,新闻；消息
headache,n.,头痛
aspirin,n.,阿司匹林
earache,n.,耳痛
toothache,n.,牙痛
dentist,n.,牙医
stomach ache,n.,胃痛；肚子痛
medicine,n.,药
temperature,n.,温度；体温
flu,n.,流感
measles,n.,麻疹
mumps,n.,腮腺炎
better,adj.,更好的
certainly,adv.,当然；肯定地
get up,v.,起床
yet,adv.,还；尚未
rich,adj.,富有的
food,n.,食物
remain,v.,保持；留下
play,v.,玩；比赛
match,n.,比赛；火柴
talk,v.,说话；交谈
library,n.,图书馆
drive,v.,驾驶
so,adv.,如此；所以
quickly,adv.,快速地
lean out of,v.,探身出去
break,v.,打破
noise,n.,噪音
Dad,n.,爸爸
key,n.,钥匙
baby,n.,婴儿
hear,v.,听到
enjoy,v.,享受；喜欢
yourself,pron.,你自己
ourselves,pron.,我们自己
myself,pron.,我自己
themselves,pron.,他们自己
himself,pron.,他自己
herself,pron.,她自己
greengrocer,n.,蔬果商
absent,adj.,缺席的
Monday,n.,星期一
Tuesday,n.,星期二
Wednesday,n.,星期三
Thursday,n.,星期四
keep,v.,保持；保存
spend,v.,花费(时间/金钱)
weekend,n.,周末
Friday,n.,星期五
Saturday,n.,星期六
Sunday,n.,星期天
lucky,adj.,幸运的
church,n.,教堂
dairy,n.,乳品店
baker,n.,面包师
grocer,n.,食品杂货商
year,n.,年
race,n.,比赛；种族
town,n.,城镇
crowd,n.,人群
stand,v.,站立
stand,n.,看台
exciting,adj.,令人兴奋的
just,adv.,刚刚；只是
finish,v.,完成
winner,n.,获胜者
way,n.,方式；道路
stationer,n.,文具商
Denmark,n.,丹麦
awful,adj.,糟糕的；可怕的
time,n.,时间；次数
answer,v.,回答
answer,n.,答案
last,adj.,最后的；上一个
last,v.,持续
phone,n.,电话
phone,v.,打电话
again,adv.,再次；又
say,v.,说
week,n.,星期；周
London,n.,伦敦
suddenly,adv.,突然
bus stop,n.,巴士站
smile,v.,微笑
smile,n.,微笑
pleasantly,adv.,愉快地
understand,v.,理解；明白
speak,v.,说；讲
hand,n.,手
pocket,n.,口袋
phrasebook,n.,短语手册；常用语手册
phrase,n.,短语；词组
slowly,adv.,慢慢地
hurriedly,adv.,匆忙地
cut,v.,切；剪
thirstily,adv.,口渴地
go,v.,去
greet,v.,问候；打招呼
ago,adv.,…以前
buy,v.,买
pair,n.,一双；一对
fashion,n.,时尚
uncomfortable,adj.,不舒服的
wear,v.,穿；戴
appointment,n.,预约；约会
urgent,adj.,紧急的
till,prep.,直到
shopping,n.,购物
list,n.,清单；列表
vegetable,n.,蔬菜
need,v.,需要
hope,v.,希望
hope,n.,希望
thing,n.,东西；事情
money,n.,钱
groceries,n.,食品杂货
fruit,n.,水果
stationery,n.,文具
newsagent,n.,报刊亭；报贩
chemist,n.,药剂师；药店
bath,n.,洗澡；浴缸
nearly,adv.,几乎；差不多
ready,adj.,准备好的
dinner,n.,晚餐
restaurant,n.,餐厅；餐馆
roast,v.,烤
roast,adj.,烤的
breakfast,n.,早餐
haircut,n.,理发
party,n.,派对；聚会
holiday,n.,假期
mess,n.,混乱；脏乱
pack,v.,打包
suitcase,n.,手提箱；行李箱
leave,v.,离开；留下
already,adv.,已经
Paris,n.,巴黎
cinema,n.,电影院
film,n.,电影
beautiful,adj.,美丽的
city,n.,城市
never,adv.,从不
ever,adv.,曾经
attendant,n.,服务员；侍者
bring,v.,带来
garage,n.,车库；汽车修理厂
crash,v.,碰撞；坠毁
crash,n.,碰撞事故
lamp-post,n.,灯柱
repair,v.,修理
repair,n.,修理
try,v.,尝试
believe,v.,相信
may,v.,可以；可能
since,prep.,自从
why,adv.,为什么
sell,v.,卖
because,conj.,因为
retire,v.,退休
cost,v.,花费；成本为
cost,n.,成本；价格
pound,n.,英镑；磅
worth,adj.,值得
penny,n.,便士；分
still,adv.,仍然；还
move,v.,移动；搬家
miss,v.,想念；错过
neighbour,n.,邻居
person,n.,人
people,n.,人们
poor,adj.,贫穷的；可怜的
pilot,n.,飞行员
return,v.,返回；归还
New York,n.,纽约
Tokyo,n.,东京
Madrid,n.,马德里
Athens,n.,雅典
Berlin,n.,柏林
Bombay,n.,孟买
Geneva,n.,日内瓦
Moscow,n.,莫斯科
Rome,n.,罗马
Seoul,n.,首尔
Stockholm,n.,斯德哥尔摩
Sydney,n.,悉尼
return,n.,返回；回程
train,n.,火车
platform,n.,站台；月台
plenty,n.,大量；充足
bar,n.,酒吧
station,n.,车站；站
porter,n.,行李员
catch,v.,赶上；抓住
miss,v.,错过；想念
describe,v.,描述
zip,n.,拉链
label,n.,标签
handle,n.,把手
handle,v.,处理
address,n.,地址
pence,n.,便士(复数)
belong,v.,属于
ow,int.,哎哟
slip,v.,滑倒
fall,v.,跌倒
downstairs,adv.,楼下
hurt,v.,弄伤；疼痛
back,n.,背部
back,adv.,向后
stand up,v.,站起来
help,v.,帮助
help,n.,帮助
sure,adj.,确信的
X-ray,n.,X光
licence,n.,执照；许可证
Scotland,n.,苏格兰
card,n.,卡片
youth,n.,青年
hostel,n.,旅社
association,n.,协会
soon,adv.,很快
write,v.,写
exam,n.,考试
pass,v.,通过；及格
mathematics,n.,数学
question,n.,问题
easy,adj.,容易的
enough,adv.,足够地
enough,adj.,足够的
paper,n.,纸；试卷
fail,v.,失败；不及格
mark,n.,分数；标记
mark,v.,标记
rest,n.,休息；剩余部分
rest,v.,休息
difficult,adj.,困难的
hate,v.,讨厌；憎恨
low,adj.,低的
cheer,v.,欢呼；加油
guy,n.,家伙；男人
top,n.,顶部
top,adj.,顶级的
clever,adj.,聪明的
stupid,adj.,笨的
cheap,adj.,便宜的
expensive,adj.,昂贵的
stale,adj.,不新鲜的
loud,adj.,大声的
high,adj.,高的
soft,adj.,软的
sour,adj.,酸的
spell,v.,拼写
intelligent,adj.,聪明的；有才智的
mistake,n.,错误
present,n.,礼物；现在
present,adj.,出席的
present,v.,呈现；授予
dictionary,n.,词典；字典
carry,v.,携带；搬运
correct,adj.,正确的
correct,v.,改正
madam,n.,女士；夫人
pretty,adj.,漂亮的
idea,n.,主意；想法
teaspoonful,n.,一茶匙的量
less,adv.,更少
pity,n.,遗憾；可惜
instead,adv.,反而；代替
advice,n.,建议
most,adv.,最
least,adv.,最少
worse,adj.,更差的
worst,adj.,最差的
model,n.,模型；模特
afford,v.,负担得起
deposit,n.,押金；定金
instalment,n.,分期付款
price,n.,价格
millionaire,n.,百万富翁
conductor,n.,售票员；指挥
fare,n.,票价；车费
change,n.,零钱
note,n.,纸币；笔记
passenger,n.,乘客
none,pron.,没有一个
neither,pron.,两者都不
get off,v.,下车
tramp,n.,流浪汉
except,prep.,除了
anyone,pron.,任何人
knock,v.,敲
everything,pron.,每件事；所有东西
quiet,adj.,安静的
impossible,adj.,不可能的
invite,v.,邀请
anything,pron.,任何东西；任何事
nothing,pron.,没有东西；没事
lemonade,n.,柠檬水
joke,n.,笑话
asleep,adj.,睡着的
glasses,n.,眼镜
dining room,n.,饭厅
coin,n.,硬币
swallow,v.,吞咽
later,adv.,稍后
toilet,n.,厕所；洗手间
ring,v.,按铃；打电话
ring,n.,戒指
story,n.,故事
happen,v.,发生
thief,n.,小偷
enter,v.,进入
dark,adj.,黑暗的
torch,n.,手电筒
voice,n.,声音
parrot,n.,鹦鹉
exercise book,n.,练习本
customer,n.,顾客
forget,v.,忘记
manager,n.,经理
serve,v.,服务；招待
counter,n.,柜台
recognize,v.,认出
road,n.,路
during,prep.,在…期间
trip,n.,旅行
travel,v.,旅行
offer,v.,提供
offer,n.,提议
job,n.,工作
guess,v.,猜
grow,v.,生长；种植
beard,n.,胡须
kitten,n.,小猫
water,v.,浇水
terribly,adv.,非常；糟糕地
dry,adj.,干的
nuisance,n.,麻烦事；讨厌的人
mean,v.,意思是
mean,adj.,刻薄的
surprise,n.,惊喜；惊讶
surprise,v.,使惊讶
immediately,adv.,立刻；马上
famous,adj.,著名的
actress,n.,女演员
actor,n.,男演员
read,v.,阅读
wave,v.,挥手
wave,n.,波浪
track,n.,轨道；跑道
mile,n.,英里
overtake,v.,超车
speed limit,n.,速度限制
dream,n.,梦
dream,v.,做梦
sign,n.,标志；信号
sign,v.,签名
driving,n.,驾驶
charge,v.,收费；充电
charge,n.,费用
darling,n.,亲爱的
Egypt,n.,埃及
abroad,adv.,在国外
worry,v.,担心
reporter,n.,记者
sensational,adj.,轰动的；耸人听闻的
mink coat,n.,貂皮大衣
future,n.,未来
get married,v.,结婚
hotel,n.,酒店；旅馆
latest,adj.,最新的
introduce,v.,介绍
football,n.,足球
pool,n.,赌注；水池
win,v.,赢
world,n.,世界
depend,v.,依靠；取决于
extra,adj.,额外的
overseas,adv.,海外
overseas,adj.,海外的
engineering,n.,工程学
company,n.,公司
line,n.,线路；航线；排队
excited,adj.,兴奋的
get on,v.,上车
middle-aged,adj.,中年的
opposite,prep.,在…对面
opposite,adj.,相反的
curiously,adv.,好奇地
funny,adj.,有趣的；好笑的
powder,n.,粉末
compact,n.,粉饼盒
compact,adj.,紧凑的
kindly,adv.,和蔼地；亲切地
ugly,adj.,丑的
amused,adj.,被逗乐的；觉得好笑的
embarrassed,adj.,尴尬的
worried,adj.,担心的
regularly,adv.,定期地；经常
surround,v.,包围
wood,n.,树林；木头
beauty spot,n.,风景点
hundred,n.,百
through,prep.,穿过
visitor,n.,游客；访客
tidy,adj.,整洁的
tidy,v.,收拾
litter,n.,垃圾
litter,v.,乱扔垃圾
litter basket,n.,垃圾桶
place,n.,地方
place,v.,放置
throw,v.,扔；抛
rubbish,n.,垃圾
count,v.,数数
cover,v.,覆盖
cover,n.,盖子；封面
piece,n.,一块；一片
tyre,n.,轮胎
rusty,adj.,生锈的
among,prep.,在…之中
prosecute,v.,起诉；检举
play,n.,戏剧；话剧
play,v.,玩；播放
ring,n.,戒指；铃声
call,n.,电话；呼叫
pool,n.,水池；游泳池
key,n.,钥匙；琴键
bank,n.,银行
ticket,n.,票；罚单
note,n.,笔记；纸币
dream,n.,梦；梦想
paint,v.,画画；油漆
most,pron.,大多数
train,v.,训练
spring,n.,春天；弹簧
sweep,v.,扫；席卷
sign,n.,标志
present,n.,礼物
tap,v.,轻敲
ring,n.,场地；圈
charge,v.,冲向；收费
present,v.,赠送；呈现
mark,n.,标记
plate,n.,盘子；金属板
march,v.,行军；前进
sharp,adj.,锋利的；敏锐的
truth,n.,真相
slip,v.,滑倒；纸条
present,v.,呈现
track,v.,追踪
present,v.,赠送
pass,n.,通行证
pass,v.,通过
tie,n.,领带；平局
run,v.,跑；经营
fat,n.,脂肪
find,n.,发现物
piece,n.,一块；一件
litter,v.,乱扔
tramp,v.,跋涉
overtake,v.,超过
spell,n.,一段时间
lift,v.,举起
leave,n.,假期；许可
mean,n.,平均值；方法
Indian,n.,印第安人
like,n.,同类事物
slip,n.,滑动；失误
list,v.,(船)倾斜
ring,n.,环
keep,n.,生计；供养
amused,adj.,被逗乐的
armchair,n.,扶手椅
aspirin,n.,阿司匹林
awful,adj.,糟糕的；很差的
baker,n.,面包师
bar,n.,酒吧；条；障碍
bar,prep.,除了
bar,v.,禁止；阻拦
bath,n.,洗澡；浴缸
bean,n.,豆子
bean,v.,击中头部
beard,v.,公然对抗
bedroom,n.,卧室
beef,n.,牛肉；肌肉
beef,v.,抱怨；发牢骚
beer,n.,啤酒
behind,prep.,在…后面；支持
believe,v.,相信；认为
belong,v.,属于；是…的成员
best,n.,最好的东西（或人）
best,v.,打败；胜过
better,n.,更好的人或事物
better,v.,改善；提高
big,adj.,大的；重要的
big,adv.,夸大地
bird,v.,观鸟；喝倒彩
biscuit,n.,饼干
black,adj.,黑色的；黑暗的
black,n.,黑色
black,v.,把…涂黑
blouse,n.,（女式）衬衫
blouse,v.,宽松下垂
blue,n.,蓝色；蓝调音乐
blue,v.,（使）变蓝
blunt,adj.,钝的；直率的
blunt,v.,使变钝；使减弱
boil,n.,沸点；疖子
boil,v.,煮；（使）沸腾
bone,n.,骨头
bone,v.,剔骨；刻苦学习
bookcase,n.,书柜；书架
boss,v.,对…发号施令
bottle,v.,把…装入瓶中；抑制
box,n.,盒子；箱子；包厢
box,v.,打拳击；把…装箱
bread,v.,在…上裹面包屑
break,n.,休息；中断；破裂
break,v.,打破；弄坏；休息
bring,v.,带来；拿来；引起
busy,adj.,忙的；占线的
busy,v.,使忙于
butcher,n.,屠夫；肉贩
butcher,v.,屠宰；残杀
butter,n.,黄油；奶油
buy,n.,划得来的东西
cake,n.,蛋糕；块状物
cake,v.,结块；覆盖
call,n.,电话；呼叫；呼吁
call,v.,呼叫；打电话；称呼；召集
car,n.,汽车；车厢
carpet,n.,地毯
carpet,v.,铺地毯；斥责
carry,n.,搬运；射程
carry,v.,携带；搬运；支持；销售
case,n.,情况；案例；箱子；病例
catch,n.,捕获；捕获物；圈套
catch,v.,抓住；赶上；感染；发现
certainly,adv.,当然；肯定地
chalk,v.,用粉笔写；记录
change,n.,变化；零钱；更换
change,v.,改变；更换；换钱
church,adj.,教会的
church,n.,教堂；教会
church,v.,带（产妇）去教堂行感恩礼
cinema,n.,电影院；电影业
clean,adj.,干净的；清白的
climate,n.,气候；风气；氛围
climb,n.,攀登；爬升
climb,v.,攀登；爬；上升
cloakroom,n.,衣帽间；行李寄存处
cloud,n.,云；阴影；一大群
cloud,v.,（使）模糊；（使）笼罩
coat,n.,外套；涂层
coat,v.,覆盖…的表面
coin,v.,铸造（硬币）；创造（新词）
cold,adv.,完全地；突然地
colour,n.,颜色；色彩；颜料
colour,v.,给…着色；（脸）变红；影响
come,int.,来吧；加油
come,v.,来；来到；发生
compact,adj.,小巧的；紧凑的；简洁的
compact,n.,协议；带镜小粉盒
compact,v.,压实；使简洁
conductor,n.,指挥；售票员；导体
conversation,n.,对话；交谈
cook,v.,烹饪；做饭
cooker,n.,炊具
correct,adj.,正确的；恰当的
cost,n.,成本；费用；代价
cost,v.,花费；使付出代价
count,n.,计数；总数；伯爵
count,v.,数数；计算；认为；重要
counter,adj.,相反的
counter,adv.,相反地
counter,n.,柜台；计数器
counter,v.,反驳；反击
country,adj.,乡村的；国家的
cover,n.,盖子；封面；掩护；保险
cover,v.,覆盖；包括；报道；行走（一段路程）
crash,n.,碰撞；坠毁；崩溃；巨响
crash,v.,碰撞；坠毁；崩溃；发出巨响
crowd,n.,人群；观众；一伙人
crowd,v.,挤满；聚集
cry,n.,哭；叫喊；呼吁
cry,v.,哭；喊叫
cup,n.,杯子；奖杯
cup,v.,把（手）做成杯状
cupboard,n.,橱柜；碗柜
curiously,adv.,好奇地；奇怪地
customer,n.,顾客；客户
customs,n.,海关；关税
cut,adj.,切开的；削减的
cut,n.,切口；伤口；削减；份额
cut,v.,切；割；剪；削减；删节
dairy,adj.,乳制品的
dairy,n.,乳品店；乳制品
dark,n.,黑暗；暗处
darling,n.,亲爱的人；宝贝
daughter,adj.,女儿的
day,n.,一天；白天；时代
depend,v.,依赖；取决于
deposit,n.,存款；押金；沉淀物
deposit,v.,存放；使沉淀
desk,n.,书桌；办公桌；服务台
dining room,n.,餐厅
dinner,n.,晚餐；正餐；晚宴
dirty,adj.,脏的；下流的；卑鄙的
dish,v.,盛（饭菜）；分发
doctor,v.,篡改；下毒于
dog,v.,跟踪；尾随
door,n.,门；门口
downstairs,adj.,楼下的
downstairs,adv.,在楼下；往楼下
downstairs,n.,楼下
dress,n.,连衣裙；衣服
dress,v.,穿衣服；打扮；处理（伤口）
dressing table,n.,梳妆台
drink,v.,喝；饮酒
drive,n.,驾车；驱车旅行；驱动力；私人车道
drive,v.,驾驶；驱赶；驱动
driving,adj.,强劲的；驱动的
driving,n.,驾驶
drop,n.,一滴；下降；少量
drop,v.,（使）落下；下降；放弃
dry,adj.,干的；干燥的；枯燥的
dry,n.,干涸
dry,v.,（使）变干
dust,n.,灰尘；尘土
dust,v.,掸去…的灰尘
earache,n.,耳痛
early,adj.,早的；早期的
early,adv.,早；提早
east,n.,东方；东部
east,adj.,东方的；东部的
egg,n.,蛋；卵
either,adj.,两者中任一的
either,adv.,也（用于否定句）
either,conj.,或者
either,pron.,两者中任一
electric,n.,电器
embarrassed,adj.,感到尴尬的
employee,n.,雇员；员工
empty,adj.,空的；空虚的
empty,n.,空容器
empty,v.,（使）变空
engineering,n.,工程学
enjoy,v.,享受；喜爱
enough,int.,够了
enough,n.,足够
enter,v.,进入；参加；输入
ever,adv.,曾经；究竟；永远
except,prep.,除了…之外
excited,adj.,兴奋的；激动的
exciting,adj.,令人兴奋的；刺激的
excuse,v.,原谅；为…辩解
exercise book,n.,练习本
expensive,adj.,昂贵的
extra,adv.,额外地
extra,n.,额外的东西；临时演员
fail,n.,不及格
fail,v.,失败；不及格；失灵
fall,n.,秋天；落下；下降
fall,v.,落下；下降；倒下
famous,adj.,著名的；出名的
fare,n.,票价；车费
fare,v.,进展
fashion,v.,制作；塑造
fat,adj.,胖的；肥的；油腻的
fat,n.,脂肪；肥肉
father,v.,成为…的父亲；创立
feel,n.,感觉；触感
feel,v.,感觉；触摸；认为
film,n.,电影；胶卷；薄膜
film,v.,拍电影
find,v.,找到；发现；认为
fine,adj.,好的；晴朗的；纤细的
fine,v.,处以罚款
finish,n.,结束；完成
floor,v.,击倒；使惊奇
flower,v.,开花；繁荣
food,n.,食物；食品
fork,n.,叉子；岔路口
fresh,adj.,新鲜的；新的；清新的
front,n.,前面；正面；前线
front,v.,朝向；面对
future,n.,未来；前途
garage,n.,车库；汽车修理厂
garden,n.,花园；菜园
garden,v.,从事园艺
give,v.,给；给予
glass,n.,玻璃；玻璃杯；眼镜
glasses,n.,眼镜
go,n.,尝试；轮到
go,v.,去；走；进行；变得
good,adj.,好的；擅长的
good,n.,好处；善
grandfather,n.,祖父；外祖父
grandmother,n.,祖母；外祖母
green,adj.,绿色的；环保的；没经验的
green,n.,绿色
greengrocer,n.,蔬菜水果商
grey,adj.,灰色的；阴沉的
grey,n.,灰色
grocer,n.,食品杂货商
groceries,n.,食品杂货
guess,v.,猜测；认为
hairdresser,n.,理发师
hammer,n.,锤子
hammer,v.,锤击；反复强调
hand,n.,手；帮助；指针
hand,v.,递；交
handle,n.,把手
handle,v.,处理；应对；操作
handwriting,n.,笔迹；书法
hard,adj.,硬的；困难的；努力的
hard,adv.,努力地；猛烈地
hard-working,adj.,勤奋的
hate,n.,憎恨
hate,v.,憎恨；讨厌
heavy,adj.,重的；大的；猛烈的
her,pron.,她（宾格）；她的
herself,pron.,她自己
high,adj.,高的；高级的
high,n.,高水平；高点
hill,n.,小山
holiday,n.,假日；假期
home,adj.,国内的；家庭的
hostel,n.,旅社；招待所
house,n.,房子；家；公司
house,v.,给…提供住房
housewife,n.,家庭主妇
how,adv.,怎样；如何
hundred,num.,一百
hurriedly,adv.,匆忙地
hurt,n.,伤害；痛苦
hurt,v.,伤害；使疼痛
idea,n.,想法；主意；概念
immediately,adv.,立即；马上
in,prep.,在…里面；以…方式
in,adv.,在里面；进入
instalment,n.,分期付款
instead,adv.,反而；代替
intelligent,adj.,聪明的；智能的
interesting,adj.,有趣的；有意思的
into,prep.,到…里面；进入…状态；变成
introduce,v.,介绍；引进；推出
invite,v.,邀请；招致
is,n.,存在
is,v.,是（be动词的第三人称单数）
it,n.,信息技术
it,n.,意大利
jam,n.,果酱；堵塞；困境
jam,v.,（使）卡住；（使）堵塞
job,n.,工作；活儿
job,v.,做零工；承包
jump,n.,跳跃；猛增
keep,n.,生计；生活费
keep,v.,保持；继续；遵守；饲养
kettle,n.,水壶
key,n.,钥匙；关键；答案；（电脑或钢琴的）键
key,v.,键入；用钥匙锁上
keyboard,n.,键盘
keyboard,v.,用键盘输入
kindly,adj.,和蔼的；亲切的
kindly,adv.,和善地；请
kitten,n.,小猫
kitten,v.,产小猫
knife,v.,用刀切；用刀伤人
knock,v.,敲；撞；批评
label,n.,标签；称号
label,v.,贴标签；把…称为
lamb,n.,羊羔；羊羔肉
lamb,v.,生小羊
lamp-post,n.,灯柱
large,adj.,大的；大量的
large,adv.,大大地
large,n.,大
last,adv.,最后；上一次
last,n.,最后；末尾
later,adj.,更晚的；后来的
latest,adv.,最晚地
latest,n.,最新消息
lazy,adj.,懒惰的
least,adj.,最少的；最小的
least,adv.,最少；最小
least,n.,最少；最小
leave,n.,假期；许可
leave,v.,离开；留下；遗忘
left,adv.,向左
left,n.,左边；左派
left,v.,离开（的过去式）
lemonade,n.,柠檬水
less,adj.,更少的；更小的
less,adv.,更少地
less,n.,较少的东西
less,prep.,减去
lettuce,n.,生菜
licence,n.,执照；许可证
licence,v.,许可；发执照给
lift,n.,电梯（英）；搭便车；举起
lift,v.,举起；抬起；解除；（雾）消散
light,adv.,轻地
light,n.,光；灯；打火机
like,adv.,可能
like,conj.,好像
like,n.,喜好；相似的人或物
line,n.,线；队；排；行业；台词
line,v.,排队；画线于；作内衬
list,v.,列出；列入名单
listen,v.,听；倾听
litter,n.,垃圾；一窝幼崽
litter,v.,乱扔垃圾；产仔
litter basket,n.,垃圾桶
little,n.,少量；少许
live,v.,生活；居住
living room,n.,客厅
long,adj.,长的；长时间的
look,n.,看；样子；神情
look,v.,看；看起来；寻找
lucky,adj.,幸运的
magazine,n.,杂志；弹匣
make,n.,品牌；型号；构造
make,v.,做；制造；使得；赚（钱）
man,n.,男人；人；人类
man,v.,为…配备人手；操作
manager,n.,经理；管理者
mark,v.,做标记；打分；标志着
match,n.,比赛；火柴；相配的人或物
match,v.,相配；比得上；和…比赛
mathematics,n.,数学
matter,n.,事情；问题；物质
matter,v.,要紧；有关系
may,v.,可以；可能；也许
me,n.,自我
meal,v.,进餐
measles,n.,麻疹
mechanic,adj.,手工的
mechanic,n.,技工；机修工
meet,n.,集会；比赛
mess,n.,混乱；脏乱；食堂
mess,v.,弄乱；搞砸
middle,adj.,中间的；中等的
middle,n.,中间；腰部
middle-aged,adj.,中年的
mild,adj.,温和的；轻微的
mild,n.,淡味啤酒
milk,n.,牛奶；乳汁
milkman,n.,送奶工
millionaire,adj.,百万富翁的
millionaire,n.,百万富翁
mince,n.,肉馅
mince,v.,切碎；小步走
mink coat,n.,貂皮大衣
minute,adj.,微小的；仔细的
minute,n.,分钟；片刻；会议记录
minute,v.,将…记录下来
miss,n.,小姐；女士
miss,v.,错过；想念；未击中
mistake,v.,弄错；误解
model,adj.,模范的；模型的
model,n.,模型；模特；榜样；型号
model,v.,做模特；模仿；塑造
moment,n.,片刻；瞬间；重要时机
money,n.,钱；金钱
morning,n.,早晨；上午
most,adj.,最多的；大部分的
most,n.,大多数；大部分
mother,adj.,母亲的；母语的
mother,n.,母亲
mouth,n.,嘴；口
mouth,v.,（不出声或装模作样地）说
move,n.,移动；行动；步骤；搬家
mum,int.,别说话
mum,n.,妈妈；菊花
mum,v.,演哑剧
mumps,n.,流行性腮腺炎
must,n.,必须做的事
my,int.,天哪
name,adj.,著名的
name,v.,命名；说出…的名字；指定
nationality,n.,国籍
near,adv.,在附近
nearly,adv.,几乎；差不多
need,n.,需要；必需品；贫困
need,v.,需要；必须
neighbour,n.,邻居
neighbour,v.,与…毗邻
neither,adv.,也不
never,adv.,从不；决不
news,n.,新闻；消息
newsagent,n.,报刊经销商
night,n.,夜晚；黑夜
noise,v.,喧闹；散布（谣言）
none,adj.,没有一点
none,adv.,一点也不
none,n.,无
none,pron.,没有一个；没有任何东西
north,n.,北方；北部
now,adj.,现在的
nuisance,n.,讨厌的人或事；麻烦事
number,v.,编号；总计
nurse,n.,护士；保姆
nurse,v.,护理；照料；怀有（感情）
o'clock,adv.,…点钟
of,prep.,…的；属于；关于
of course,phr.,当然
off,adj.,离开的；关掉的；不新鲜的
off,adv.,离开；脱落；中断
off,prep.,离开…；从…脱落
offer,n.,提议；出价；录取通知
offer,v.,提供；提议；出价
office,n.,办公室；职位；政府部门
officer,n.,官员；军官；警察
old,n.,老人；古时
on,adj.,开着的；进行中的
on,adv.,继续；穿着
one,adj.,一个的；唯一的
one,pron.,一个人；任何人
open,n.,户外；公开
open,v.,打开；开始；开（店）
operator,n.,操作员；接线员；经营者；运算符
opposite,adv.,在对面
opposite,n.,对立面；反义词
orange,adj.,橙色的
orange,n.,橙子；橙色
over,adv.,越过；结束；再一次
over,prep.,在…上方；遍及；超过
overtake,v.,超过；赶上；（坏事）突然降临
ow,int.,哎哟
pack,n.,包；一群（狼、狗等）
pad,n.,垫子；便笺本；（动物的）肉掌
pad,v.,填塞；悄无声息地走
paint,n.,油漆；颜料
paint,v.,刷油漆；画画
pair,n.,一对；一双
paper,n.,纸；报纸；论文；文件
paper,v.,贴壁纸
pardon,n.,原谅；赦免
pardon,v.,原谅；赦免
parrot,v.,鹦鹉学舌般地重复
party,n.,派对；聚会；政党；当事人
party,v.,开派对；聚会
pass,v.,通过；传递；经过
pea,n.,豌豆
peach,n.,桃子
peach,v.,告密
pen,v.,写；把…关进圈里
pence,n.,便士（penny的复数）
penny,n.,便士；一分钱
people,v.,使住满人
person,n.,人；个人
photograph,n.,照片；相片
photograph,v.,拍照
photograph,v.,为…拍照
phrase,v.,措辞；表达
phrasebook,n.,常用语手册
picture,n.,图画；照片；电影
piece,n.,一块；一件；一首；一篇
piece,v.,拼合；凑合
pilot,adj.,试点的
pilot,n.,飞行员；机师
pilot,v.,驾驶（飞机）；领航；试行
pink,v.,变成粉红色
pink,v.,刺；戳
pity,n.,同情；怜悯；遗憾的事
pity,v.,同情；怜悯
place,v.,放置；安放
plate,n.,盘子；碟子；车牌
platform,n.,平台；月台；政纲
play,v.,玩；演奏；播放；扮演
pleasant,adj.,令人愉快的；友善的
pleasantly,adv.,愉快地
please,v.,使高兴；取悦
plenty,adj.,充足的
pocket,adj.,袖珍的；口袋大小的
pocket,n.,口袋；衣袋
pocket,v.,放入口袋；私吞
policeman,n.,警察
policewoman,n.,女警
polish,n.,上光剂；优雅
polish,v.,擦亮；润色
pool,n.,游泳池；水池；台球
pool,v.,集中（资源、资金）
poor,adj.,贫穷的；差的
poor,adj.,贫穷的；差的；可怜的
porter,n.,搬运工；门房
potato,n.,土豆；马铃薯
pound,n.,磅；英镑；猛击
pound,v.,猛击；捣碎
powder,n.,粉末；粉
powder,v.,搽粉；变成粉末
present,v.,呈现；赠送；介绍
pretty,adv.,相当；挺
price,n.,价格；代价
dinner,n.,晚餐；正餐
prosecute,v.,起诉；检控
pure,adj.,纯的；纯粹的
put,adj.,固定的
put,n.,投掷
put,v.,放；摆；说
question,n.,问题；疑问
quickly,adv.,迅速地；快地
quiet,adj.,安静的；宁静的
quiet,n.,安静；宁静
quiet,v.,平静下来
quiet,v.,使安静
race,v.,比赛；飞驰
rain,n.,雨；雨水
rain,v.,大量地给予
read,adj.,博学的
read,v.,阅读；读懂；朗读
read,v.,读；看起来
read,v.,阅读；理解
ready,adj.,准备好的；现成的；乐意的
ready,adj.,准备好的；现成的
ready,adv.,迅速地
ready,n.,现款
recognize,v.,认出；承认；意识到
recognize,v.,承认
red,n.,红色；赤字
regularly,adv.,定期地；有规律地
remain,n.,剩余物；遗骸
remain,v.,保持；仍然是；剩下
repair,v.,修理；修复
reporter,n.,记者；通讯员
rest,v.,休息；搁置；依赖
restaurant,n.,餐厅；饭店
retire,v.,退休；退役
return,adj.,返回的；回程的
return,n.,返回；归还；回报
return,v.,返回；归还；回报
rich,adj.,富有的；丰富的；油腻的
right,adj.,对的；右边的；合适的
right,adv.,就；马上；正确地
right,v.,纠正；扶正
ring,n.,戒指；环；铃声；拳击台
ring,v.,（铃）响；打电话；包围
ripe,adj.,成熟的
ripe,v.,搜查
rise,n.,上升；增加
rise,v.,上升；升起；增加
road,n.,路；马路
roast,adj.,烤的
roast,n.,烤肉
roast,v.,烤
room,n.,房间；空间；余地
room,v.,合住；租房住
run,n.,跑步；一段路程
rusty,adj.,生锈的；荒疏的
sales rep,n.,销售代表
same,adj.,相同的；同一的
same,adv.,同样地
say,v.,说；讲；表明
school,n.,学校；学院；学派；鱼群
school,v.,教育；训练
season,n.,季节；当季
season,v.,调味；使适应
see,v.,看见；明白；拜访
sell,n.,销售；推销
send,v.,发送；寄；派遣
sensational,adj.,轰动的；耸人听闻的
serve,v.,服务；上菜；任职；有用
set,adj.,固定的；规定好的
set,n.,一套；一部；设备
set,v.,放置；设定；（日、月）落山
sharp,adj.,锋利的；尖的；急剧的；敏锐的
sharp,adv.,准时地；突然地
sharp,n.,高音符号；骗子
sharp,v.,提高半音
sharpen,v.,（使）变锋利；削尖
shave,n.,刮脸；剃须
shave,v.,刮；剃
shelf,n.,架子；搁板
shine,n.,光亮；光泽
ship,v.,用船运送；运送
shoe,v.,给（马）钉蹄铁
shop,n.,商店；店铺
shop assistant,n.,店员；售货员
shopping,n.,购物
shopping,v.,购物（进行时）
short,adj.,短的；矮的；不足的
short,adv.,突然；唐突地
short,n.,短裤；短片
show,n.,表演；展览；节目
show,v.,展示；给…看；表明
shut,adj.,关闭的
shut,n.,关闭
shut,v.,关闭；关上
sign,n.,标志；招牌；迹象；手势
sign,v.,签名；示意
since,conj.,因为；既然；自从
sir,n.,先生；阁下
sister,adj.,姐妹般的；同类型的
sister,n.,姐妹；修女；护士
size,adj.,一定尺寸的
size,n.,尺寸；大小；规模
size,v.,按尺寸排列
skirt,v.,绕开；回避；位于…边缘
sky,v.,飞涨；把…抛向空中
sleep,n.,睡眠
slip,abbr.,串行线路接口协议
slip,adj.,滑动的
slip,n.,滑倒；差错；纸条
slip,v.,滑倒；溜走；悄悄塞给
slowly,adv.,缓慢地；慢慢地
small,adj.,小的；少的
small,adv.,小声地；小规模地
small,n.,细小部分
smart,adj.,聪明的；时髦的；漂亮的
smile,n.,微笑；笑容
so,pron.,这样
soap,v.,用肥皂洗
soft,adv.,轻柔地
soft,n.,柔软部分
some,adj.,一些；有些
sometimes,adv.,有时
sorry,adj.,抱歉的；遗憾的
sorry,int.,对不起；抱歉
sour,adj.,酸的；变馊的
sour,v.,（使）变酸；（使）变坏
south,n.,南方；南部
speak,v.,说话；发言；讲（某种语言）
speed limit,phr.,速度限制
spell,n.,一段时间；咒语
spend,v.,花费（金钱、时间）；度过
spoon,n.,勺子；匙羹
spoon,v.,用勺子舀
spring,adj.,春天的
spring,n.,春天；弹簧；泉
spring,v.,跳；涌现；突然出现
stale,adj.,不新鲜的；陈腐的
stand,n.,立场；货摊；看台；支架
stand,v.,站立；忍受；坐落于
stand up,phr.,站起来；经得住
station,n.,车站；电视台；电台；站
stationer,n.,文具商
stationery,n.,文具
stay,n.,逗留；停留
stay,v.,停留；保持；待在
steak,n.,牛排；肉排
stereo,n.,立体声；音响
still,conj.,尽管如此；但是
still,n.,静止；剧照
stomach ache,n.,胃痛；肚子痛
story,n.,故事；报道；楼层
stupid,adj.,愚蠢的；笨的
stupid,n.,笨蛋
subject,adj.,受…支配的；易遭受…的
subject,n.,主题；科目；主语；实验对象
subject,v.,使服从；使遭受
suddenly,adv.,突然；忽然
sugar,v.,加糖；粉饰
suit,n.,套装；西装；诉讼
suit,v.,适合；合身
suitcase,n.,手提箱；行李箱
summer,n.,夏天；夏季
sun,n.,太阳；阳光
sure,adj.,确信的；肯定的；可靠的
sure,adv.,当然；肯定
surprise,adj.,令人惊讶的
surprise,n.,惊喜；惊讶；意外
surprise,v.,使惊奇；使意外
surround,v.,包围；环绕
swallow,n.,燕子；吞咽
swallow,v.,吞咽；忍受
sweep,n.,打扫；席卷；挥动
sweep,v.,打扫；席卷；扫视
sweet,adj.,甜的；可爱的；悦耳的
sweet,n.,糖果；甜点
swim,adj.,游泳时穿的
table,adj.,桌子的
table,v.,提交（讨论）；搁置
take,n.,看法；一次拍摄；捕获量
take,v.,拿；取；花费；乘坐；接受；拍照
take off,phr.,起飞；脱下；成功
talk,n.,谈话；演讲；讨论
tap,n.,水龙头；轻拍
tap,v.,轻拍；开发；利用
taxi driver,n.,出租车司机
tea,n.,茶；茶水
teacher,n.,老师；教师
teapot,n.,茶壶
teaspoonful,n.,一茶匙的量
telephone,v.,打电话
television,n.,电视；电视机
tell,v.,告诉；讲述；分辨
terrible,adj.,可怕的；糟糕的
terribly,adv.,非常；很；可怕地
thank you,int.,谢谢你
thanks,int.,谢谢
thief,n.,小偷；贼
thin,adj.,薄的；瘦的；稀的
thing,n.,东西；事情；事物
through,prep.,穿过；通过；凭借
throw,n.,投掷
throw,v.,扔；抛；投
ticket,n.,票；券；罚单
ticket,v.,给…贴标签；开罚单
tidy,adj.,整洁的；整齐的
tie,n.,领带；关系；平局
tie,v.,系；捆；打结；打成平局
till,conj.,直到…为止
till,n.,（商店）收银台抽屉
till,prep.,直到…为止
time,adj.,定时的
time,n.,时间；次数；时代；倍
time,v.,计时；测定时间
tin,adj.,锡制的
tin,n.,锡；罐头盒
tired,adj.,疲劳的；厌倦的
tobacco,n.,烟草；烟叶
today,n.,今天；当今
together,adv.,一起；共同
toilet,n.,厕所；卫生间
tomato,n.,番茄；西红柿
tongue,n.,舌头；语言
too,adv.,也；太；非常
toothache,n.,牙痛
top,n.,顶部；顶端；陀螺
top,v.,超越；居于…之首；给…加顶
torch,n.,手电筒；火炬
tourist,n.,游客；旅行者
town,n.,城镇；市镇
track,n.,轨道；跑道；踪迹；小路
track,v.,追踪；跟踪
train,n.,火车；一系列
train,v.,训练；培训
tramp,n.,流浪汉；沉重的脚步声
tramp,v.,徒步跋涉；踩踏
travel,n.,旅行；旅游
travel,v.,旅行；行进
trip,n.,旅行；绊倒；差错
trip,v.,绊倒；轻快地走；犯错
truth,n.,真相；真理；事实
try,n.,尝试；努力
turn off,v.,关掉
turn on,phr.,打开
untidy,adj.,不整洁的；凌乱的
upstairs,adv.,在楼上；往楼上
urgent,adj.,紧急的；急迫的
usually,adv.,通常；一般
valley,n.,山谷；谷
vase,n.,花瓶
very much,adv.,非常
village,n.,村庄；乡村
visitor,n.,访客；游客
voice,n.,声音；嗓音；发言权
voice,v.,表达；说出
wait,v.,等待；等候
walk,n.,步行；散步
walk,v.,走；步行；散步
wall,n.,墙；墙壁
wall,v.,用墙围住
want,n.,需要；渴望；贫困
wardrobe,n.,衣柜；全部服装
warm,v.,（使）变暖；（使）热情起来
wash,n.,洗涤；洗好的衣物
wash,v.,洗；清洗
watch,n.,手表；监视
watch,v.,看；观看；注视；当心
water,v.,浇水；流口水
wave,n.,波浪；挥手；（情感等的）高涨
wave,v.,挥手；（使）波动
way,n.,方法；道路；方式；方面
wear,n.,穿着；磨损；衣物
weather,v.,经受住；平安度过
well,adj.,健康的；良好的
well,adv.,好；很好地
well,int.,嗯；好吧
west,n.,西方；西部
wet,adj.,湿的；下雨的
what,adv.,多么
which,pron.,哪个；哪些
window,n.,窗户；窗口
winner,n.,获胜者；赢家
winter,n.,冬天；冬季
with,prep.,和…一起；用；带有
woman,n.,女人；妇女
wood,n.,木头；木材；树林
work,v.,工作；起作用；运转
world,n.,世界；领域
worried,adj.,担心的；发愁的
worry,v.,（使）担心；（使）烦恼
worse,adj.,更糟的；更差的
worse,adv.,更糟地；更差地
worst,adj.,最差的；最坏的
worst,adv.,最差地；最坏地
worst,n.,最坏的情况
worth,adj.,值得的；价值…的
write,v.,写；书写；写作
write,vi.,写；写作
write,vt.,写；书写
writing paper,n.,信纸；书写纸
year,n.,年；年份
yellow,vi.,变黄
yellow,vt.,使变黄
yes,n.,同意；肯定回答
yet,conj.,然而；但是
young,n.,年轻人；幼崽
youth,n.,青春；青年时期；年轻人
youth,n.,青春；年轻人
zip,n.,拉链；活力
zip,vi.,快速移动
zip,vt.,拉上拉链
