ticket,n.,票
hot,adj.,热的
catch,v.,抓住；赶上
grey,adj.,灰色的
tired,adj.,累的；疲劳的
thirsty,adj.,口渴的
right,adj.,对的；右边的
right,n.,权利
light,n.,灯；光
light,adj.,轻的；浅色的
sharp,adj.,锋利的；尖的
plate,n.,盘子
right,adv.,右边
sweep,v.,扫
tap,n.,水龙头
bank,n.,银行；河岸
park,n.,公园
park,v.,停车
paint,v.,油漆；画画
paint,n.,油漆；颜料
send,v.,发送；寄
lift,v.,举起；提起
lift,n.,电梯
truth,n.,真相；事实
spring,n.,春天
March,n.,三月
conversation,n.,对话；交谈
Indian,adj.,印度的
Indian,n.,印度人
call,v.,打电话；呼叫
food,n.,食物
play,v.,玩；比赛
key,n.,钥匙
church,n.,教堂
crowd,n.,人群
exciting,adj.,令人兴奋的
last,adj.,最后的；上一个
last,v.,持续
hand,n.,手
pocket,n.,口袋
hurriedly,adv.,匆忙地
cut,v.,切；剪
nearly,adv.,几乎；差不多
mess,n.,混乱；脏乱
crash,v.,碰撞；坠毁
crash,n.,碰撞事故
retire,v.,退休
return,v.,返回；归还
return,n.,返回；回程
train,n.,火车
station,n.,车站；站
porter,n.,行李员
catch,v.,赶上；抓住
slip,v.,滑倒
fail,v.,失败；不及格
mark,n.,分数；标记
mark,v.,标记
present,n.,礼物；现在
present,adj.,出席的
present,v.,呈现；授予
madam,n.,女士；夫人
pity,n.,遗憾；可惜
most,adv.,最
afford,v.,负担得起
conductor,n.,售票员；指挥
note,n.,纸币；笔记
except,prep.,除了
ring,v.,按铃；打电话
ring,n.,戒指
manager,n.,经理
serve,v.,服务；招待
recognize,v.,认出
immediately,adv.,立刻；马上
wave,v.,挥手
wave,n.,波浪
track,n.,轨道；跑道
dream,n.,梦
dream,v.,做梦
sign,n.,标志；信号
sign,v.,签名
charge,v.,收费；充电
charge,n.,费用
abroad,adv.,在国外
future,n.,未来
pool,n.,赌注；水池
company,n.,公司
throw,v.,扔；抛
cover,v.,覆盖
cover,n.,盖子；封面
private,adj.,私人的；私下的
theatre,n.,剧院；电影院
seat,n.,座位
play,n.,戏剧；话剧
play,v.,玩；播放
loudly,adv.,大声地
angry,adj.,生气的
angrily,adv.,生气地
attention,n.,注意力
bear,v.,忍受
business,n.,生意；事情
rudely,adv.,无礼地；粗鲁地
until,prep.,直到
outside,adv.,在外面
outside,prep.,在…外面
ring,n.,戒指；铃声
aunt,n.,阿姨；姑姑
repeat,v.,重复
postcard,n.,明信片
spoil,v.,宠坏；破坏
museum,n.,博物馆
public,adj.,公共的；公众的
friendly,adj.,友好的
waiter,n.,服务员
lend,v.,借出
decision,n.,决定
whole,adj.,整个的
single,adj.,单一的；单身的
receive,v.,收到
firm,n.,公司
firm,adj.,坚固的；坚定的
different,adj.,不同的
centre,n.,中心
pigeon,n.,鸽子
message,n.,信息；消息
distance,n.,距离
request,n.,请求
request,v.,请求
spare part,n.,备件；零件
service,n.,服务
beggar,n.,乞丐
call,n.,电话；呼叫
detective,n.,侦探
airport,n.,机场
expect,v.,期望；预料
valuable,adj.,贵重的
parcel,n.,包裹
diamond,n.,钻石
steal,v.,偷
main,adj.,主要的
airfield,n.,机场；停机坪
guard,n.,守卫；警卫
guard,v.,守卫
precious,adj.,珍贵的
stone,n.,石头
sand,n.,沙子
competition,n.,比赛；竞争
neat,adj.,整洁的
path,n.,小路；路径
wooden,adj.,木制的
pool,n.,水池；游泳池
welcome,int.,欢迎
welcome,v.,欢迎
gather,v.,聚集
shout,v.,喊叫
refuse,v.,拒绝
laugh,v.,笑
jazz,n.,爵士乐
clavichord,n.,古钢琴
recently,adv.,最近
damage,v.,损坏
damage,n.,损坏
key,n.,钥匙；琴键
string,n.,弦；线
shock,n.,震惊；电击
shock,v.,使震惊
allow,v.,允许
touch,v.,触摸
turn,v.,转动；轮到
turn,n.,转弯；机会
deserve,v.,值得；应得
lawyer,n.,律师
bank,n.,银行
salary,n.,薪水；工资
luck,n.,运气
captain,n.,船长；队长
sail,v.,航行
harbour,n.,港口
proud,adj.,骄傲的；自豪的
important,adj.,重要的
group,n.,团体；组
pop singer,n.,流行歌手
club,n.,俱乐部；会所
performance,n.,表演；表现
occasion,n.,场合；时机
amusing,adj.,有趣的；好笑的
experience,n.,经验；经历
reply,v.,回复
reply,n.,回复
language,n.,语言
journey,n.,旅程
secretary,n.,秘书
nervous,adj.,紧张的
weak,adj.,弱的
interrupt,v.,打断
traffic,n.,交通
ticket,n.,票；罚单
note,n.,笔记；纸币
area,n.,区域；地区
reminder,n.,提醒
obey,v.,服从
appear,v.,出现
stage,n.,舞台
bright,adj.,明亮的；聪明的
stocking,n.,长袜
sock,n.,短袜
pub,n.,酒吧
landlord,n.,房东；地主
bill,n.,账单；钞票
hurry,v.,匆忙
ticket office,n.,售票处
exclaim,v.,惊叫；呼喊
sadly,adv.,伤心地
fisherman,n.,渔夫
boot,n.,靴子
waste,v.,浪费
waste,n.,浪费；废物
realize,v.,意识到
mad,adj.,疯狂的；生气的
reason,n.,原因；理由
sum,n.,总数；金额
determined,adj.,坚决的；有决心的
dream,n.,梦；梦想
age,n.,年龄
channel,n.,海峡；频道
complete,v.,完成
complete,adj.,完整的
modern,adj.,现代的
strange,adj.,奇怪的
district,n.,区域；地区
upset,adj.,难过的；心烦的
sympathetic,adj.,同情的
complain,v.,投诉；抱怨
wicked,adj.,邪恶的
contain,v.,包含；容纳
honesty,n.,诚实
railway,n.,铁路
several,adj.,几个
foreigner,n.,外国人
wonder,v.,想知道；好奇
art,n.,艺术
critic,n.,评论家
paint,v.,画画；油漆
pretend,v.,假装
pattern,n.,图案；模式
curtain,n.,窗帘
material,n.,材料；布料
appreciate,v.,欣赏；感激
notice,v.,注意到
whether,conj.,是否
hang,v.,悬挂
critically,adv.,批判地；挑剔地
tent,n.,帐篷
field,n.,田野；领域
smell,n.,气味
smell,v.,闻
wonderful,adj.,精彩的；极好的
campfire,n.,篝火
creep,v.,爬行；悄悄地走
sleeping bag,n.,睡袋
comfortable,adj.,舒服的
soundly,adv.,香甜地(睡)
leap,v.,跳跃
heavily,adv.,沉重地；猛烈地
stream,n.,小溪
form,v.,形成
form,n.,表格；形式
wind,n.,风
rare,adj.,稀有的；罕见的
ancient,adj.,古代的
myth,n.,神话
trouble,n.,麻烦
effect,n.,效果；影响
Medusa,n.,美杜莎
Gorgon,n.,戈耳工
taxi,n.,出租车；的士
Pilatus Porter,n.,皮拉图斯搬运工飞机
land,v.,降落；着陆
land,n.,土地
plough,v.,犁地
lonely,adj.,孤独的；寂寞的
Welsh,adj.,威尔士的
roof,n.,屋顶
block,n.,大楼；街区
flat,n.,公寓；单元房
desert,n.,沙漠
polo,n.,马球
Wayle,n.,韦尔
row,n.,一排
kick,v.,踢
towards,prep.,朝向
sight,n.,视力；景象
bicycle,n.,自行车
save,v.,拯救；节省；存钱
workshop,n.,工作室；车间
helper,n.,帮手
employ,v.,雇佣
grandson,n.,孙子；外孙
once,adv.,一次；曾经
temptation,n.,诱惑
article,n.,文章；物品
wrap,v.,包；裹
simply,adv.,简单地；仅仅
arrest,v.,逮捕
darkness,n.,黑暗
explain,v.,解释
coast,n.,海岸
storm,n.,暴风雨
rock,n.,岩石
shore,n.,岸边
ahead,adv.,在前面
cliff,n.,悬崖
struggle,v.,挣扎；奋斗
hospital,n.,医院
most,pron.,大多数
while,conj.,当…的时候；然而
regret,v.,后悔
far,adv.,远
rush,v.,冲；匆忙
act,v.,行动；表演
straight,adv.,直接地；直地
fright,n.,惊吓
battered,adj.,破旧的；受损的
shortly,adv.,不久；很快
afterwards,adv.,之后；后来
record,n.,记录
strong,adj.,强壮的
swimmer,n.,游泳者
succeed,v.,成功
train,v.,训练
anxiously,adv.,焦虑地；担忧地
intend,v.,打算
solid,adj.,固体的；坚固的
Olympic,adj.,奥林匹克的
hold,v.,举行；持有
government,n.,政府
immense,adj.,巨大的
stadium,n.,体育场
standard,n.,标准
capital,n.,首都；资本
fantastic,adj.,极好的；奇妙的
design,n.,设计
design,v.,设计
Mediterranean,n.,地中海
continually,adv.,不断地
bitterly,adv.,痛苦地；激烈地
sunshine,n.,阳光
operation,n.,手术；操作
successful,adj.,成功的
following,adj.,接下来的
patient,n.,病人
patient,adj.,有耐心的
alone,adj.,单独的
exchange,n.,交换
exchange,v.,交换
inquire,v.,询问
certain,adj.,确定的；某个
caller,n.,来电者
relative,n.,亲戚
hostess,n.,女主人
unsmiling,adj.,不笑的；严肃的
tight,adj.,紧的
fix,v.,修理；固定
globe,n.,地球仪；全球
despair,n.,绝望
rude,adj.,无礼的；粗鲁的
mirror,n.,镜子
hole,n.,洞
remark,n.,评论；言论
remind,v.,提醒
lighthouse,n.,灯塔
musical,adj.,音乐的
market,n.,市场
snake charmer,n.,耍蛇人
pipe,n.,管子；笛子
tune,n.,曲调
glimpse,n.,一瞥
snake,n.,蛇
movement,n.,动作；移动
continue,v.,继续
dance,v.,跳舞
obviously,adv.,明显地
difference,n.,不同；差异
pole,n.,杆；极地
flight,n.,航班；飞行
explorer,n.,探险家
lie,v.,躺；说谎
serious,adj.,严肃的；严重的
point,n.,点；要点
point,v.,指向
seem,v.,似乎；好像
sack,n.,麻袋
clear,adj.,清晰的；清楚的
aircraft,n.,飞机
endless,adj.,无尽的
plain,n.,平原
plain,adj.,朴素的；简单的
forest,n.,森林
risk,n.,风险
picnic,n.,野餐
edge,n.,边缘
strap,n.,带子
possession,n.,拥有；财产
breath,n.,呼吸
content,n.,内容；满足
content,adj.,满足的
mend,v.,修理；修补
clear,v.,清除；变清澈
conscience,n.,良心
wallet,n.,钱包
savings,n.,储蓄；存款
villager,n.,村民
per cent,n.,百分之…
unload,v.,卸货
extremely,adv.,极其；非常
occur,v.,发生
astonish,v.,使惊讶
pile,n.,一堆
woollen,adj.,羊毛的
goods,n.,商品；货物
discover,v.,发现
admit,v.,承认
confine,v.,限制；禁闭
normal,adj.,正常的
ghost,n.,鬼
haunt,v.,(鬼魂)出没
furniture,n.,家具
whisky,n.,威士忌
suggest,v.,建议
shake,v.,摇动
accept,v.,接受
pull,v.,拉
cotton wool,n.,棉花
collect,v.,收集
collection,n.,收藏品；收集
nod,v.,点头
meanwhile,adv.,与此同时
real,adj.,真的；真实的
owner,n.,主人；所有者
spring,n.,春天；弹簧
mattress,n.,床垫
gust,n.,一阵强风
sweep,v.,扫；席卷
courtyard,n.,庭院；院子
smash,v.,打碎
miraculously,adv.,奇迹般地
unhurt,adj.,未受伤的
glance,v.,瞥一眼
promptly,adv.,迅速地；立即
ride,v.,骑；乘坐
excursion,n.,短途旅行；远足
view,n.,景色；观点
reward,n.,奖励；回报
virtue,n.,美德
diet,n.,饮食；节食
forbid,v.,禁止
embarrass,v.,使尴尬
guiltily,adv.,内疚地
strict,adj.,严格的
occasionally,adv.,偶尔
temporarily,adv.,暂时地
inch,n.,英寸
space,n.,空间
actually,adv.,实际上
fireman,n.,消防员
cause,n.,原因
cause,v.,引起；导致
examine,v.,检查
accidentally,adv.,意外地
remains,n.,遗骸；残余物
wire,n.,电线；金属丝
volt,n.,伏特
power line,n.,电力线
solve,v.,解决
mystery,n.,谜；神秘
snatch,v.,抢夺
spark,n.,火花
sticky,adj.,粘的
finger,n.,手指
pie,n.,派；馅饼
mix,v.,混合
pastry,n.,油酥面团；糕点
annoying,adj.,烦人的
receiver,n.,听筒；接收器
dismay,n.,沮丧；惊慌
persuade,v.,说服
doorknob,n.,门把手
sign,n.,标志
register,v.,登记；注册
gold,n.,黄金
mine,n.,矿
treasure,n.,宝藏
revealer,n.,揭示者
invent,v.,发明
detect,v.,探测；察觉
bury,v.,埋葬
cave,n.,洞穴
seashore,n.,海滨；海岸
pirate,n.,海盗
arm,n.,手臂；武器
soil,n.,土壤
entrance,n.,入口
finally,adv.,最后
worthless,adj.,没有价值的
thoroughly,adv.,彻底地
trunk,n.,树干；行李箱
confident,adj.,自信的
value,n.,价值
sound,n.,声音
excitement,n.,兴奋
handsome,adj.,英俊的
Rolls-Royce,n.,劳斯莱斯
Benz,n.,奔驰
wheel,n.,轮子
explosion,n.,爆炸
course,n.,课程；路线
rival,n.,对手
speed,n.,速度
downhill,adv.,向下坡
jeans,n.,牛仔裤
hesitate,v.,犹豫
scornfully,adv.,轻蔑地
punish,v.,惩罚
fur,n.,毛皮
eager,adj.,渴望的
blessing,n.,祝福
disguise,n.,伪装
tiny,adj.,微小的
possess,v.,拥有
cursed,adj.,被诅咒的
increase,v.,增加
plant,n.,植物
plant,v.,种植
evil,adj.,邪恶的
reputation,n.,名声；声誉
claim,v.,声称；索取
victim,n.,受害者
vicar,n.,牧师
source,n.,来源
income,n.,收入
bark,v.,狗叫
press,v.,按；压
paw,n.,爪子
latch,n.,门闩
expert,n.,专家
develop,v.,发展；开发
habit,n.,习惯
remove,v.,移除；拿走
fair,n.,集市；博览会
fortune-teller,n.,算命先生
crystal,n.,水晶
relation,n.,关系；亲戚
impatiently,adv.,不耐烦地
Hubble,n.,哈勃
telescope,n.,望远镜
launch,v.,发射
space,n.,太空；空间
NASA,n.,美国国家航空航天局
billion,n.,十亿
faulty,adj.,有故障的
astronaut,n.,宇航员；航天员
shuttle,n.,航天飞机；穿梭巴士
Endeavour,n.,奋进号
robot-arm,n.,机械臂
grab,v.,抓住
atmosphere,n.,大气层；气氛
distant,adj.,遥远的
galaxy,n.,星系
universe,n.,宇宙
eagle eye,n.,鹰眼；敏锐的目光
control,n.,控制
control,v.,控制
smoke,n.,烟
desolate,adj.,荒凉的
threaten,v.,威胁
surrounding,adj.,周围的
destruction,n.,破坏；毁灭
flood,n.,洪水
authority,n.,当局；权威
grass-seed,n.,草籽
spray,v.,喷洒
quantity,n.,数量
root,n.,根
century,n.,世纪
patch,n.,一小块(地)；补丁
blacken,v.,使变黑
circle,n.,圆圈
admire,v.,欣赏；钦佩
close,adj.,近的；亲密的
close,v.,关闭
wedding,n.,婚礼
reception,n.,接待会；招待会
sort,n.,种类
sort,v.,分类
tunnel,n.,隧道
port,n.,港口
ventilate,v.,通风
chimney,n.,烟囱
sea level,n.,海平面
double,adj.,双倍的
double,v.,加倍
ventilation,n.,通风
fear,n.,恐惧
invasion,n.,入侵
officially,adv.,正式地
connect,v.,连接
European,adj.,欧洲的
continent,n.,大陆；洲
versus,prep.,对；对抗
Christmas,n.,圣诞节
circus,n.,马戏团
present,n.,礼物
accompany,v.,陪伴
approach,v.,接近；靠近
ought,v.,应该
weigh,v.,称重；重
fortunate,adj.,幸运的
Lancaster,n.,兰开斯特
bomber,n.,轰炸机
remote,adj.,遥远的
Pacific,n.,太平洋
wreck,n.,残骸
rediscover,v.,重新发现
aerial,adj.,空中的
survey,n.,调查
rescue,v.,营救
package,n.,包裹
enthusiast,n.,爱好者；发烧友
restore,v.,修复；恢复
imagine,v.,想象
packing case,n.,包装箱
colony,n.,殖民地；群体
bee,n.,蜜蜂
hive,n.,蜂巢
preserve,v.,保存
beeswax,n.,蜂蜡
volcano,n.,火山
active,adj.,活跃的；活动的
Kivu,n.,基伍
Congo,n.,刚果
Kituro,n.,基图罗
erupt,v.,(火山)爆发
violently,adv.,猛烈地
manage,v.,管理；设法做到
brilliant,adj.,灿烂的；杰出的
liquid,n.,液体
escape,v.,逃脱
alive,adj.,活着的
persistent,adj.,坚持不懈的
avoid,v.,避免
insist,v.,坚持
murder,n.,谋杀
instruct,v.,指示；教导
acquire,v.,获得
confidence,n.,信心
examiner,n.,考官
suppose,v.,假设；认为
tap,v.,轻敲
react,v.,反应
brake,n.,刹车
pedal,n.,踏板
mournful,adj.,悲伤的
bullfight,n.,斗牛
drunk,adj.,喝醉的
wander,v.,漫步；闲逛
ring,n.,场地；圈
unaware,adj.,不知道的；未察觉的
bull,n.,公牛
matador,n.,斗牛士
remark,n.,评论
apparently,adv.,显然
sensitive,adj.,敏感的
criticism,n.,批评
charge,v.,冲向；收费
clumsily,adv.,笨拙地
bow,v.,鞠躬
safety,n.,安全
sympathetically,adv.,同情地
parliament,n.,议会；国会
erect,v.,建立；竖立
accurate,adj.,准确的
official,n.,官员
official,adj.,官方的
Greenwich,n.,格林尼治
observatory,n.,天文台
check,v.,检查
microphone,n.,麦克风；话筒
tower,n.,塔
racing,n.,赛车；赛跑
per,prep.,每
Utah,n.,犹他州
horsepower,n.,马力
burst,v.,爆裂
average,n.,平均数
average,adj.,平均的
footstep,n.,脚步声
record-holder,n.,记录保持者
truant,n.,逃学者
unimaginative,adj.,缺乏想象力的
shame,n.,羞耻；遗憾
hitchhike,v.,搭便车旅行
meantime,n.,与此同时
lorry,n.,卡车
border,n.,边境
evade,v.,逃避
limelight,n.,公众注意的焦点
precaution,n.,预防措施
fan,n.,粉丝；扇子
shady,adj.,阴凉的
sheriff,n.,警长
sneer,v.,嘲笑；讥笑
thick,adj.,厚的；浓的
signal,n.,信号
stamp,v.,跺脚；盖章
helicopter,n.,直升机
scene,n.,场景；现场
survivor,n.,幸存者
fool,n.,傻瓜
bulletin,n.,公告；简报
announcer,n.,播音员
macaroni,n.,通心粉
leading,adj.,主要的；领先的
grower,n.,种植者
splendid,adj.,极好的；壮丽的
stalk,n.,茎
gather,v.,收集；聚集
thresh,v.,脱粒
process,v.,加工；处理
Signor,n.,先生(意大利语)
present,v.,赠送；呈现
champion,n.,冠军
studio,n.,工作室；演播室
mummy,n.,木乃伊
Egyptian,adj.,埃及的
temple,n.,寺庙
mark,n.,标记
plate,n.,盘子；金属板
disease,n.,疾病
prove,v.,证明
resin,n.,树脂
skin,n.,皮肤
section,n.,部分；切片
figure,n.,人物；数字；身材
normally,adv.,通常；正常地
survive,v.,幸存
entitle,v.,给予…权利；命名
calm,adj.,平静的
nerve,n.,神经；勇气
concentration,n.,专注；集中
suffer,v.,遭受；受苦
symptom,n.,症状
temper,n.,脾气
appetite,n.,食欲；胃口
produce,v.,生产；产生
urge,v.,催促；强烈要求
satisfaction,n.,满意
delighted,adj.,高兴的；愉快的
parent,n.,父母
flight attendant,n.,空乘人员；空姐；空少
frightened,adj.,受惊的
curious,adj.,好奇的
bomb,n.,炸弹
plant,v.,安放(炸弹)；种植
palace,n.,宫殿
extraordinary,adj.,非凡的；特别的
exhibition,n.,展览
iron,n.,铁
various,adj.,各种各样的
machinery,n.,机械
display,n.,展示；陈列
steam,n.,蒸汽
profit,n.,利润
college,n.,学院
prisoner,n.,囚犯
bush,n.,灌木丛
rapidly,adv.,迅速地
uniform,n.,制服
rifle,n.,步枪
shoulder,n.,肩膀
march,v.,行军；前进
boldly,adv.,大胆地
blaze,n.,火焰；光辉
salute,v.,敬礼
elderly,adj.,年长的
sharp,adj.,锋利的；敏锐的
blow,v.,吹
monster,n.,怪物
sailor,n.,水手
sight,n.,景象；视力
creature,n.,生物
peculiar,adj.,奇怪的；独特的
shining,adj.,闪亮的
oarfish,n.,皇带鱼
election,n.,选举
former,adj.,以前的
defeat,v.,击败
fanatical,adj.,狂热的
opponent,n.,对手
radical,adj.,激进的
progressive,adj.,进步的
ex-,n.,前任的
suspicious,adj.,可疑的；怀疑的
strike,n.,罢工
busman,n.,巴士司机
state,n.,州；国家；状态
agreement,n.,协议；同意
relieve,v.,缓解
pressure,n.,压力
extent,n.,程度
volunteer,n.,志愿者
gratitude,n.,感激
the Press,n.,新闻界
object,v.,反对
object,n.,物体
inform,v.,通知
headmaster,n.,校长
contribute,v.,贡献
gift,n.,礼物
album,n.,相册；专辑
patience,n.,耐心
encouragement,n.,鼓励
farewell,n.,告别
honour,n.,荣誉
coincidence,n.,巧合
total,n.,总数
total,adj.,总的
devote,v.,奉献
gardening,n.,园艺
hobby,n.,爱好
swing,v.,摇摆
speedboat,n.,快艇
desperately,adv.,拼命地；绝望地
companion,n.,同伴
water ski,n.,滑水板
buoy,n.,浮标
tremendous,adj.,巨大的
petrol,n.,汽油
drift,v.,漂流
gently,adv.,温柔地；轻轻地
alibi,n.,不在场证明
commit,v.,犯(罪)；承诺
inspector,n.,探长；检查员
employer,n.,雇主
confirm,v.,确认
truth,n.,真相
trap,n.,陷阱
surface,n.,表面
explosive,n.,炸药
vibration,n.,振动
collapse,v.,倒塌；崩溃
drill,v.,钻孔
capsule,n.,胶囊；太空舱
layer,n.,层
beneath,prep.,在…下面
lower,v.,降低
progress,n.,进展
smoothly,adv.,顺利地
slip,v.,滑倒；纸条
comedy,n.,喜剧
present,v.,呈现
queue,n.,队伍
queue,v.,排队
dull,adj.,沉闷的；枯燥的
artiste,n.,艺人
advertiser,n.,广告商
chip,n.,薯片；芯片
overfish,v.,过度捕捞
giant,adj.,巨大的
terrify,v.,使恐惧
diver,n.,潜水员
oil rig,n.,石油钻井平台
wit,n.,智慧；风趣
cage,n.,笼子
shark,n.,鲨鱼
whale,n.,鲸鱼
variety,n.,多样性；种类
cod,n.,鳕鱼
skate,n.,鳐鱼；滑冰
factor,n.,因素
crew,n.,全体船员；工作人员
balloon,n.,气球
royal,adj.,皇家的
spy,n.,间谍
track,v.,追踪
binoculars,n.,望远镜
fast,adj.,快的
ladder,n.,梯子
shed,n.,小屋
sarcastic,adj.,讽刺的；挖苦的
tone,n.,语气；音调
noble,adj.,高尚的；贵族的
monument,n.,纪念碑
statue,n.,雕像
liberty,n.,自由
present,v.,赠送
sculptor,n.,雕塑家
actual,adj.,实际的
copper,n.,铜
support,v.,支持
framework,n.,框架
transport,v.,运输
site,n.,地点；场所
pedestal,n.,基座
Los Angeles,n.,洛杉矶
reluctant,adj.,不情愿的
weight,n.,重量
underwater,adj.,水下的
tricycle,n.,三轮车
compete,v.,竞争；比赛
yard,n.,码；院子
gasp,v.,喘气
fantasy,n.,幻想
ambassador,n.,大使
Escalopia,n.,埃斯卡洛比亚
frightful,adj.,可怕的
fire extinguisher,n.,灭火器
drily,adv.,冷淡地；干巴巴地
embassy,n.,大使馆
heaven,n.,天堂
basement,n.,地下室
definitely,adv.,肯定地
post,n.,职位；邮件
shot,n.,射击；镜头
festival,n.,节日
lantern,n.,灯笼
spectacle,n.,壮观景象；眼镜
remains,n.,遗迹；遗骸
flood,v.,淹没
curtain,n.,窗帘；幕布
turn,v.,转动
desert,v.,抛弃；擅离职守
stage,n.,舞台；阶段
chip,v.,削下；凿下
shed,v.,脱落；流出
drill,n.,钻子
snatch,n.,片段
colony,n.,群体；殖民地
relative,adj.,相对的
endeavour,n.,努力
endeavour,v.,努力
lift,v.,举起
string,n.,绳子；线
chip,n.,芯片；薯片
process,n.,过程
Indian,n.,印第安人
slip,n.,滑动；失误
wreck,n.,残骸；失事
port,n.,左舷
ring,n.,环
appetite,n.,食欲
ambassador,n.,大使
amusing,adj.,有趣的；好笑的
angrily,adv.,愤怒地
announcer,n.,播音员
annoying,adj.,烦人的
anxiously,adv.,焦虑地
apparently,adv.,显然；似乎
appetite,n.,食欲；胃口
appreciate,v.,欣赏；感激；理解
approach,n.,方法；途径；接近
approach,v.,接近；处理
arrest,n.,逮捕
arrest,v.,逮捕
artiste,n.,艺人
astonish,v.,使惊讶
astronaut,n.,宇航员
atmosphere,n.,气氛；大气
average,adj.,平均的；普通的
average,n.,平均数；平均水平
average,v.,平均为
avoid,v.,避免；避开
balloon,v.,激增；膨胀
bark,n.,狗叫声；树皮
bark,v.,狗叫
basement,n.,地下室
battered,adj.,破旧的；受虐的
beeswax,n.,蜂蜡
beeswax,v.,涂蜂蜡
beggar,n.,乞丐
beggar,v.,使贫穷
beneath,adv.,在下面
beneath,prep.,在…下面
bill,v.,给…开账单；宣传
billion,n.,十亿
binoculars,n.,双筒望远镜
bitterly,adv.,痛苦地；极其
blacken,v.,（使）变黑；诽谤
blaze,n.,火焰；烈火
blaze,v.,熊熊燃烧
blessing,n.,祝福；幸事
block,adj.,大块的
blow,v.,吹；刮风；吹奏
boldly,adv.,大胆地
bomb,n.,炸弹
bomb,v.,轰炸；惨败
bomber,n.,轰炸机
boot,n.,靴子；（汽车）后备箱
boot,v.,启动（电脑）；踢
border,n.,边境；边界
border,v.,与…接壤；近似
bow,n.,弓；鞠躬；蝴蝶结
brake,n.,刹车
brake,v.,刹车
brilliant,adj.,极好的；才华横溢的；明亮的
buoy,n.,浮标
buoy,v.,支撑；使浮起
busman,n.,公交车司机
cage,n.,笼子；牢房
cage,v.,把…关进笼子
call,n.,电话；呼叫；呼吁
call,v.,呼叫；打电话；称呼；召集
caller,n.,来电者；来访者
caller,adj.,新鲜的
calm,adj.,平静的；镇静的
calm,n.,平静；镇静
calm,v.,（使）平静；（使）镇静
capital,adj.,首都的；大写的；主要的
capsule,adj.,压缩的；概要的
capsule,n.,胶囊；太空舱
capsule,v.,压缩；简述
captain,n.,队长；船长；机长
captain,v.,担任队长（或船长、机长）
catch,n.,捕获；捕获物；圈套
catch,v.,抓住；赶上；感染；发现
cause,n.,原因；事业；目标
cave,n.,洞穴
cave,v.,塌陷；屈服
centre,n.,中心；中央
centre,v.,集中；以…为中心
century,n.,世纪；百年
certain,adj.,某一；确定的；无疑的
certain,pron.,某些人；某些事
champion,n.,冠军；拥护者
champion,v.,捍卫；支持
church,adj.,教会的
church,n.,教堂；教会
church,v.,带（产妇）去教堂行感恩礼
circle,n.,圆；圈子
circus,n.,马戏团；马戏表演
claim,n.,声称；要求；索赔
claim,v.,声称；要求；索取；认领
clavichord,n.,古钢琴
clear,adj.,清楚的；清澈的；晴朗的
clear,adv.,清楚地；完全地
clear,n.,空隙
clear,v.,清除；（使）变清澈；通过
cliff,n.,悬崖；峭壁
close,adj.,近的；亲密的；紧密的
close,adv.,靠近地；紧密地
close,n.,结束；终结
close,v.,关闭；结束；靠近
club,adj.,俱乐部的
club,n.,俱乐部；社团；棍棒
club,v.,用棍棒打；集资
clumsily,adv.,笨拙地
coast,n.,海岸
coast,v.,滑行；沿岸航行
cod,n.,鳕鱼
coincidence,n.,巧合
collapse,n.,倒塌；崩溃；暴跌
collapse,v.,倒塌；崩溃；倒下
collect,adj.,（费用）由收件人支付的
collect,adv.,（费用）由收-件人支付地
collect,v.,收集；领取；募捐
collection,n.,收藏品；收集；一堆
college,n.,大学；学院
colony,n.,殖民地；（动植物的）群体
comedy,n.,喜剧；喜剧片
comfortable,adj.,舒适的；舒服的
commit,v.,犯（罪、错）；承诺；投入
companion,n.,同伴；伴侣
companion,v.,陪伴
compete,v.,竞争；比赛
competition,n.,竞争；比赛
complete,adj.,完整的；完全的；完成的
complete,v.,完成；使完整
concentration,n.,专心；专注；浓度；集中
conductor,n.,指挥；售票员；导体
confidence,adj.,骗取信任的
confidence,n.,信心；信任；秘密
confident,adj.,自信的；确信的
confine,n.,界限；范围
confine,v.,限制；禁闭
confirm,v.,确认；证实；批准
connect,v.,连接；联系；接通
conscience,n.,良心；良知
contain,v.,包含；容纳；控制
content,adj.,满足的；满意的
content,n.,内容；目录；含量
content,v.,使满足
continent,n.,大陆；洲
continent,adj.,有自制力的；克制的
continually,adv.,不断地；频繁地
continue,v.,继续；持续
contribute,v.,贡献；捐助；投稿
control,n.,控制；管理；对照
control,v.,控制；管理
conversation,n.,对话；交谈
copper,adj.,铜制的
copper,n.,铜；铜币
copper,v.,镀铜
cotton wool,n.,脱脂棉；药棉
course,n.,课程；过程；一道菜；路线
course,v.,（液体）流；（快速）跑
courtyard,n.,庭院；院子
cover,n.,盖子；封面；掩护；保险
cover,v.,覆盖；包括；报道；行走（一段路程）
crash,n.,碰撞；坠毁；崩溃；巨响
crash,v.,碰撞；坠毁；崩溃；发出巨响
creep,n.,爬行；讨厌鬼
creep,v.,爬行；悄悄地移动；蔓延
crew,n.,全体船员；全体机组人员；工作组
critic,n.,批评家；评论家
critically,adv.,批判性地；严重地
criticism,n.,批评；评论
crowd,n.,人群；观众；一伙人
crowd,v.,挤满；聚集
crystal,adj.,水晶的；清澈的
crystal,n.,水晶；晶体
curious,adj.,好奇的；古怪的
cursed,adj.,被诅咒的；可恶的
curtain,n.,窗帘；幕
curtain,v.,用帘子遮蔽
cut,adj.,切开的；削减的
cut,n.,切口；伤口；削减；份额
cut,v.,切；割；剪；削减；删节
damage,n.,损害；损失
damage,v.,损害；毁坏
dance,v.,跳舞；舞动
darkness,n.,黑暗
decision,n.,决定；决议
defeat,n.,失败；战胜
defeat,v.,击败；战胜
definitely,adv.,肯定地；当然
delighted,adj.,高兴的；愉快的
desert,adj.,沙漠的；荒凉的
desert,n.,沙漠；荒漠
desert,v.,抛弃；遗弃；擅离职守
deserve,v.,值得；应得
design,n.,设计；图案；意图
design,v.,设计；构思
desolate,adj.,荒凉的；孤寂的
desolate,v.,使荒芜；使孤寂
despair,n.,绝望
despair,v.,绝望
desperately,adv.,拼命地；极度地
destruction,n.,破坏；毁灭
detect,v.,发现；察觉；探测
detective,adj.,侦探的
detective,n.,侦探
determined,adj.,坚决的；有决心的
develop,v.,发展；开发；成长；患（病）；冲洗（胶卷）
devote,v.,致力于；奉献
diamond,adj.,钻石的；菱形的
diamond,n.,钻石；菱形
diet,n.,日常饮食；节食
difference,n.,不同；差异；分歧
different,adj.,不同的；各种各样的
disease,n.,疾病；病
disguise,n.,伪装；掩饰
disguise,v.,伪装；掩饰
display,n.,展示；陈列；显示
display,v.,展示；陈列；显示
distance,n.,距离；远处；疏远
distance,v.,使疏远；与…保持距离
distant,adj.,遥远的；疏远的；冷淡的
district,n.,地区；区域；行政区
diver,n.,潜水员；跳水运动员
doorknob,n.,门把手
double,adj.,两倍的；双人的；双重的
double,adv.,两倍地
double,n.,两倍；酷似的人
double,v.,（使）加倍
downhill,adj.,下坡的；容易的
downhill,adv.,向下；下坡
downhill,n.,下坡；滑降
drift,n.,漂流；趋势；大意
drift,v.,漂流；漂泊；逐渐陷入
drill,n.,钻头；训练；演习
drill,v.,钻孔；训练
drily,adv.,干巴巴地；冷淡地
drunk,adj.,喝醉的
dull,adj.,枯燥的；迟钝的；（天气）阴沉的
dull,v.,（使）变钝；（使）缓和
eager,adj.,渴望的；热切的
eagle eye,n.,锐利的眼睛
edge,n.,边缘；优势；刀刃
edge,v.,缓缓移动
effect,n.,效果；影响
effect,v.,造成；实现
elderly,adj.,年长的；上了年纪的
election,n.,选举
embarrass,v.,使尴尬；使窘迫
embassy,n.,大使馆
employ,v.,雇用；使用
employer,n.,雇主
encouragement,n.,鼓励
endeavour,n.,努力；尝试
endeavour,v.,努力；尝试
endless,adj.,无尽的；没完没了的
enthusiast,n.,热衷者；爱好者
entitle,v.,给予…权利；给…命名
entrance,n.,入口；进入
entrance,v.,使着迷
erect,adj.,竖直的
erect,v.,建造；竖立
erupt,v.,（火山）爆发；突然发生
escape,n.,逃跑；逃避
escape,v.,逃跑；逃避；泄漏
evade,v.,逃避；规避
evil,adj.,邪恶的；有害的
evil,n.,邪恶；祸害
ex-,prep.,前任的
examine,v.,检查；审查；考试
examiner,n.,考官；审查员
except,prep.,除了…之外
exchange,n.,交换；交流；兑换
exchange,v.,交换；交流；兑换
excitement,n.,兴奋；激动
exciting,adj.,令人兴奋的；刺激的
exclaim,v.,呼喊；惊叫
excursion,n.,短途旅行；远足
expert,adj.,专家的；熟练的
expert,n.,专家；行家
explorer,n.,探险家
explosion,n.,爆炸；激增
explosive,adj.,爆炸性的；易爆发的
explosive,n.,炸药
extent,n.,程度；范围
extraordinary,adj.,非凡的；特别的
extremely,adv.,非常；极其
factor,n.,因素；要素
fail,n.,不及格
fail,v.,失败；不及格；失灵
fair,adj.,公平的；晴朗的；（肤色）白皙的
fair,n.,集市；博览会
fan,n.,粉丝；迷；风扇
fan,v.,扇；激起
fanatical,adj.,狂热的
fantastic,adj.,极好的；了不起的；奇特的
fantasy,n.,幻想；想象
far,adv.,遥远地；非常
farewell,int.,再见
farewell,n.,告别
fast,adv.,快地；牢固地
fast,n.,禁食；斋戒
fast,v.,禁食；斋戒
faulty,adj.,有错误的；有缺陷的
festival,adj.,节日的
festival,n.,节日；节庆活动
field,n.,田地；领域；运动场
field,v.,处理（问题）；派出（选手）
figure,n.,数字；人物；身材；图表
figure,v.,认为；计算；是重要部分
finally,adv.,最后；终于
fire extinguisher,n.,灭火器
fireman,n.,消防员
firm,n.,公司；商行
fisherman,n.,渔夫
fix,v.,修理；固定；安排
flat,adj.,平的；单调的；（轮胎）瘪的
flat,n.,公寓
flight,n.,航班；飞行；楼梯的一段
flight attendant,n.,空中乘务员
flood,n.,洪水；大量
flood,v.,淹没；涌入
following,adj.,接下来的；下列的
following,n.,追随者
food,n.,食物；食品
fool,n.,傻瓜；笨蛋
fool,v.,欺骗；愚弄
footstep,n.,脚步声；足迹
foreigner,n.,外国人
form,n.,形式；表格；形状
former,adj.,以前的；前者
fortunate,adj.,幸运的
fortune-teller,n.,算命先生
framework,n.,框架；结构
friendly,adj.,友好的
fright,n.,惊吓
frightened,adj.,受惊的；害怕的
frightful,adj.,可怕的；极坏的
fur,n.,毛皮
future,n.,未来；前途
galaxy,n.,星系；银河系
gardening,n.,园艺
gasp,v.,喘气；倒抽一口气
gather,v.,聚集；收集；认为
gently,adv.,温柔地；轻轻地
ghost,n.,鬼；幽灵
giant,adj.,巨大的
giant,n.,巨人；巨头
glance,n.,一瞥
glance,v.,瞥一眼
glimpse,n.,一瞥
glimpse,v.,瞥见
globe,n.,地球；地球仪；球体
gold,adj.,金的；金色的
gold,n.,黄金；金色
goods,n.,商品；货物
grab,v.,抓住
grandson,n.,孙子；外孙
grass-seed,n.,草籽
gratitude,n.,感激
grey,adj.,灰色的；阴沉的
grey,n.,灰色
group,v.,分组；归类
grower,n.,种植者
guard,n.,警卫；看守
guiltily,adv.,内疚地
gust,n.,一阵狂风
hand,n.,手；帮助；指针
hand,v.,递；交
handsome,adj.,英俊的；大方的
hang,v.,悬挂；绞死；垂下
harbour,n.,港口；避风港
harbour,v.,心怀；庇护
haunt,v.,（鬼魂）出没；萦绕于心
headmaster,n.,（男）校长
heavily,adv.,沉重地；大量地
helper,n.,助手
hesitate,v.,犹豫
hitchhike,v.,搭便车旅行
hive,n.,蜂箱；热闹的场所
hold,n.,控制；把握
hold,v.,拿；持有；举行；认为
honesty,n.,诚实
honour,n.,荣誉；尊敬
honour,v.,尊敬；授予荣誉
horsepower,n.,马力
hostess,n.,女主人；女主持人
hurriedly,adv.,匆忙地
imagine,v.,想象；设想
immediately,adv.,立即；马上
immense,adj.,巨大的；广大的
impatiently,adv.,不耐烦地
inch,n.,英寸
income,n.,收入
increase,v.,增加；增长
inform,v.,通知；告诉
inquire,v.,询问；打听
insist,v.,坚持；坚决要求
inspector,n.,检查员；视察员
instruct,v.,指导；命令；通知
instrument,n.,工具；仪器；乐器
intend,v.,打算；计划
interrupt,n.,中断
interrupt,v.,打断；打扰
invasion,n.,入侵；侵略
invent,v.,发明；创造；编造
iron,adj.,铁的；坚强的
iron,v.,熨（衣服）
jazz,adj.,爵士乐的
jazz,v.,演奏爵士乐；使活泼
journey,n.,旅行；旅程
journey,v.,旅行
key,n.,钥匙；关键；答案；（电脑或钢琴的）键
key,v.,键入；用钥匙锁上
kick,n.,踢；刺激感
kick,v.,踢；开除；戒除
ladder,n.,梯子
ladder,v.,（使）成名；晋升
land,n.,陆地；土地；国家
land,v.,着陆；登陆；到达
landlord,n.,房东；地主
lantern,n.,灯笼
last,adv.,最后；上一次
last,n.,最后；末尾
latch,n.,门闩
latch,v.,用门闩闩上
laugh,n.,笑；笑声
launch,n.,发射；启动；发布
launch,v.,发射；启动；发起；发布
lawyer,n.,律师
layer,n.,层
layer,v.,分层放置
leading,adj.,领先的；主要的
leading,n.,领导；行距
leading,v.,领导（的现在分词）
leap,n.,跳跃；飞跃
leap,v.,跳跃；猛增
lend,v.,借出；提供
liberty,n.,自由
lie,n.,谎言；位置
lift,n.,电梯（英）；搭便车；举起
lift,v.,举起；抬起；解除；（雾）消散
light,adv.,轻地
light,n.,光；灯；打火机
lighthouse,n.,灯塔
limelight,n.,众人关注的焦点
limelight,v.,使受公众瞩目
liquid,adj.,液体的；流动的
liquid,n.,液体
lonely,n.,孤独的人
lower,adj.,较低的；下级的
lower,v.,降低；放下
lower,n.,下铺；下级
luck,n.,运气；好运
luck,v.,走运
macaroni,n.,通心粉
machinery,n.,机械（总称）；机构
mad,adj.,疯了的；生气的；着迷的
mad,n.,狂怒
main,n.,主要部分；总管道
manage,v.,管理；处理；设法做到
manager,n.,经理；管理者
mark,v.,做标记；打分；标志着
market,n.,市场；集市
market,v.,销售；推销
matador,n.,斗牛士
mattress,n.,床垫
meantime,adv.,在此期间
meantime,n.,其间
Meanwhile,adv.,与此同时
meanwhile,n.,其间
mend,n.,修补处
mend,v.,修理；修补；好转
mess,n.,混乱；脏乱；食堂
mess,v.,弄乱；搞砸
message,n.,消息；信息；要旨
message,v.,发信息给
microphone,n.,麦克风；话筒
mine,pron.,我的（东西）
miraculously,adv.,奇迹般地
mirror,n.,镜子；反映
mirror,v.,反映；映出
mix,n.,混合；混合物
mix,v.,（使）混合；交往
modern,adj.,现代的；时髦的
modern,n.,现代人
monster,n.,怪物；怪兽
monument,n.,纪念碑；历史遗迹
most,adj.,最多的；大部分的
most,n.,大多数；大部分
mournful,adj.,悲伤的；哀悼的
movement,n.,运动；活动；乐章
mummy,n.,妈妈；木乃伊
murder,n.,谋杀；谋杀案
murder,v.,谋杀
musical,adj.,音乐的；有音乐天赋的
musical,n.,音乐剧
mystery,n.,谜；神秘的事物
myth,n.,神话；普遍但错误的看法
nearly,adv.,几乎；差不多
neat,adj.,整洁的；简洁的；纯的（酒）
nerve,n.,神经；勇气
nerve,v.,鼓起勇气
nervous,adj.,紧张的；焦虑的；神经的
noble,adj.,高尚的；贵族的
noble,n.,贵族
noble,v.,逮捕
nod,n.,点头；打盹
nod,v.,点头；打盹
normal,n.,正常状态；标准
normally,adv.,通常；正常地
notice,n.,通知；注意；布告
notice,v.,注意到；留意
oarfish,n.,皇带鱼
object,n.,物体；目标；对象；宾语
observatory,n.,天文台；气象台
obviously,adv.,显然；明显地
occasion,n.,场合；时机；理由
occasion,v.,引起
occasionally,adv.,偶尔
occur,v.,发生；出现
official,adj.,官方的；正式的
official,n.,官员
officially,adv.,正式地；官方地
oil rig,n.,石油钻井平台
once,n.,一次
operation,n.,操作；手术；运营；行动
opponent,adj.,对立的
opponent,n.,对手；反对者
ought,v.,应该
outside,adj.,外部的；外面的
outside,n.,外部；外面
overfish,v.,过度捕捞
pacific,adj.,和平的；（大写）太平洋的
package,n.,包裹；套餐；一揽子计划
package,v.,打包；包装
packing case,n.,包装箱
paint,n.,油漆；颜料
paint,v.,刷油漆；画画
palace,n.,宫殿
parcel,n.,包裹
parcel,v.,打包
parent,n.,父亲或母亲
parliament,n.,议会；国会
pastry,n.,油酥点心；糕点
patch,n.,补丁；小块地；斑
patch,v.,修补；打补丁
path,n.,小路；路径；道路
patience,n.,耐心；耐性
patient,adj.,有耐心的
patient,n.,病人
pattern,n.,模式；图案；式样
pattern,v.,模仿；以图案装饰
paw,n.,爪子
paw,v.,（用爪子）扒；抓
peculiar,adj.,古怪的；独特的
pedal,adj.,脚踏的
pedal,n.,踏板
pedal,v.,踩踏板；骑自行车
pedestal,n.,基座；底座
per,prep.,每
per cent,n.,百分之…
performance,n.,表现；表演；性能
persistent,adj.,坚持的；持续的
persuade,v.,说服；劝服
petrol,n.,汽油
pie,v.,弄乱（字体）
pigeon,n.,鸽子
pile,n.,一堆；大量
pile,v.,堆积；堆放
pipe,n.,管子；管道；烟斗
pipe,v.,用管乐器演奏；尖声说
pipe,v.,用管道输送
pirate,n.,海盗；盗版者
pirate,v.,盗版；剽窃
pity,n.,同情；怜悯；遗憾的事
pity,v.,同情；怜悯
plain,adv.,完全地；简直
plant,v.,种植；安放
plate,n.,盘子；碟子；车牌
play,v.,玩；演奏；播放；扮演
plough,n.,犁
plough,v.,犁地；耕地
pocket,adj.,袖珍的；口袋大小的
pocket,n.,口袋；衣袋
pocket,v.,放入口袋；私吞
point,n.,点；分数；观点；意义
pole,n.,杆；柱；极
pole,v.,用杆撑
polo,n.,马球；水球
pool,n.,游泳池；水池；台球
pool,v.,集中（资源、资金）
pop singer,n.,流行歌手
port,n.,港口；端口
port,v.,转向左舷
porter,n.,搬运工；门房
possess,v.,拥有
possession,n.,拥有；财产；所有物
post,n.,职位；岗位；邮件；柱子
post,v.,张贴；邮寄；发布
power line,n.,电力线
precaution,n.,预防措施
precaution,v.,警惕
precious,adj.,珍贵的；宝贵的
present,v.,呈现；赠送；介绍
preserve,v.,保护；保存；维持
preserve,n.,保护区；蜜饯
press,n.,媒体；新闻界；按；压
pressure,v.,施压；迫使
prisoner,n.,囚犯；犯人
private,n.,士兵
process,adj.,经过加工的
process,n.,过程；流程
process,v.,处理；加工
produce,v.,生产；制作；产生
profit,n.,利润；收益
profit,v.,获利；有益于
progressive,adj.,进步的；渐进的
progressive,n.,进步人士
promptly,adv.,迅速地；立即
prove,v.,证明；证实
pub,n.,酒吧
public,adj.,公众的；公共的
public,n.,公众；民众
pull,n.,拉；拉力；吸引力
pull,v.,拉；拖；拔
punish,v.,惩罚；处罚
quantity,n.,数量；量
queue,n.,队；队列
racing,adj.,比赛的
racing,n.,比赛；竞赛
radical,adj.,激进的；根本的
radical,n.,激进分子
railway,v.,乘火车旅行
rapidly,adv.,迅速地
rare,adj.,稀有的；罕见的
rare,adj.,极好的
rare,adv.,非常
rare,v.,渴望
react,v.,作出反应；起化学反应
real,adj.,真实的；真正的；实际的
real,adv.,真正地；非常
real,n.,现实；实数
reason,n.,原因；理由；理性
reason,v.,推理；说服
receive,v.,收到；接到；接待
receiver,n.,接收器；听筒；接管人
recently,adv.,最近；不久前
reception,n.,接待；招待会；接收效果
recognize,v.,认出；承认；意识到
recognize,v.,承认
record,n.,记录；唱片；履历
record-holder,n.,纪录保持者
rediscover,v.,重新发现
refuse,n.,垃圾；废物
register,n.,登记簿；注册
register,v.,登记；注册；显示
register,v.,登记；注册
register,v.,登记；注册；记录
regret,v.,后悔
relation,n.,关系；关联；亲戚
relation,n.,关系；亲属
relative,adj.,相对的；相关的
relative,adj.,相对的；有关系的
relative,n.,亲戚；相关物
relieve,v.,减轻；缓解；解除
reluctant,adj.,不情愿的；勉强的
remains,n.,遗骸；遗迹；剩余物
remark,n.,评论；言论
remark,v.,评论；说起
remind,v.,提醒；使想起
reminder,n.,提醒；提示
remote,adj.,遥远的；偏僻的
remove,v.,移除；去掉；搬走
repeat,v.,重复；复述
reply,n.,回答；回复
reply,v.,回答；回复
reputation,n.,声誉；名声
request,n.,请求；要求
request,v.,请求；要求
rescue,n.,营救；救援
rescue,v.,营救；救援
resin,n.,树脂
resin,v.,涂树脂
restore,v.,恢复；修复；归还
retire,v.,退休；退役
return,adj.,返回的；回程的
return,n.,返回；归还；回报
return,v.,返回；归还；回报
reward,n.,奖励；报酬
reward,v.,奖励；奖赏
ride,n.,骑；乘坐；搭便车
rifle,n.,步枪
rifle,v.,搜寻；洗劫
right,adj.,对的；右边的；合适的
right,adv.,就；马上；正确地
right,v.,纠正；扶正
ring,n.,戒指；环；铃声；拳击台
ring,v.,（铃）响；打电话；包围
risk,v.,冒险；冒…的风险
rival,n.,对手；竞争者
rival,v.,与…竞争；比得上
robot-arm,n.,机械臂
rock,v.,摇晃；摇摆
roof,n.,屋顶；顶部
roof,v.,给…盖屋顶
root,v.,生根；扎根；支持
row,v.,划船；吵架；使成排
royal,adj.,皇家的；王室的
royal,n.,王室成员
rudely,adv.,无礼地；粗鲁地
rush,n.,冲；匆忙；繁忙
rush,v.,冲；仓促行事
sack,n.,麻袋；解雇
sack,v.,解雇；开除
sadly,adv.,伤心地；遗憾地
sailor,n.,水手；海员
salary,n.,薪水；工资
salary,v.,给…发薪水
salute,n.,敬礼；致敬
salute,v.,敬礼；致敬
sand,n.,沙；沙子
sand,v.,用砂纸打磨
sarcastic,adj.,讽刺的；挖苦的
satisfaction,n.,满意
save,n.,扑救；存档
save,v.,救；节省
savings,n.,储蓄；存款
scene,n.,场景；景色；（戏剧、电影的）一场
scornfully,adv.,轻蔑地
sculptor,n.,雕塑家
sea level,n.,海平面
seashore,n.,海滨；海岸
seat,n.,座位；所在地
seat,v.,使就座；可容纳
secretary,n.,秘书；部长；书记
section,n.,部分；部门；章节；区域
section,v.,把…分段；切片
send,v.,发送；寄；派遣
sensitive,adj.,敏感的；体贴的；易受影响的
serious,adj.,严肃的；严重的；认真的
serve,v.,服务；上菜；任职；有用
service,adj.,服务性的；维修的
service,n.,服务；公共服务系统；维修
several,adj.,几个；一些
several,pron.,几个；一些
shady,adj.,阴凉的；可疑的
shake,n.,摇动；奶昔
shake,v.,摇动；发抖；握手
shame,v.,使羞愧；使蒙羞
shark,n.,鲨鱼；骗子
shark,v.,诈骗
sharp,adj.,锋利的；尖的；急剧的；敏锐的
sharp,adv.,准时地；突然地
sharp,n.,高音符号；骗子
sharp,v.,提高半音
shed,n.,小屋；棚
shed,v.,脱落；流出；摆脱
sheriff,n.,郡治安官
shining,adj.,发光的；闪耀的；出色的
shining,v.,发光（进行时）
shock,adj.,浓密的
shock,v.,使震惊；使休克
shore,n.,岸；滨
shore,v.,支撑
shortly,adv.,不久；马上；简短地
shot,adj.,用完的；筋疲力尽的
shot,n.,射击；子弹；镜头；一杯（酒）
shot,v.,射击（shoot的过去式和过去分词）
shoulder,v.,肩负；承担
shuttle,n.,穿梭巴士；航天飞机
shuttle,v.,穿梭往返
sight,adj.,即席的
sight,n.,视力；景象；名胜
sight,v.,看见；瞄准
sign,n.,标志；招牌；迹象；手势
sign,v.,签名；示意
signal,n.,信号；标志
signal,v.,发信号；示意
simply,adv.,简单地；仅仅；简直
single,adj.,单一的；单身的；单人的
single,n.,单身者；单曲；单打
single,v.,挑选出
site,n.,地点；位置；网站
site,v.,使坐落于；设置
skate,n.,溜冰鞋；滑板
skate,v.,溜冰；滑冰
skin,n.,皮肤；外皮
skin,v.,剥皮；愈合
sleeping bag,n.,睡袋
slip,abbr.,串行线路接口协议
slip,adj.,滑动的
slip,n.,滑倒；差错；纸条
slip,v.,滑倒；溜走；悄悄塞给
smash,adj.,了不起的；轰动的
smash,n.,破碎声；猛击；大成功
smash,v.,打碎；猛撞；粉碎
smell,n.,气味；嗅觉
smell,v.,闻；发出…的气味
smoke,n.,烟；吸烟
smoothly,adv.,顺利地；平稳地
snake,v.,蜿蜒前进
snake charmer,n.,耍蛇人
snatch,n.,抢夺；片段
snatch,v.,抢走；夺去
sneer,n.,嘲笑；冷笑
sneer,v.,嘲笑；冷笑
sock,adj.,非常成功的
sock,adv.,正好地
sock,n.,袜子
sock,v.,重击；给…穿袜
soil,n.,土壤；土地
soil,v.,弄脏
solve,v.,解决；解答
sort,n.,种类；类别
sort,v.,分类；整理
sound,adj.,合理的；可靠的；健康的
sound,adv.,酣畅地；完全地
sound,n.,声音；声响
sound,v.,听起来；发出声音
soundly,adv.,酣睡地；彻底地
source,n.,来源；源头
space,n.,空间；太空；空白
space,v.,留出间隔
spare part,n.,备件
spark,n.,火花；导火索
spark,v.,引发；触发；冒火花
spectacle,n.,壮观景象；眼镜
speed,v.,加速；超速
speedboat,n.,快艇
splendid,adj.,极好的；壮丽的；辉煌的
spoil,n.,战利品
spoil,v.,宠坏；破坏；（食物）变质
spray,n.,喷雾；喷剂
spray,v.,喷；喷洒
spring,adj.,春天的
spring,n.,春天；弹簧；泉
spring,v.,跳；涌现；突然出现
spy,n.,间谍
spy,v.,侦察；窥探；发现
stadium,n.,体育场
stage,n.,舞台；阶段；时期
stage,v.,上演；举办；策划
stalk,n.,（植物的）茎；梗
stalk,v.,跟踪；高视阔步地走
stamp,n.,邮票；印章；跺脚
stamp,v.,盖章；跺脚；贴邮票
standard,n.,标准；水平
state,adj.,国家的；州的；官方的
state,n.,状态；国家；州
state,v.,陈述；说明；规定
station,n.,车站；电视台；电台；站
statue,n.,雕像
steal,n.,偷窃；便宜货
steal,v.,偷窃；悄悄地移动
steam,adj.,蒸汽的
steam,n.,蒸汽；水汽
steam,v.,蒸；冒蒸汽
sticky,adj.,粘的；棘手的
stocking,n.,长袜
stone,adj.,石制的
stone,n.,石头；宝石；（水果的）核
stone,v.,用石头砸；去核
storm,n.,暴风雨；风暴
storm,v.,猛攻；怒吼；起风暴
straight,adj.,直的；直接的；坦率的
straight,adv.,直接地；马上
strap,n.,带子
strap,v.,用带捆绑
stream,n.,小溪；人流；数据流
stream,v.,流动；涌入
strict,adj.,严格的；严厉的
strike,n.,罢工；打击；袭击
strike,v.,打击；罢工；侵袭；给…印象
string,n.,绳子；线；一串；琴弦
strong,adj.,强壮的；强烈的；坚固的
strong,adv.,强劲地
struggle,n.,斗争；挣扎；努力
struggle,v.,挣扎；努力；奋斗
studio,n.,工作室；录音室；单间公寓
succeed,v.,成功；继承；接着发生
successful,adj.,成功的
suffer,v.,遭受；受苦；患病
suggest,v.,建议；暗示；表明
sum,n.,总数；金额；算术题
sum,v.,总结；合计
sunshine,n.,阳光
support,n.,支持；支撑；资助
support,v.,支持；支撑；供养
suppose,v.,猜想；认为；假定
surface,adj.,表面的
surface,n.,表面；表层
surface,v.,浮出水面；显露
surrounding,adj.,周围的
surrounding,n.,环境
survey,n.,调查；勘测；民意调查
survey,v.,调查；审视；勘测
survive,v.,幸存；活下来；比…活得长
survivor,n.,幸存者
suspicious,adj.,可疑的；多疑的
sweep,n.,打扫；席卷；挥动
sweep,v.,打扫；席卷；扫视
swimmer,n.,游泳者
swing,n.,摇摆；秋千；波动
swing,v.,（使）摇摆；（使）旋转
sympathetic,adj.,有同情心的；赞同的
sympathetically,adv.,同情地
symptom,n.,症状；征兆
tap,n.,水龙头；轻拍
tap,v.,轻拍；开发；利用
taxi,n.,出租车；的士
taxi,v.,（飞机）滑行
telescope,n.,望远镜
telescope,v.,（使）叠套缩短
temper,n.,脾气；情绪
temper,v.,使缓和；使回火
temple,n.,寺庙；神殿；太阳穴
temporarily,adv.,暂时地
temptation,n.,诱惑
tent,n.,帐篷
terrify,v.,使恐惧；吓唬
the Press,n.,新闻界
theatre,n.,剧院；戏剧
thick,adj.,厚的；浓的；密的
thoroughly,adv.,彻底地；完全地
threaten,v.,威胁；恐吓
thresh,v.,打谷；反复做
throw,n.,投掷
throw,v.,扔；抛；投
ticket,n.,票；券；罚单
ticket,v.,给…贴标签；开罚单
ticket office,n.,售票处
tight,adj.,紧的；密封的；严格的
tight,adv.,紧紧地
tired,adj.,疲劳的；厌倦的
tone,n.,语气；音调；色调；风格
total,adj.,总的；完全的
total,n.,总数；合计
total,v.,总计；合计为
touch,n.,接触；触觉；少许；风格
touch,v.,触摸；接触；感动；涉及
towards,prep.,朝向；对于
tower,n.,塔；高楼
tower,v.,高耸；远超
track,n.,轨道；跑道；踪迹；小路
track,v.,追踪；跟踪
traffic,n.,交通；车流；（非法）交易
train,n.,火车；一系列
train,v.,训练；培训
transport,n.,运输；交通工具
transport,v.,运输
trap,n.,陷阱；圈套；困境
trap,v.,设陷阱捕捉；使陷入困境
treasure,n.,宝藏；珍宝
tremendous,adj.,巨大的；极好的
tricycle,n.,三轮车
trouble,n.,麻烦；问题；烦恼
trouble,v.,麻烦；使烦恼
truant,n.,逃学者；旷课者
trunk,n.,树干；躯干；行李箱；象鼻
truth,n.,真相；真理；事实
tune,n.,曲调；协调
tune,v.,调音；调整
tunnel,n.,隧道；地道
tunnel,v.,挖隧道
turn,n.,转弯；轮流；机会；变化
turn,v.,转动；转向；变成
unhurt,adj.,未受伤的
unimaginative,adj.,缺乏想象力的
universe,n.,宇宙
unload,v.,卸货
unsmiling,adj.,不笑的；严肃的
until,conj.,直到…为止
upset,adj.,心烦的；不安的
upset,n.,烦恼；（意外的）失败
upset,v.,使心烦；打乱；打翻
upside down,adv.,颠倒地
urge,n.,强烈的欲望；冲动
urge,v.,敦促；力劝
valuable,adj.,贵重的；有价值的
valuable,n.,贵重物品
value,n.,价值；价格；价值观
variety,n.,多样性；种类
various,adj.,各种各样的；不同的
ventilate,v.,使通风
ventilation,n.,通风
versus,prep.,对；对抗
vibration,n.,振动
vicar,n.,（英国国教的）教区牧师
victim,n.,受害者；牺牲品
view,v.,看；看待；视为
villager,n.,村民
violently,adv.,猛烈地；暴力地
virtue,n.,美德；优点
volcano,n.,火山
volt,n.,伏特
volunteer,n.,志愿者；义工
volunteer,v.,自愿做；主动提供
waiter,n.,服务员（男性）
wander,v.,漫步；闲逛；走神
waste,adj.,废弃的；荒芜的
waste,n.,浪费；废料；垃圾
water ski,n.,滑水板
wave,n.,波浪；挥手；（情感等的）高涨
wave,v.,挥手；（使）波动
weak,adj.,虚弱的；差的；（论点）站不住脚的
wedding,n.,婚礼
weigh,v.,称重；重达；权衡
weight,n.,重量；重物；重要性
weight,v.,加重于；使有分量
welcome,v.,欢迎；乐于接受
whale,n.,鲸
wheel,n.,轮子；方向盘
wheel,v.,（使）旋转；推或拉（有轮子的东西）
whether,conj.,是否；不管
while,conj.,当…的时候；然而；虽然
while,n.,一会儿；一段时间
whisky,n.,威士忌
whole,n.,整体；全部
wicked,adj.,邪恶的；恶劣的；很棒的
wind,v.,缠绕；上发条；蜿蜒
wire,n.,电线；金属丝
wire,v.,接电线；打电报
wit,n.,智慧；风趣；才智
wonder,v.,想知道；感到疑惑
wooden,adj.,木制的；僵硬的
woollen,adj.,羊毛的；毛织的
workshop,n.,车间；研讨会
worthless,adj.,无价值的；没用的
wrap,n.,包裹物；披肩
wrap,v.,包；裹
wreck,n.,失事（船、飞机等）的残骸；严重受损的东西
wreck,v.,破坏；毁坏
yard,vt.,把…关进围栏
