abandon,n.,放任；狂热
abandon,v.,遗弃；放弃
ability,n.,能力；才能
able,adj.,能够的；有能力的
abnormal,adj.,反常的；变态的
abolish,v.,废除；取消
abortion,n.,流产；堕胎；失败
abroad,adv.,在国外；到海外
abroad,n.,海外；异国
abrupt,adj.,突然的；唐突的；陡峭的
absence,n.,缺席；缺乏
absent,adj.,缺席的；缺少的
absent,v.,使缺席
absolute,adj.,绝对的；完全的
absorb,v.,吸收；吸引；使全神贯注
abstract,adj.,抽象的；深奥的
abstract,n.,摘要；抽象
abstract,v.,提取；做摘要；使抽象化
absurd,adj.,荒谬的；可笑的
abundant,adj.,丰富的；充裕的
abuse,n.,滥用；虐待；辱骂
abuse,v.,滥用；虐待；辱骂
academic,adj.,学术的；理论的
academic,n.,学者；大学教师
academy,n.,学院；研究院
accelerate,v.,加速；促进
accent,n.,口音；重音；强调
accent,v.,强调；重读
accept,v.,接受；承认；同意
access,n.,通道；机会；使用权
access,v.,存取；接近
accessible,adj.,可进入的；易接近的；可理解的
accident,n.,意外；事故
accommodation,n.,住处；膳宿；调节
accompany,v.,陪伴；伴随；伴奏
accomplish,v.,完成；实现
account,n.,账户；账目；描述
account,v.,解释；导致；认为
accountant,n.,会计师
accumulate,v.,累积；积聚
accuracy,n.,准确性；精确度
accurate,adj.,精确的；准确的
accuse,v.,控告；指责
accustomed,adj.,习惯的；通常的
ache,n.,疼痛
ache,v.,疼痛；渴望
achieve,v.,实现；取得；达到
acid,adj.,酸的；尖刻的
acid,n.,酸
acknowledge,v.,承认；答谢；确认收到
acquaintance,n.,熟人；了解
acquire,v.,获得；学到
acre,n.,英亩；土地
act,n.,行为；法案；一幕
act,v.,行动；扮演；起作用
actor,n.,演员
actual,adj.,实际的；真实的
acute,adj.,敏锐的；急性的；严重的
AD,n.,公元
ad,n.,广告
advertisement,n.,广告；宣传
adapt,v.,适应；改编
adaptation,n.,适应；改编；改编本
add,v.,增加；补充说；加
addicted,adj.,上瘾的；沉迷的
addition,n.,添加；加法；增加物
address,n.,地址；演讲
address,v.,致辞；处理；写地址
adequate,adj.,足够的；适当的；胜任的
adjust,v.,调整；适应
adjustment,n.,调整；调节
administration,n.,管理；行政；行政机构
admirable,adj.,令人钦佩的；极好的
admire,v.,钦佩；赞美
admission,n.,准许进入；入场费；承认
admit,v.,承认；准许进入；容纳
adolescence,n.,青春期
adolescent,adj.,青春期的
adolescent,n.,青少年
adopt,v.,收养；采纳；接受
adore,v.,崇拜；爱慕；非常喜欢
adult,adj.,成年的；成熟的
adult,n.,成年人
advance,n.,前进；发展；预付款
advance,v.,前进；提出；预付
advantage,n.,优势；利益；好处
adventure,n.,冒险；奇遇
advertise,v.,做广告；宣传
advice,n.,建议；忠告
advise,v.,建议；劝告；通知
advocate,n.,提倡者；律师
advocate,v.,提倡；主张
affair,n.,事情；事务；风流韵事
affect,v.,影响；感动；假装
affection,n.,喜爱；感情；影响
afford,v.,负担得起；提供
afraid,adj.,害怕的；担心的
Africa,n.,非洲
African,adj.,非洲的
African,n.,非洲人
afternoon,n.,下午
afterward,adv.,后来；以后
afterwards,adv.,后来；然后
again,adv.,再一次；又
age,n.,年龄；时代
age,v.,变老；使变老
agency,n.,代理；中介；机构
agenda,n.,议程
agent,n.,代理人；特工
aggressive,adj.,好斗的；有进取心的
ago,adv.,以前
agree,v.,同意；赞成；约定
agreement,n.,协议；同意；一致
agricultural,adj.,农业的
agriculture,n.,农业
ahead,adv.,向前；领先
aid,n.,帮助；援助
aid,v.,帮助；援助
AIDS,n.,艾滋病
Acquired Immune Deficiency Syndrome,idiom/phrase,艾滋病
aim,n.,目标；目的
aim,v.,瞄准；旨在
air,n.,空气；天空；样子
air,v.,通风；晾干
aircraft,n.,飞机；航空器
airline,n.,航空公司；航线
airmail,n.,航空邮件
airplane,n.,飞机
airport,n.,机场
airspace,n.,领空；空域
alarm,n.,警报；闹钟；惊慌
alarm,v.,警告；使惊恐
album,n.,相册；唱片集
alcohol,n.,酒精
alcoholic,adj.,含酒精的
alcoholic,n.,酗酒者
algebra,n.,代数
alike,adj.,相似的；相同的
alike,adv.,同样地
alive,adj.,活着的；有生气的
all,pron.,全部
all,adj.,全部的
all,adv.,完全地
allergic,adj.,过敏的；讨厌的
alley,n.,小巷；小路
allocate,v.,分配；分派
allow,v.,允许；准许
allowance,n.,津贴；零用钱；限额
almost,adv.,几乎；差不多
alone,adj.,单独的；独自的
alone,adv.,单独地
alongside,prep.,在…旁边
aloud,adv.,大声地
alphabet,n.,字母表
already,adv.,已经
alternative,adj.,供选择的
alternative,n.,替代选择
altitude,n.,高度；海拔
altogether,adv.,完全地；总共
aluminium,n.,铝
always,adv.,总是；一直
amateur,n.,业余爱好者
amateur,adj.,业余的
amaze,v.,使吃惊
amazing,adj.,令人惊异的
ambassador,n.,大使；代表
ambassadress,n.,大使夫人；女大使
ambiguous,adj.,模糊的；模棱两可的
ambition,n.,雄心；抱负；野心
ambulance,n.,救护车
America,n.,美国；美洲
amount,n.,数量；总额
amount,v.,总计；相当于
ample,adj.,充足的；丰富的；宽敞的
amuse,v.,使发笑；娱乐
analyse,v.,分析
ancestor,n.,祖先
anchor,n.,锚；主播
anchor,v.,抛锚；使固定；主持
ancient,adj.,古代的；古老的
anecdote,n.,轶事；趣闻
anger,n.,愤怒
anger,v.,使发怒
angle,n.,角度；方面
angry,adj.,生气的；愤怒的
animal,n.,动物
ankle,n.,脚踝
anniversary,n.,周年纪念日
announce,v.,宣布；宣告
annoy,v.,使烦恼；打扰
annual,adj.,每年的；年度的
annual,n.,年刊；一年生植物
answer,n.,答案；回答
answer,v.,回答；符合
ant,n.,蚂蚁
Antarctic,adj.,南极的
antique,n.,古董
antique,adj.,古老的；古董的
anxiety,n.,焦虑；渴望
anxious,adj.,焦虑的；渴望的
anyhow,adv.,无论如何；总之
anyway,adv.,无论如何；不管怎样
anywhere,adv.,在任何地方
apart,adv.,相隔；分开
apart,adj.,分开的
apartment,n.,公寓
apologize,v.,道歉
apparent,adj.,明显的；表面上的
appeal,n.,呼吁；吸引力；上诉
appeal,v.,呼吁；有吸引力；上诉
appear,v.,出现；显得；似乎
appendix,n.,附录；阑尾
appetite,n.,食欲；欲望
applaud,v.,鼓掌；称赞
apply,v.,申请；应用；涂抹
appoint,v.,任命；指定；约定
appreciate,v.,欣赏；感激；理解
appreciation,n.,欣赏；感激；增值
approach,n.,方法；途径；接近
approach,v.,接近；着手处理
appropriate,adj.,适当的；恰当的
appropriate,v.,占用；拨出
approval,n.,批准；赞成
approve,v.,批准；赞成
approximately,adv.,大约；近似地
apron,n.,围裙；停机坪
arbitrary,adj.,任意的；武断的；专制的
arch,n.,拱门；拱形
arch,v.,使成拱形
architect,n.,建筑师
architecture,n.,建筑学；建筑风格
Arctic,adj.,北极的
Arctic,n.,北极圈
are,aux.v.,是
area,n.,区域；地区；面积
argue,v.,争论；辩论；主张
argument,n.,论据；争论；争吵
arise,v.,出现；发生；起床
arithmetic,n.,算术
arm,n.,手臂；武器
arm,v.,武装
armchair,n.,扶手椅
army,n.,军队；陆军
arrange,v.,安排；整理；排列
arrangement,n.,安排；布置
arrest,n.,逮捕
arrest,v.,逮捕；阻止；吸引
arrival,n.,到达
arrive,v.,到达
arrow,n.,箭；箭头
art,n.,艺术；美术
article,n.,文章；物品；冠词
artificial,adj.,人造的；虚假的
artist,n.,艺术家；画家
ash,n.,灰；灰烬
ashamed,adj.,惭愧的；羞愧的
Asia,n.,亚洲
ask,v.,问；要求；邀请
asleep,adj.,睡着的
aspect,n.,方面；外貌
assess,v.,评估；评定
assessment,n.,评估；评定
assist,v.,帮助；协助
assistance,n.,帮助；援助
assistant,n.,助手；助理
assistant,adj.,助理的；辅助的
associate,v.,联系；交往
associate,n.,同事；伙伴
association,n.,协会；社团；联系
assume,v.,假设；承担；认为
assumption,n.,假设；承担
astonish,v.,使惊讶
astronaut,n.,宇航员；航天员
astronomer,n.,天文学家
astronomy,n.,天文学
athlete,n.,运动员
athletic,adj.,运动的；体格健壮的
Atlantic,n.,大西洋
atmosphere,n.,大气；气氛
atom,n.,原子
attach,v.,附上；系上；使依恋
attack,n.,攻击；抨击；发作
attack,v.,攻击；抨击
attain,v.,达到；获得
attempt,n.,尝试；企图
attempt,v.,尝试；企图
attend,v.,出席；参加；照料
attention,n.,注意力；关心
attitude,n.,态度；看法
attract,v.,吸引
attraction,n.,吸引力；有吸引力的人或事
attractive,adj.,有吸引力的；迷人的
audience,n.,观众；听众；读者
authentic,adj.,真实的；真正的；可信的
author,n.,作者；作家
authority,n.,权威；权力；当局
automatic,adj.,自动的；无意识的
autonomous,adj.,自治的；自主的
autumn,n.,秋天
available,adj.,可获得的；有空的
avenue,n.,大道；途径
average,n.,平均数；平均水平
average,adj.,平均的；普通的
average,v.,平均为
avoid,v.,避免；避开
awake,adj.,醒着的
awake,v.,醒来；唤醒
award,n.,奖；奖品
award,v.,授予
aware,adj.,意识到的；知道的
away,adv.,离开；在远处
awesome,adj.,极好的；令人敬畏的
awful,adj.,糟糕的；可怕的
awkward,adj.,笨拙的；尴尬的；棘手的
baby,n.,婴儿
bachelor,n.,学士；单身汉
back,n.,后面；背部
back,adj.,后面的；过去的
back,adv.,向后；回来
back,v.,支持；后退
background,n.,背景
backward,adj.,向后的；落后的
backwards,adv.,向后
bar,n.,酒吧；条；棒；障碍
bar,v.,禁止；阻拦
barbecue,n.,烧烤
barber,n.,理发师
barbershop,n.,理发店
bare,adj.,赤裸的；空的
bargain,n.,便宜货；交易
bargain,v.,讨价还价
bark,n.,狗叫声；树皮
bark,v.,狗叫
barrier,n.,障碍；屏障
base,n.,基础；基地
base,v.,以…为基础
baseball,n.,棒球
basement,n.,地下室
basic,adj.,基本的；基础的
basin,n.,盆；盆地；流域
basis,n.,基础；根据
basket,n.,篮子
basketball,n.,篮球
bat,n.,球棒；蝙蝠
bacon,n.,培根；咸猪肉
bacterium,n.,细菌
bad,adj.,坏的；差的；严重的
badminton,n.,羽毛球
bag,n.,包；袋子
baggage,n.,行李
bakery,n.,面包店
balance,n.,平衡；余额
balance,v.,使平衡；权衡
balcony,n.,阳台
ball,n.,球；舞会
ballet,n.,芭蕾舞
balloon,n.,气球
bamboo,n.,竹子
ban,v.,禁止
ban,n.,禁令
banana,n.,香蕉
band,n.,乐队；带子；一群
bandage,n.,绷带
bandage,v.,用绷带包扎
bank,n.,银行；岸
bath,n.,洗澡；浴室
bathe,v.,洗澡；浸泡
bathroom,n.,浴室；洗手间
bathtub,n.,浴缸
battery,n.,电池
battle,n.,战斗；战役
bay,n.,海湾
BC,n.,公元前
beach,n.,海滩
bean,n.,豆
bean curd,n.,豆腐
bear,v.,忍受；承受；生育
bear,n.,熊
beard,n.,胡须
beast,n.,野兽
beat,v.,打；击败
beat,n.,敲打；节拍
beautiful,adj.,美丽的
beauty,n.,美丽；美人
become,v.,成为；变得
bed,n.,床
bedding,n.,寝具
bedroom,n.,卧室
bee,n.,蜜蜂
beef,n.,牛肉
beer,n.,啤酒
beg,v.,乞求；请求
begin,v.,开始
behalf,n.,代表；利益
behave,v.,表现；行为举止
behaviour,n.,行为；举止
being,n.,存在；生物
belief,n.,信仰；信念
believe,v.,相信；认为
bell,n.,铃；钟
belly,n.,肚子；腹部
belong,v.,属于
belt,n.,腰带；地带
bench,n.,长凳；工作台
bend,v.,弯曲；屈服
bend,n.,弯曲处
benefit,n.,好处；利益；福利
benefit,v.,有益于；受益
betray,v.,背叛；出卖；泄露
bicycle,n.,自行车
bid,v.,出价；投标；吩咐
bid,n.,出价；努力
big,adj.,大的
bike,n.,自行车
bill,n.,账单；法案；钞票
bingo,n.,宾果游戏
biochemistry,n.,生物化学
biography,n.,传记
biology,n.,生物学
bird,n.,鸟
birthday,n.,生日
birthplace,n.,出生地
biscuit,n.,饼干
bishop,n.,主教
bit,n.,一点；少量；比特
bite,v.,咬
bite,n.,咬；一口
bitter,adj.,苦的；痛苦的
black,adj.,黑色的
black,n.,黑色；黑人
blackboard,n.,黑板
blame,v.,责备；归咎于
blame,n.,责备；责任
blank,adj.,空白的
blank,n.,空白
blanket,n.,毯子
bleed,v.,流血
bless,v.,祝福；保佑
blind,adj.,瞎的；盲目的
block,n.,块；街区；障碍物
block,v.,阻塞；阻止
blood,n.,血；血液
blouse,n.,女士衬衫
blow,v.,吹；吹动；爆炸
blow,n.,吹；打击
blue,adj.,蓝色的；忧郁的
blue,n.,蓝色
board,n.,木板；委员会；膳食
board,v.,上(船、车等),寄宿
boat,n.,船
body,n.,身体；主体
boil,v.,煮沸；沸腾
bomb,n.,炸弹
bomb,v.,轰炸
bond,n.,联系；纽带；债券
bone,n.,骨头
bonus,n.,奖金；红利
book,n.,书籍
book,v.,预订
boom,n.,繁荣；隆隆声
boom,v.,繁荣；发出隆隆声
boot,n.,靴子
booth,n.,小亭；售货棚
border,n.,边界；边境
bored,adj.,无聊的；厌烦的
boring,adj.,无聊的；令人厌烦的
born,adj.,出生的；天生的
borrow,v.,借
boss,n.,老板
botanical,adj.,植物学的
botany,n.,植物学
bother,v.,打扰；烦扰
bother,n.,麻烦；烦恼
bottle,n.,瓶子
bottom,n.,底部；尽头
bounce,v.,弹起；反弹
bound,adj.,必定的；受约束的
bound,v.,跳跃；限制
boundary,n.,边界；界限
bow,v.,鞠躬
bow,n.,弓；蝴蝶结
bowl,n.,碗
bowling,n.,保龄球
box,n.,盒子；箱子
boxing,n.,拳击
boy,n.,男孩
boycott,v.,联合抵制
boycott,n.,联合抵制
brain,n.,大脑；头脑
brake,n.,刹车
brake,v.,刹车
branch,n.,树枝；分支；分店
brand,n.,品牌；商标
brave,adj.,勇敢的
bravery,n.,勇敢；勇气
bread,n.,面包
break,v.,打破；休息
break,n.,休息；中断
breakfast,n.,早餐
breakthrough,n.,突破
breast,n.,胸部；乳房
breath,n.,呼吸；气息
breathe,v.,呼吸
breathless,adj.,气喘吁吁的
brewery,n.,啤酒厂
brick,n.,砖
bride,n.,新娘
bridegroom,n.,新郎
bridge,n.,桥
brief,adj.,简短的
brief,n.,摘要；简报
bright,adj.,明亮的；聪明的
brilliant,adj.,杰出的；才华横溢的；灿烂的
broad,adj.,宽的；广阔的
broadcast,v.,广播
broadcast,n.,广播节目
brochure,n.,小册子
broken,adj.,破碎的；损坏的
broom,n.,扫帚
brother,n.,兄弟
brown,adj.,棕色的
brown,n.,棕色
brunch,n.,早午餐
brush,n.,刷子；画笔
brush,v.,刷
Buddhism,n.,佛教
budget,n.,预算
buffet,n.,自助餐
build,v.,建造；建立
building,n.,建筑物
bunch,n.,串；束
bungalow,n.,平房
burden,n.,负担；责任
bureaucratic,adj.,官僚的
burglar,n.,窃贼
burn,v.,燃烧；烧伤
burst,v.,爆炸；突然发生
bury,v.,埋葬；隐藏
bus,n.,公共汽车；巴士
bush,n.,灌木丛
business,n.,生意；商业；事务
businessman,n.,商人
businesswoman,n.,女商人
busy,adj.,忙的
butcher,n.,屠夫；肉贩
butter,n.,黄油；牛油
butterfly,n.,蝴蝶
button,n.,按钮；纽扣
buy,v.,买
bye,int.,再见
cab,n.,出租车；的士
cabbage,n.,卷心菜；包菜
café,n.,咖啡馆
cafeteria,n.,自助餐厅
cage,n.,笼子
cake,n.,蛋糕
calculate,v.,计算
call,v.,打电话；呼叫；称呼
call,n.,电话；呼叫
calm,adj.,平静的；镇静的
camel,n.,骆驼
camera,n.,相机；摄像机
camp,n.,营地
camp,v.,露营
campaign,n.,运动；战役
can,aux.v.,可以；能够
can,n.,罐头
canal,n.,运河
cancel,v.,取消
cancer,n.,癌症；巨蟹座
candidate,n.,候选人；应试者
candle,n.,蜡烛
candy,n.,糖果
canteen,n.,食堂；水壶
cap,n.,帽子；盖子
capital,n.,首都；资本；大写字母
capsule,n.,胶囊；太空舱
captain,n.,船长；队长；上尉
caption,n.,标题；字幕
car,n.,汽车；车
carbon,n.,碳
card,n.,卡片；纸牌
care,n.,关心；小心；照料
care,v.,关心；在意
careful,adj.,小心的；仔细的
carpenter,n.,木匠
carpet,n.,地毯
carriage,n.,四轮马车；车厢
carrot,n.,胡萝卜
carry,v.,携带；搬运；支持
cartoon,n.,卡通；漫画
carve,v.,雕刻；切
case,n.,情况；案例；箱子
cash,n.,现金
cassette,n.,磁带
cast,v.,投；掷；浇铸
cast,n.,演员阵容；投掷
castle,n.,城堡
casual,adj.,随便的；非正式的；偶然的
cat,n.,猫
catalogue,n.,目录
catastrophe,n.,灾难
catch,v.,抓住；赶上；感染
category,n.,种类；类别
cater,v.,迎合；提供餐饮
Catholic,adj.,天主教的
Catholic,n.,天主教徒
cattle,n.,牛
cause,n.,原因；事业
cause,v.,引起；导致
caution,n.,小心；警告
cautious,adj.,谨慎的
cave,n.,洞穴
CD,n.,光盘；唱片
ceiling,n.,天花板；上限
celebrate,v.,庆祝
celebration,n.,庆祝；庆典
cell,n.,细胞；单人牢房；电池
cent,n.,分
centigrade,adj.,摄氏的
centimetre,n.,厘米
central,adj.,中心的；主要的
centre,n.,中心
century,n.,世纪
ceremony,n.,仪式；典礼
certain,adj.,确定的；某个
certificate,n.,证书；证明
chain,n.,链条；连锁店
chair,n.,椅子；主席
chairman,n.,主席
chairwoman,n.,女主席
chalk,n.,粉笔
challenge,n.,挑战
challenge,v.,挑战；质疑
challenging,adj.,有挑战性的
champion,n.,冠军
chance,n.,机会；可能性
change,v.,改变；更换；兑换
change,n.,变化；零钱
changeable,adj.,易变的
channel,n.,频道；海峡；渠道
chant,n.,圣歌；吟诵
chaos,n.,混乱
chapter,n.,章节
character,n.,性格；角色；特点；字符
characteristic,n.,特征；特点
characteristic,adj.,特有的；典型的
charge,v.,收费；充电；控告；冲锋
charge,n.,费用；电荷；指控
chart,n.,图表
chat,v.,聊天
chat,n.,聊天
cheap,adj.,便宜的
cheat,v.,欺骗；作弊
check,v.,检查；核对；抑制
check,n.,检查；支票；抑制
cheek,n.,脸颊
cheer,v.,欢呼；鼓舞
cheer,n.,欢呼
cheerful,adj.,快乐的；高兴的
cheers,int.,干杯；谢谢；再见
cheese,n.,奶酪；芝士
chef,n.,厨师
chemical,adj.,化学的
chemical,n.,化学品
chemist,n.,化学家；药剂师
chemistry,n.,化学
cheque,n.,支票
chess,n.,国际象棋
chest,n.,胸部；箱子
chew,v.,咀嚼
chicken,n.,鸡；鸡肉
chief,adj.,主要的；首席的
chief,n.,首领
child,n.,儿童；孩子
childhood,n.,童年
chocolate,n.,巧克力
choice,n.,选择
choir,n.,合唱团
choke,v.,窒息；噎住
choose,v.,选择
chopstick,n.,筷子
chorus,n.,合唱；齐声
Christian,n.,基督教徒
Christian,adj.,基督教的
Christmas,n.,圣诞节
church,n.,教堂
cigar,n.,雪茄
cigarette,n.,香烟
cinema,n.,电影院
circle,n.,圆圈；圈子
circuit,n.,电路；环路；巡回
circulate,v.,循环；流通；传播
circumstance,n.,情况；环境
circus,n.,马戏团
citizen,n.,公民；市民
city,n.,城市
civil,adj.,公民的；民事的；文明的
civilian,n.,平民
civilian,adj.,平民的
civilization,n.,文明
clap,v.,鼓掌；拍手
clarify,v.,澄清；阐明
class,n.,班级；阶级；等级；种类
classic,adj.,经典的；一流的
classic,n.,经典作品；名著
classify,v.,分类
classmate,n.,同班同学
classroom,n.,教室
claw,n.,爪子
clay,n.,粘土；泥土
clean,adj.,干净的
clean,v.,打扫；弄干净
cleaner,n.,清洁工；清洁剂
clear,adj.,清楚的；清澈的；晴朗的
clear,v.,清除；使清楚；放晴
clerk,n.,职员；店员
clever,adj.,聪明的；机灵的
click,v.,点击；发出咔哒声
click,n.,点击声；咔哒声
climate,n.,气候
climb,v.,爬；攀登
clinic,n.,诊所
clock,n.,钟
clone,n.,克隆
clone,v.,克隆
close,v.,关闭；结束
close,adj.,近的；亲密的
cloth,n.,布；布料
clothes,n.,衣服
clothing,n.,服装
cloud,n.,云
cloudy,adj.,多云的；阴天的
club,n.,俱乐部；社团；棍棒
clumsy,adj.,笨拙的
coach,n.,教练；长途汽车
coal,n.,煤
coast,n.,海岸
coat,n.,外套；大衣
cocoa,n.,可可粉
coffee,n.,咖啡
coin,n.,硬币
coincidence,n.,巧合
coke,n.,可乐；焦炭
cold,adj.,冷的
cold,n.,寒冷；感冒
collar,n.,衣领；项圈
colleague,n.,同事
collect,v.,收集；募捐
college,n.,学院；大学
collision,n.,碰撞；冲突
colour,n.,颜色
comb,n.,梳子
comb,v.,梳
combine,v.,结合；联合
come,v.,来；到达
comedy,n.,喜剧
comfort,n.,舒适；安慰
comfortable,adj.,舒适的
command,v.,命令；指挥
command,n.,命令；指挥
comment,n.,评论
comment,v.,评论
commercial,adj.,商业的
commercial,n.,商业广告
commit,v.,犯(罪),承诺；投入
commitment,n.,承诺；投入；奉献
committee,n.,委员会
common,adj.,普通的；共同的
communicate,v.,交流；沟通；传达
communication,n.,交流；通讯
communism,n.,共产主义
communist,n.,共产主义者
companion,n.,同伴；伴侣
company,n.,公司；陪伴；同伴
compare,v.,比较
compass,n.,指南针；罗盘
compensate,v.,补偿；赔偿
compete,v.,竞争；比赛
competence,n.,能力；胜任
complete,adj.,完整的；完全的
complete,v.,完成
complex,adj.,复杂的
complex,n.,综合体
component,n.,成分；零件
composition,n.,作文；作品；构成
comprehension,n.,理解力
compromise,n.,妥协；折衷
compromise,v.,妥协；危及
compulsory,adj.,强制的；义务的
computer,n.,电脑；计算机
concentrate,v.,集中；专心
concept,n.,概念；观念
concern,n.,关心；关系；担心
concern,v.,涉及；关系到；使担心
concert,n.,音乐会
conclude,v.,结束；得出结论
concrete,n.,混凝土
concrete,adj.,具体的；实在的
condemn,v.,谴责；判刑
condition,n.,条件；状况；状态
conduct,v.,指挥；引导；进行
conduct,n.,行为；举止
conductor,n.,指挥；售票员；导体
conference,n.,会议
confident,adj.,自信的
confidential,adj.,机密的；秘密的
confirm,v.,确认；证实
conflict,n.,冲突；矛盾
conflict,v.,冲突；抵触
confuse,v.,使困惑；搞乱
congratulate,v.,祝贺
congratulation,n.,祝贺
connect,v.,连接；联系
connection,n.,连接；关系
conscience,n.,良心
consensus,n.,共识；一致
consequence,n.,后果；结果；重要性
conservation,n.,保护；保存
conservative,adj.,保守的
conservative,n.,保守派
consider,v.,考虑；认为
considerate,adj.,体贴的；考虑周到的
consideration,n.,考虑；体谅
consist,v.,由…组成；在于
consistent,adj.,一致的；一贯的
constant,adj.,不变的；持续的
constitution,n.,宪法；构成；体质
construct,v.,建造；构建
construction,n.,建造；建筑；结构
consult,v.,咨询；请教；查阅
consultant,n.,顾问
consume,v.,消费；消耗
contain,v.,包含；容纳；控制
container,n.,容器；集装箱
contemporary,adj.,当代的；同时代的
content,n.,内容；目录；满足
content,adj.,满足的
continent,n.,大陆；洲
continue,v.,继续
contradict,v.,反驳；与…矛盾
contradictory,adj.,矛盾的
contrary,adj.,相反的
contribute,v.,贡献；捐助；投稿
contribution,n.,贡献；捐款
control,v.,控制；管理
control,n.,控制；管理
controversial,adj.,有争议的
convenience,n.,便利；方便
convenient,adj.,方便的
conventional,adj.,传统的；常规的
conversation,n.,对话；交谈
convey,v.,传达；运输
convince,v.,说服；使确信
cook,v.,烹饪；做饭
cook,n.,厨师
cooker,n.,炊具
cookie,n.,饼干
cool,adj.,凉爽的；酷的；冷静的
copy,n.,副本；一份
copy,v.,复制；抄袭
corn,n.,玉米；谷物
corner,n.,角落；拐角
corporation,n.,公司；法人
correct,adj.,正确的
correct,v.,改正
correction,n.,改正；修正
correspond,v.,符合；通信；相应
corrupt,adj.,腐败的；堕落的
corrupt,v.,使腐败；使堕落
cost,n.,成本；代价；费用
cost,v.,花费
cosy,adj.,舒适的；惬意的
cottage,n.,小屋；村舍
cotton,n.,棉花
cough,v.,咳嗽
cough,n.,咳嗽
could,aux.v.,能够；可以
count,v.,数数；计算；认为
count,n.,计数；伯爵
counter,n.,柜台；计数器
country,n.,国家；乡下
countryside,n.,农村；乡下
couple,n.,一对；夫妇
courage,n.,勇气
course,n.,课程；过程；路线；一道菜
court,n.,法庭；球场；宫廷
courtyard,n.,庭院
cousin,n.,堂(表)兄弟姐妹
cover,v.,覆盖；包括；报道
cover,n.,盖子；封面；掩护
cow,n.,奶牛
crash,v.,碰撞；坠毁；崩溃
crash,n.,碰撞；坠毁；崩溃
crayon,n.,蜡笔
crazy,adj.,疯狂的
cream,n.,奶油；乳霜
create,v.,创造；创作
creature,n.,生物；动物
credit,n.,信用；学分；赞扬
credit,v.,相信；归功于
crew,n.,全体船员；工作人员
crime,n.,罪行；犯罪
criminal,n.,罪犯
criminal,adj.,犯罪的；刑事的
criterion,n.,标准；准则
crop,n.,农作物；收成
cross,n.,十字架；交叉
cross,v.,穿过；交叉
crossing,n.,十字路口；人行横道
crossroads,n.,十字路口
crowd,n.,人群
crowd,v.,拥挤
cruel,adj.,残酷的；残忍的
cry,v.,哭；喊
cry,n.,哭声；喊声
cube,n.,立方体
cubic,adj.,立方的
cuisine,n.,烹饪；菜肴
culture,n.,文化
cup,n.,杯子
cupboard,n.,橱柜
cure,v.,治愈；解决
cure,n.,治疗；疗法
curious,adj.,好奇的；古怪的
currency,n.,货币
curriculum,n.,课程
curtain,n.,窗帘；幕布
cushion,n.,垫子
custom,n.,习惯；风俗；海关
customer,n.,顾客
customs,n.,海关
cut,v.,切；割；剪；削减
cycle,n.,周期；循环；自行车
cycle,v.,骑自行车；循环
cyclist,n.,骑自行车的人
dad,n.,爸爸
daddy,n.,爸爸
daily,adj.,每日的
daily,n.,日报
dam,n.,水坝
damage,n.,损害；损失
damage,v.,损害；损坏
damp,adj.,潮湿的
dance,v.,跳舞
dance,n.,舞蹈；舞会
danger,n.,危险
dare,v.,敢；挑战
dark,adj.,黑暗的；深色的
dark,n.,黑暗
dash,v.,猛冲；撞击
dash,n.,冲；破折号
data,n.,数据；资料
database,n.,数据库
date,n.,日期；约会；枣
date,v.,注明日期；约会
daughter,n.,女儿
dawn,n.,黎明；开端
day,n.,天；白天
dead,adj.,死的
deadline,n.,截止日期
deaf,adj.,聋的
deal,v.,处理；交易
deal,n.,交易；协议
dear,adj.,亲爱的；昂贵的
death,n.,死亡
debate,n.,辩论
debate,v.,辩论
debt,n.,债务
decade,n.,十年
decide,v.,决定
decision,n.,决定
declare,v.,宣布；声明；申报
decline,v.,下降；衰退；谢绝
decline,n.,下降；衰退
decorate,v.,装饰
decoration,n.,装饰；装饰品
decrease,v.,减少
decrease,n.,减少
deed,n.,行为；事迹；契约
deep,adj.,深的
deer,n.,鹿
defeat,v.,击败
defeat,n.,失败
defend,v.,保卫；辩护
degree,n.,度；程度；学位
delay,v.,延迟；耽搁
delay,n.,延迟；耽搁
delete,v.,删除
deliberately,adv.,故意地；从容地
delicate,adj.,精致的；微妙的；脆弱的
delicious,adj.,美味的
delight,n.,高兴；乐趣
delight,v.,使高兴
deliver,v.,递送；发表；接生
demand,n.,要求；需求
demand,v.,要求；需要
department,n.,部门；系
departure,n.,离开；出发
depend,v.,依靠；取决于
deposit,n.,存款；押金；沉淀物
deposit,v.,存放；沉淀
depth,n.,深度
describe,v.,描述；形容
description,n.,描述
desert,n.,沙漠
desert,v.,抛弃；遗弃
deserve,v.,值得；应得
design,n.,设计；图案
design,v.,设计
desire,n.,欲望；渴望
desire,v.,渴望；想要
desk,n.,书桌
desperate,adj.,绝望的；不顾一切的
dessert,n.,甜点
destination,n.,目的地
destroy,v.,破坏；摧毁
detective,n.,侦探
determine,v.,决定；决心
develop,v.,发展；开发；成长
development,n.,发展；开发
devote,v.,奉献；致力于
devotion,n.,奉献；忠诚
diagram,n.,图表；图解
dial,n.,拨号盘；刻度盘
dial,v.,拨号
dialogue,n.,对话
diamond,n.,钻石；菱形
diary,n.,日记
dictation,n.,听写
dictionary,n.,词典；字典
die,v.,死
diet,n.,饮食；节食
differ,v.,不同；有分歧
difference,n.,不同；差异
different,adj.,不同的
difficult,adj.,困难的
difficulty,n.,困难
dig,v.,挖
digest,v.,消化；理解
digest,n.,摘要；文摘
digital,adj.,数字的
dignity,n.,尊严；高贵
dilemma,n.,困境；两难
dimension,n.,尺寸；维度；方面
dinner,n.,晚餐
dinosaur,n.,恐龙
dioxide,n.,二氧化物
dip,v.,浸；蘸
diploma,n.,文凭；毕业证书
direct,adj.,直接的
direct,v.,指导；指向
direction,n.,方向；指导
director,n.,导演；主管
directory,n.,目录；姓名地址录
dirty,adj.,脏的
disability,n.,残疾；无能
disabled,adj.,残疾的
disadvantage,n.,缺点；不利条件
disagree,v.,不同意
disagreement,n.,分歧；不同意
disappear,v.,消失
disappoint,v.,使失望
disappointed,adj.,失望的
disaster,n.,灾难
discount,n.,折扣
discount,v.,打折
discourage,v.,使气馁；阻止
discover,v.,发现
discovery,n.,发现
discrimination,n.,歧视；区别
discuss,v.,讨论
discussion,n.,讨论
disease,n.,疾病
disgusting,adj.,令人恶心的
dish,n.,盘子；菜肴
disk,n.,磁盘；圆盘
dislike,v.,不喜欢；厌恶
dismiss,v.,解雇；解散；驳回
distance,n.,距离
distant,adj.,遥远的
distinction,n.,区别；卓越
distinguish,v.,区分；辨别
distribute,v.,分配；分发
district,n.,地区；区域
disturb,v.,打扰；扰乱
disturbing,adj.,令人不安的
dive,v.,跳水；潜水
diverse,adj.,不同的；多种多样的
divide,v.,分；划分；除
division,n.,分开；部门；除法
divorce,n.,离婚
divorce,v.,离婚
dizzy,adj.,头晕的
do,v.,做；干
do,aux.v.,(构成疑问句和否定句)
doctor,n.,医生；博士
document,n.,文件；文档
dog,n.,狗
doll,n.,洋娃娃
dollar,n.,美元
donate,v.,捐赠
door,n.,门
dormitory,n.,宿舍
dot,n.,点
double,adj.,双倍的；双重的
double,v.,加倍
doubt,n.,怀疑
doubt,v.,怀疑
download,v.,下载
downstairs,adv.,在楼下
downtown,n.,市中心
dozen,n.,一打；十二个
Dr.,n.,医生；博士
draft,n.,草稿；汇票；征兵
drag,v.,拖；拉
draw,v.,画；拉；吸引
drawback,n.,缺点
drawer,n.,抽屉
dream,n.,梦；梦想
dream,v.,做梦；梦想
dress,n.,连衣裙；服装
dress,v.,穿衣
drill,n.,钻子；训练
drill,v.,钻孔；训练
drink,v.,喝
drink,n.,饮料
drive,v.,驾驶；驱赶
drive,n.,驾车；驱动器
driver,n.,司机
drop,v.,掉下；滴下；放弃
drop,n.,滴；下降
drug,n.,药；毒品
drum,n.,鼓
drunk,adj.,喝醉的
dry,adj.,干的；干燥的
dry,v.,弄干
duck,n.,鸭子
due,adj.,到期的；应付的；由于
dull,adj.,沉闷的；迟钝的
dumpling,n.,饺子
dusk,n.,黄昏
dust,n.,灰尘
dustbin,n.,垃圾箱
dusty,adj.,满是灰尘的
duty,n.,责任；义务；税
DVD,n.,影碟；光盘
dynamic,adj.,动态的；有活力的
dynasty,n.,王朝；朝代
each,pron.,每个
each,adj.,每个的
eager,adj.,渴望的；热切的
eagle,n.,鹰
ear,n.,耳朵
early,adj.,早的
early,adv.,早
earn,v.,赚得；赢得
earth,n.,地球；土地
earthquake,n.,地震
east,n.,东方
Easter,n.,复活节
eastern,adj.,东方的
easy,adj.,容易的；舒适的
eat,v.,吃
ecology,n.,生态学
edge,n.,边缘；刀刃
edition,n.,版本
editor,n.,编辑
educate,v.,教育
education,n.,教育
effect,n.,效果；影响
effort,n.,努力
egg,n.,蛋
eggplant,n.,茄子
either,pron.,两者之一
either,conj.,要么
elder,adj.,年长的
elder,n.,长者
elect,v.,选举
electric,adj.,电的
elegant,adj.,优雅的
elephant,n.,大象
e-mail,n.,电子邮件
embarrass,v.,使尴尬
embassy,n.,大使馆
emergency,n.,紧急情况
emperor,n.,皇帝
employ,v.,雇用；使用
empty,adj.,空的
empty,v.,倒空
encourage,v.,鼓励
encouragement,n.,鼓励
end,n.,结尾；末端；目的
end,v.,结束
ending,n.,结局；结尾
endless,adj.,无尽的
energetic,adj.,精力充沛的
energy,n.,能量；精力
engine,n.,引擎；发动机
engineer,n.,工程师
enjoy,v.,享受；喜欢
enjoyable,adj.,令人愉快的
enlarge,v.,扩大；放大
enough,adj.,足够的
enough,adv.,足够地
enquiry,n.,询问
enter,v.,进入
enterprise,n.,企业；事业
entertainment,n.,娱乐
enthusiastic,adj.,热情的；热心的
entire,adj.,整个的；完全的
entrance,n.,入口
entry,n.,进入；入口；条目
envelope,n.,信封
environment,n.,环境
envy,v.,嫉妒；羡慕
equal,adj.,平等的；相等的
equal,v.,等于
equality,n.,平等
equip,v.,装备；配备
equipment,n.,设备；装备
eraser,n.,橡皮擦
error,n.,错误
erupt,v.,爆发
escape,v.,逃跑；逃脱
especially,adv.,特别；尤其
essay,n.,文章；散文
Europe,n.,欧洲
European,adj.,欧洲的
evaluate,v.,评估；评价
even,adv.,甚至；即使
even,adj.,平的；偶数的
evening,n.,晚上
event,n.,事件；大事；项目
eventually,adv.,最终；终于
ever,adv.,曾经；究竟
every,adj.,每个
everyday,adj.,每天的；日常的
everywhere,adv.,到处
evidence,n.,证据
evident,adj.,明显的
evolution,n.,进化；演变
exact,adj.,精确的
exam,n.,考试
examine,v.,检查；审查
example,n.,例子；榜样
excellent,adj.,优秀的；杰出的
exchange,v.,交换
exchange,n.,交换；交易所
excite,v.,使兴奋；激动
excuse,v.,原谅；作为借口
excuse,n.,借口；理由
exercise,n.,锻炼；练习；运动
exercise,v.,锻炼；练习
exhibition,n.,展览
exist,v.,存在
existence,n.,存在
exit,n.,出口
expand,v.,扩大；扩张
expect,v.,期望；预料
expectation,n.,期望；预期
expense,n.,费用；开支
expensive,adj.,昂贵的
experience,n.,经验；经历
experience,v.,经历；体验
experiment,n.,实验
expert,n.,专家
explain,v.,解释；说明
explanation,n.,解释；说明
explicit,adj.,明确的；清楚的
explode,v.,爆炸
explore,v.,探索；探险
export,v.,出口
export,n.,出口；出口商品
expose,v.,暴露；揭露
express,v.,表达
express,adj.,快速的；明确的
expression,n.,表情；表达；措辞
extension,n.,延伸；扩大；电话分机
extra,adj.,额外的
extraordinary,adj.,非凡的；特别的
extreme,adj.,极端的
extreme,n.,极端
eye,n.,眼睛
eyesight,n.,视力
face,n.,脸；面子；表面
face,v.,面对
facial,adj.,面部的
fact,n.,事实
factory,n.,工厂
fade,v.,褪色；逐渐消失
fail,v.,失败；不及格
failure,n.,失败
fair,adj.,公平的；晴朗的；美丽的
fair,n.,集市；博览会
faith,n.,信仰；信任
fall,v.,落下；跌倒；下降
fall,n.,秋天；落下；瀑布
false,adj.,错误的；虚假的
familiar,adj.,熟悉的
family,n.,家庭；家人
famous,adj.,著名的
fan,n.,扇子；迷；粉丝
fancy,v.,想象；喜欢
fancy,adj.,花哨的；昂贵的
fantastic,adj.,极好的；奇妙的
fantasy,n.,幻想
far,adj.,远的
far,adv.,远地
fare,n.,票价；车费
farm,n.,农场
farmer,n.,农民
fast,adj.,快的
fast,adv.,快地
fasten,v.,系紧；扣上
fat,adj.,胖的；肥的
fat,n.,脂肪
father,n.,父亲
fault,n.,错误；缺点；故障
favour,n.,偏爱；善行；赞同
favourite,adj.,最喜欢的
fax,n.,传真
fear,n.,恐惧；害怕
feast,n.,宴会；节日
feather,n.,羽毛
federal,adj.,联邦的
fee,n.,费用
feed,v.,喂养；吃
feel,v.,感觉；觉得；触摸
feeling,n.,感觉；感情
fellow,n.,家伙；同事；伙伴
female,n.,女性；雌性
female,adj.,女性的；雌性的
fence,n.,栅栏；篱笆
ferry,n.,渡船
festival,n.,节日
fetch,v.,取来；拿来
fever,n.,发烧；狂热
few,adj.,很少的
few,pron.,少数
fibre,n.,纤维
fiction,n.,小说；虚构
field,n.,田野；领域；场地
fierce,adj.,凶猛的；激烈的
fight,v.,打架；战斗
fight,n.,打架；战斗
figure,n.,数字；人物；身材；图形
file,n.,文件；档案；锉刀
file,v.,归档；提交
fill,v.,填满；装满
film,n.,电影；胶卷；薄膜
final,adj.,最终的
final,n.,决赛；期末考试
finance,n.,金融；财政
fine,adj.,好的；晴朗的；细的
fine,n.,罚款
find,v.,找到；发现；认为
finger,n.,手指
fingernail,n.,指甲
finish,v.,完成；结束
fire,n.,火；火灾
fire,v.,开火；解雇
firework,n.,烟花
firm,n.,公司
firm,adj.,坚固的；坚定的
fish,n.,鱼
fisherman,n.,渔夫
fist,n.,拳头
fit,adj.,合适的；健康的
fit,v.,适合；安装
fix,v.,修理；固定；安装
flag,n.,旗帜
flame,n.,火焰
flash,n.,闪光
flashlight,n.,手电筒
flat,adj.,平的；单调的
flat,n.,公寓
flee,v.,逃跑
flesh,n.,肉；肉体
flexible,adj.,灵活的；柔韧的
flight,n.,航班；飞行
float,v.,漂浮
flood,n.,洪水
flood,v.,淹没
floor,n.,地板；楼层
flour,n.,面粉
flow,v.,流动
flow,n.,流动
flower,n.,花
flu,n.,流感
fluency,n.,流利；流畅
fluent,adj.,流利的
fly,v.,飞
fly,n.,苍蝇
focus,v.,聚焦；集中
focus,n.,焦点；中心
fog,n.,雾
foggy,adj.,有雾的
fold,v.,折叠
folk,n.,人们；民间
folk,adj.,民间的
follow,v.,跟随；遵循
fond,adj.,喜欢的
food,n.,食物
fool,n.,傻瓜
foolish,adj.,愚蠢的
foot,n.,脚；英尺
football,n.,足球
forbid,v.,禁止
force,n.,力量；武力；军队
force,v.,强迫
forecast,n.,预报；预测
forecast,v.,预报；预测
forehead,n.,前额
foreign,adj.,外国的
foreigner,n.,外国人
foresee,v.,预见
forest,n.,森林
forever,adv.,永远
forget,v.,忘记
forgetful,adj.,健忘的
forgive,v.,原谅
fork,n.,叉子
form,n.,形式；表格；形状
form,v.,形成；组成
format,n.,格式
former,adj.,以前的；前者
fortnight,n.,两星期
fortunate,adj.,幸运的
fortune,n.,财富；运气；命运
forward,adv.,向前
forward,adj.,向前的
foster,v.,培养；养育
found,v.,建立；创立
fountain,n.,喷泉
fox,n.,狐狸
fragile,adj.,易碎的；脆弱的
fragrant,adj.,芳香的
framework,n.,框架；结构
franc,n.,法郎
free,adj.,自由的；免费的
freedom,n.,自由
freeway,n.,高速公路
freeze,v.,结冰；冷冻
freezing,adj.,极冷的
frequent,adj.,频繁的
fresh,adj.,新鲜的
friction,n.,摩擦；矛盾
fridge,n.,冰箱
friend,n.,朋友
friendly,adj.,友好的
friendship,n.,友谊
frighten,v.,使害怕
frog,n.,青蛙
front,n.,前面
frontier,n.,边疆；前沿
frost,n.,霜
fruit,n.,水果
fry,v.,煎；炸
fuel,n.,燃料
full,adj.,满的；完全的
fun,n.,乐趣；玩笑
function,n.,功能；函数；职责
function,v.,运行；起作用
fundamental,adj.,基本的；根本的
funeral,n.,葬礼
funny,adj.,有趣的；好笑的
fur,n.,毛皮
furnished,adj.,配有家具的
furniture,n.,家具
future,n.,未来；将来
gather,v.,聚集；收集
gay,adj.,快乐的；同性恋的
general,adj.,总的；普遍的；大体的
general,n.,将军
generation,n.,一代人；产生
generous,adj.,慷慨的；大方的
gentle,adj.,温柔的；文雅的
gentleman,n.,绅士；先生
geography,n.,地理
geometry,n.,几何学
gesture,n.,手势；姿态
gift,n.,礼物；天赋
gifted,adj.,有天赋的
giraffe,n.,长颈鹿
girl,n.,女孩
glad,adj.,高兴的
glance,v.,瞥一眼
glare,v.,瞪视
glass,n.,玻璃；杯子
globe,n.,地球；地球仪；球体
glory,n.,荣耀；光荣
glove,n.,手套
glue,n.,胶水
goal,n.,目标；球门
goat,n.,山羊
god,n.,神；上帝
gold,n.,黄金
golden,adj.,金色的；宝贵的
golf,n.,高尔夫球
good,adj.,好的
goods,n.,商品；货物
goose,n.,鹅
govern,v.,统治；管理
government,n.,政府
grade,n.,等级；年级；成绩
gradual,adj.,逐渐的
graduate,v.,毕业
graduate,n.,毕业生；研究生
graduation,n.,毕业；毕业典礼
grain,n.,谷物；颗粒
gram,n.,克
grammar,n.,语法
grand,adj.,宏伟的；盛大的
grandchild,n.,孙子(女),外孙(女)
granddaughter,n.,孙女；外孙女
grandmother,n.,祖母；外祖母
grandfather,n.,祖父；外祖父
grandparent,n.,祖父母；外祖父母
grandson,n.,孙子；外孙
granny,n.,奶奶；外婆
grape,n.,葡萄
graph,n.,图表
grasp,v.,抓住；理解
grass,n.,草
grateful,adj.,感激的
gravity,n.,重力；严重性
great,adj.,伟大的；大的；很棒的
greedy,adj.,贪婪的
green,adj.,绿色的
green,n.,绿色
greengrocer,n.,蔬菜水果商
greet,v.,问候；迎接
greeting,n.,问候；祝贺
grey,adj.,灰色的
grill,n.,烤架
grocer,n.,食品杂货商
grocery,n.,食品杂货店
ground,n.,地面；土地；理由
group,n.,组；团体
grow,v.,生长；种植；变得
growth,n.,生长；增长
guarantee,n.,保证
guarantee,v.,保证
guard,v.,守卫；保卫
guard,n.,守卫；警卫
guess,v.,猜测
guest,n.,客人
guidance,n.,指导
guide,n.,向导；指南
guide,v.,引导
guilty,adj.,有罪的；内疚的
guitar,n.,吉他
gun,n.,枪
gym,n.,健身房；体育馆
gymnastics,n.,体操
habit,n.,习惯
hair,n.,头发；毛发
haircut,n.,理发
half,n.,一半
hall,n.,大厅；走廊；会堂
ham,n.,火腿
hamburger,n.,汉堡包
hammer,n.,锤子
handbag,n.,手提包
handful,n.,一把；少数
handkerchief,n.,手帕
handle,n.,把手
handle,v.,处理；操作
handsome,adj.,英俊的
handwriting,n.,笔迹；书法
handy,adj.,方便的；手边的
hang,v.,悬挂；绞死
happen,v.,发生
happiness,n.,幸福；快乐
happy,adj.,快乐的；幸福的
harbor,n.,港口
hard,adj.,硬的；困难的
hard,adv.,努力地
hardly,adv.,几乎不
hardship,n.,困难；困苦
hardworking,adj.,努力工作的
harm,n.,伤害；损害
harm,v.,伤害；损害
harmful,adj.,有害的
harmony,n.,和谐；融洽
harvest,n.,收获
hat,n.,帽子
hatch,n.,舱口
hatch,v.,孵化；策划
hate,v.,憎恨；讨厌
have,v.,有；吃；喝；进行
have,aux.v.,(构成完成时)
head,n.,头；首领
headache,n.,头痛
headline,n.,大字标题
headmaster,n.,校长
headmistress,n.,女校长
health,n.,健康
healthy,adj.,健康的
hear,v.,听到；听说
hearing,n.,听力；听证会
heart,n.,心；心脏；中心
heat,n.,热；热度
heaven,n.,天堂；天空
heavy,adj.,重的；沉重的
heel,n.,脚后跟
height,n.,高度
helicopter,n.,直升机
helmet,n.,头盔
help,v.,帮助
help,n.,帮助
helpful,adj.,有帮助的
hen,n.,母鸡
herb,n.,草药；香草
here,adv.,这里
hero,n.,英雄
hesitate,v.,犹豫
hide,v.,隐藏；躲藏
high,adj.,高的
highway,n.,公路
hill,n.,小山
hire,v.,雇用；租用
history,n.,历史
hit,v.,打；击中
hobby,n.,爱好
hold,v.,拿；持有；举行
hole,n.,洞
holiday,n.,假期；假日
holy,adj.,神圣的
home,n.,家；家乡
homeland,n.,祖国
hometown,n.,家乡
homework,n.,家庭作业
honest,adj.,诚实的
honey,n.,蜂蜜
honour,n.,荣誉；尊敬
hook,n.,钩子
hope,v.,希望
hope,n.,希望
hopeful,adj.,有希望的
hopeless,adj.,绝望的
horrible,adj.,可怕的
horse,n.,马
hospital,n.,医院
host,n.,主人；主持人
hostess,n.,女主人
hot,adj.,热的
hotdog,n.,热狗
hotel,n.,酒店；旅馆
hour,n.,小时
house,n.,房子
housewife,n.,家庭主妇
housework,n.,家务
howl,v.,嚎叫
hug,v.,拥抱
huge,adj.,巨大的
human,adj.,人的；人类的
human,n.,人
humorous,adj.,幽默的
humour,n.,幽默
hunger,n.,饥饿；渴望
hungry,adj.,饥饿的
hunt,v.,打猎；搜寻
hunter,n.,猎人
hurricane,n.,飓风
hurry,v.,匆忙
hurt,v.,伤害；使疼痛
husband,n.,丈夫
hydrogen,n.,氢
ice,n.,冰
ice-cream,n.,冰淇淋
idea,n.,主意；想法；概念
identification,n.,身份证明；识别
identity,n.,身份；特性
idiom,n.,成语；习语
ignore,v.,忽略；不理睬
ill,adj.,生病的；坏的
illegal,adj.,非法的
illness,n.,疾病
imagine,v.,想象
immediately,adv.,立即；马上
immigration,n.,移民
import,v.,进口；输入
import,n.,进口；进口商品
importance,n.,重要性
important,adj.,重要的
impossible,adj.,不可能的
impress,v.,使印象深刻
impression,n.,印象
improve,v.,改善；提高
inch,n.,英寸
incident,n.,事件
include,v.,包括；包含
income,n.,收入
increase,v.,增加
increase,n.,增加
indeed,adv.,的确；确实
independence,n.,独立
independent,adj.,独立的
indicate,v.,表明；指出
industry,n.,工业；产业；勤奋
influence,n.,影响
influence,v.,影响
inform,v.,通知；告知
information,n.,信息；资料
initial,adj.,最初的
initial,n.,首字母
injure,v.,伤害
injury,n.,伤害；损伤
ink,n.,墨水
inn,n.,小旅馆；客栈
innocent,adj.,无辜的；天真的
insect,n.,昆虫
insert,v.,插入
insist,v.,坚持
inspect,v.,检查；视察
inspire,v.,激励；鼓舞；赋予灵感
instant,adj.,立即的；即食的
instead,adv.,代替；反而
institute,n.,学院；协会
institution,n.,机构；制度
instruct,v.,指示；教导
instruction,n.,指示；说明
instrument,n.,仪器；工具；乐器
insurance,n.,保险
insure,v.,投保；确保
intelligence,n.,智力；情报
intend,v.,打算；意图
intention,n.,意图；目的
interest,n.,兴趣；利益；利息
interesting,adj.,有趣的
international,adj.,国际的
Internet,n.,互联网
interpreter,n.,口译员
interrupt,v.,打断；中断
interval,n.,间隔；间歇
interview,n.,面试；采访
introduce,v.,介绍；引进
introduction,n.,介绍；引言
invent,v.,发明
invention,n.,发明
invitation,n.,邀请；请柬
invite,v.,邀请
iron,n.,铁；熨斗
irrigation,n.,灌溉
is,aux.v.,是
island,n.,岛屿
jacket,n.,夹克
jam,n.,果酱；拥堵
jar,n.,罐子
jaw,n.,下巴；颌
jazz,n.,爵士乐
jeans,n.,牛仔裤
jeep,n.,吉普车
jet,n.,喷气式飞机；喷射
jewellery,n.,珠宝
job,n.,工作；职业
jog,v.,慢跑
join,v.,加入；连接
joke,n.,笑话
joke,v.,开玩笑
journalist,n.,记者
journey,n.,旅行；旅程
joy,n.,快乐；喜悦
judge,n.,法官；裁判
judge,v.,判断；审判
judgement,n.,判断；审判
juice,n.,果汁；汁液
jump,v.,跳
jungle,n.,丛林
junior,adj.,年少的；下级的
just,adv.,只是；刚才；正好
justice,n.,公正；司法
kangaroo,n.,袋鼠
keep,v.,保持；保留；遵守
kettle,n.,水壶
key,n.,钥匙；关键
keyboard,n.,键盘
kick,v.,踢
kid,n.,小孩；小山羊
kid,v.,开玩笑；欺骗
kill,v.,杀
kilo,n.,千克
kilogram,n.,千克；公斤
kilometer,n.,千米；公里
kind,n.,种类
kind,adj.,善良的；亲切的
kindergarten,n.,幼儿园
kindness,n.,善良；好意
king,n.,国王
kingdom,n.,王国
kiss,v.,吻
kitchen,n.,厨房
kite,n.,风筝
knee,n.,膝盖
knife,n.,刀
knock,v.,敲；击
know,v.,知道；认识
knowledge,n.,知识；学问
lab,n.,实验室
large,adj.,大的
last,adj.,最后的；上一个
last,v.,持续
late,adj.,晚的；迟的
late,adv.,晚；迟
latter,adj.,后者的
laugh,v.,笑
laughter,n.,笑声
laundry,n.,洗衣店；要洗的衣物
law,n.,法律
lawyer,n.,律师
lay,v.,放；下蛋
lazy,adj.,懒惰的
lead,v.,领导；带领；导致
lead,n.,铅；领先
leader,n.,领导者
leaf,n.,叶子
league,n.,联盟
leak,v.,泄漏
learn,v.,学习；得知
least,adj.,最少的
least,adv.,最少
leather,n.,皮革
leave,v.,离开；留下
lecture,n.,演讲；讲座
left,adj.,左边的
left,n.,左边
leg,n.,腿
legal,adj.,法律的；合法的
lemon,n.,柠檬
lemonade,n.,柠檬水
lend,v.,借出
length,n.,长度
lesson,n.,课；教训
let,v.,让；允许
letter,n.,信；字母
level,n.,水平；水平面
liberation,n.,解放
liberty,n.,自由
librarian,n.,图书管理员
library,n.,图书馆
license,n.,执照；许可证
lid,n.,盖子
lie,v.,躺；位于；说谎
lie,n.,谎言
life,n.,生活；生命；人生
lift,v.,举起；提起
lift,n.,电梯
light,n.,光；灯
light,adj.,轻的；浅色的
lightning,n.,闪电
like,v.,喜欢
like,prep.,像
likely,adj.,可能的
limit,n.,限制；限度
limit,v.,限制
line,n.,线；排；行；路线
link,v.,连接；联系
link,n.,联系；环节
lion,n.,狮子
lip,n.,嘴唇
liquid,n.,液体
list,n.,清单；列表
list,v.,列出
listen,v.,听
literary,adj.,文学的
literature,n.,文学
litre,n.,升
litter,n.,垃圾
little,adj.,小的；少的
live,v.,生活；居住
live,adj.,活的；现场直播的
lively,adj.,活泼的；生机勃勃的
load,n.,负荷；装载量
loaf,n.,一条(面包)
local,adj.,当地的；局部的
lock,v.,锁上
lock,n.,锁
lonely,adj.,孤独的；寂寞的
long,adj.,长的
long,v.,渴望
loose,adj.,松的
lorry,n.,卡车
lose,v.,失去；输掉
loss,n.,损失；失去
lot,n.,大量；许多
loud,adj.,大声的
lounge,n.,休息室
love,v.,爱；喜欢
love,n.,爱；爱情
lovely,adj.,可爱的；美丽的
low,adj.,低的
luck,n.,运气
lucky,adj.,幸运的
luggage,n.,行李
lunch,n.,午餐
lung,n.,肺
machine,n.,机器
mad,adj.,疯狂的；生气的
madam,n.,女士；夫人
madame,n.,夫人；女士
magazine,n.,杂志
magic,n.,魔法；魔术
maid,n.,女仆
mail,n.,邮件
mailbox,n.,邮箱
main,adj.,主要的
mainland,n.,大陆；本土
major,adj.,主要的；重大的
major,n.,专业；少校
majority,n.,大多数
male,adj.,男性的；雄性的
male,n.,男性；雄性
man,n.,男人；人
manage,v.,管理；设法做到
manager,n.,经理
mankind,n.,人类
manner,n.,方式；态度；礼貌
many,adj.,许多的
map,n.,地图
maple,n.,枫树
marathon,n.,马拉松
marble,n.,大理石；弹珠
march,n.,三月
mark,n.,标记；分数
mark,v.,标记；打分
market,n.,市场
marriage,n.,婚姻
marry,v.,结婚
mask,n.,面具；口罩
mass,n.,大量；群众；质量
master,n.,主人；大师；硕士
master,v.,精通
mat,n.,垫子
match,n.,比赛；火柴；对手
match,v.,匹配；相配
material,n.,材料；原料；资料
mathematics,n.,数学
matter,n.,事情；物质
matter,v.,要紧
mature,adj.,成熟的
maximum,n.,最大值
may,aux.v.,可以；可能
maybe,adv.,也许；可能
meal,n.,一餐；饭
mean,v.,意思是；打算
mean,adj.,吝啬的；刻薄的；平均的
meaning,n.,意义；含义
means,n.,方法；手段；财产
meanwhile,adv.,同时
measure,v.,测量
measure,n.,措施；测量
meat,n.,肉
medal,n.,奖章
media,n.,媒体
medical,adj.,医学的
medicine,n.,药；医学
medium,n.,媒介；中间
meet,v.,遇见；会面；满足
meeting,n.,会议
melon,n.,瓜
member,n.,成员；会员
memorial,n.,纪念碑；纪念馆
memory,n.,记忆；内存
mend,v.,修理；修补
mental,adj.,精神的；心理的
mention,v.,提到
menu,n.,菜单
merchant,n.,商人
merciful,adj.,仁慈的
mercy,n.,仁慈；怜悯
merely,adv.,仅仅；只不过
merry,adj.,愉快的
mess,n.,混乱；脏乱
message,n.,信息；消息
messy,adj.,凌乱的；脏乱的
metal,n.,金属
method,n.,方法
metre,n.,米
microscope,n.,显微镜
microwave,n.,微波炉
middle,n.,中间
midnight,n.,午夜
might,aux.v.,可能；也许
mild,adj.,温和的
mile,n.,英里
milk,n.,牛奶
millionaire,n.,百万富翁
mind,n.,头脑；思想；介意
mine,pron.,我的
mine,n.,矿；地雷
mineral,n.,矿物
minibus,n.,小巴；面包车
minimum,n.,最小值
minister,n.,部长；牧师
ministry,n.,(政府的)部
minority,n.,少数；少数民族
minus,prep.,减
minute,n.,分钟
mirror,n.,镜子
miss,v.,想念；错过
missile,n.,导弹
mist,n.,薄雾
mistake,n.,错误
mistaken,adj.,错误的
mix,v.,混合
mixture,n.,混合物
mobile,adj.,可移动的
model,n.,模型；模特；榜样
modem,n.,调制解调器
modern,adj.,现代的
motivation,n.,动机
motor,n.,发动机；马达
motorcycle,n.,摩托车
motto,n.,座右铭
mountain,n.,山
mountainous,adj.,多山的
mourn,v.,哀悼
mouse,n.,老鼠；鼠标
moustache,n.,胡子
mouth,n.,嘴
move,v.,移动；搬家；感动
movement,n.,运动；活动
movie,n.,电影
Mr.,n.,先生
Mrs.,n.,夫人；太太
Ms.,n.,女士
modest,adj.,谦虚的；适度的
mom,n.,妈妈
mum,n.,妈妈
moment,n.,片刻；瞬间
mommy,n.,妈妈
mummy,n.,妈妈；木乃伊
money,n.,钱
monitor,n.,显示器；监视器
monitor,v.,监控
monkey,n.,猴子
month,n.,月份
monument,n.,纪念碑
moon,n.,月亮
mop,n.,拖把
moral,adj.,道德的
more,adv.,更；更多
morning,n.,早晨
Moslem,n.,穆斯林
mosquito,n.,蚊子
most,adv.,最
mother,n.,母亲
motherland,n.,祖国
much,adv.,非常
much,adj.,许多的
mud,n.,泥
muddy,adj.,泥泞的
multiply,v.,乘以；增加
murder,v.,谋杀
museum,n.,博物馆
mushroom,n.,蘑菇
music,n.,音乐
musical,adj.,音乐的
musical,n.,音乐剧
musician,n.,音乐家
mustard,n.,芥末
mutton,n.,羊肉
nail,n.,指甲；钉子
name,n.,名字
narrow,adj.,窄的
nation,n.,国家；民族
national,adj.,国家的；民族的
nationality,n.,国籍
nationwide,adj.,全国性的
native,adj.,本地的；天生的
natural,adj.,自然的
nature,n.,自然；本性
navy,n.,海军
near,prep.,靠近
nearby,adj.,附近的
nearly,adv.,几乎
neat,adj.,整洁的
necessary,adj.,必要的
neck,n.,脖子
necklace,n.,项链
need,v.,需要
needle,n.,针
negotiate,v.,谈判；协商
neighbour,n.,邻居
neighbourhood,n.,社区；邻近地区
neither,pron.,两者都不
nephew,n.,侄子；外甥
nervous,adj.,紧张的
nest,n.,巢；窝
net,n.,网
network,n.,网络
never,adv.,从不
new,adj.,新的
news,n.,新闻
newspaper,n.,报纸
next,adj.,下一个
nice,adj.,好的；令人愉快的
niece,n.,侄女；外甥女
night,n.,夜晚
no,adv.,不
no,adj.,没有
noble,adj.,高尚的；贵族的
nod,v.,点头
noise,n.,噪音
noisy,adj.,吵闹的
noodle,n.,面条
noon,n.,中午
normal,adj.,正常的
north,n.,北方
northeast,n.,东北
northern,adj.,北方的
northwest,n.,西北
nose,n.,鼻子
note,n.,笔记；便条；音符；纸币
notebook,n.,笔记本
notice,v.,注意到
notice,n.,通知；注意
novel,n.,小说
novelist,n.,小说家
now,adv.,现在
nowadays,adv.,如今；现在
nowhere,adv.,无处
nuclear,adj.,核的
numb,adj.,麻木的
number,n.,数字；号码
nurse,n.,护士
nursery,n.,托儿所；苗圃
nut,n.,坚果；螺母
nutrition,n.,营养
obey,v.,服从
object,n.,物体；目标；宾语
object,v.,反对
observe,v.,观察；遵守；评论
obtain,v.,获得
obvious,adj.,明显的
occupation,n.,职业；占领
occupy,v.,占据；占用
occur,v.,发生
ocean,n.,海洋
Oceania,n.,大洋洲
o'clock,adv.,…点钟
offence,n.,犯罪；冒犯
offer,v.,提供；提议
office,n.,办公室
officer,n.,官员；军官
official,adj.,官方的；正式的
offshore,adj.,离岸的
often,adv.,经常
oil,n.,油；石油
oilfield,n.,油田
old,adj.,老的；旧的
Olympic,adj.,奥林匹克的
once,adv.,一次；曾经
onion,n.,洋葱
only,adv.,只有；仅仅
only,adj.,唯一的
open,v.,打开
open,adj.,开着的；开放的
opening,n.,开幕；开始；空缺
opera,n.,歌剧
operate,v.,操作；手术；运营
operation,n.,操作；手术；运营
operator,n.,操作员；接线员
opinion,n.,意见；看法
oppose,v.,反对
opposite,adj.,相反的；对面的
optimistic,adj.,乐观的
optional,adj.,可选择的
oral,adj.,口头的
orange,n.,橙子；橙色
orbit,n.,轨道
order,n.,命令；顺序；订单
order,v.,命令；订购
ordinary,adj.,普通的
organ,n.,器官；风琴
organize,v.,组织
organization,n.,组织；机构
origin,n.,起源；来源
other,adj.,其他的
otherwise,adv.,否则
ought,aux.v.,应该
outcome,n.,结果
outdoors,adv.,在户外
outer,adj.,外部的
outgoing,adj.,外向的；即将离职的
outing,n.,郊游
outline,n.,大纲；轮廓
output,n.,输出；产量
outside,n.,外面
outspoken,adj.,坦率的
outstanding,adj.,杰出的；未解决的
outward,adj.,向外的；外表的
outwards,adv.,向外
oval,adj.,椭圆形的
overcoat,n.,大衣
overcome,v.,克服
overhead,adv.,在头顶上
overlook,v.,俯瞰；忽略
overweight,adj.,超重的
owe,v.,欠
own,adj.,自己的
own,v.,拥有
owner,n.,主人；所有者
ownership,n.,所有权
ox,n.,牛
oxygen,n.,氧气
pace,n.,步速；节奏
Pacific,n.,太平洋
pack,v.,打包
package,n.,包裹
packet,n.,小包
paddle,n.,桨
page,n.,页
pain,n.,疼痛
paint,v.,画画；油漆
painter,n.,画家；油漆工
painting,n.,绘画；油画
pair,n.,一对；一双
palace,n.,宫殿
pale,adj.,苍白的
pan,n.,平底锅
pancake,n.,薄饼
panda,n.,熊猫
panic,n.,恐慌
paper,n.,纸；报纸；论文
paperwork,n.,文书工作
paragraph,n.,段落
parallel,adj.,平行的
parcel,n.,包裹
pardon,v.,原谅
parent,n.,父母
park,n.,公园
park,v.,停车
parking,n.,停车
parrot,n.,鹦鹉
part,n.,部分；角色
participate,v.,参加
particular,adj.,特别的；特定的
partly,adv.,部分地
partner,n.,伙伴；搭档
part-time,adj.,兼职的
party,n.,派对；聚会；政党
pass,v.,通过；经过；传递
passage,n.,通道；走廊；段落
passenger,n.,乘客
passer-by,n.,路人
passive,adj.,被动的
passport,n.,护照
past,prep.,经过
past,n.,过去
patent,n.,专利
path,n.,小路；路径
patience,n.,耐心
patient,n.,病人
patient,adj.,有耐心的
pattern,n.,图案；模式
pause,v.,暂停
pavement,n.,人行道
pay,v.,支付
pea,n.,豌豆
peace,n.,和平
peaceful,adj.,和平的；平静的
peach,n.,桃子
pear,n.,梨
pedestrian,n.,行人
pen,n.,笔
pence,n.,便士(复数)
pencil,n.,铅笔
penny,n.,便士
pension,n.,养老金
people,n.,人们；人民
pepper,n.,胡椒；辣椒
per,prep.,每
percent,n.,百分之…
percentage,n.,百分比
perfect,adj.,完美的
perform,v.,表演；执行
performance,n.,表演；表现；性能
performer,n.,表演者
perfume,n.,香水
perhaps,adv.,也许
period,n.,时期；周期；句号
permanent,adj.,永久的
permission,n.,许可
permit,v.,允许
place,n.,地方
plain,adj.,朴素的；简单的；清楚的
plain,n.,平原
plan,n.,计划
plan,v.,计划
plane,n.,飞机；平面
planet,n.,行星
plant,n.,植物；工厂
plant,v.,种植
plastic,n.,塑料
plate,n.,盘子；金属板
platform,n.,平台；站台；月台
play,v.,玩；比赛；扮演；演奏
play,n.,戏剧；游戏
playground,n.,操场；游乐场
pleasant,adj.,令人愉快的
please,int.,请
pleased,adj.,高兴的；满意的
pleasure,n.,快乐；荣幸
plenty,n.,大量；充足
plot,n.,情节；阴谋
plug,n.,插头；塞子
plus,prep.,加
pocket,n.,口袋
poem,n.,诗
poet,n.,诗人
point,n.,点；要点；分数
point,v.,指向
poison,n.,毒药
poisonous,adj.,有毒的
polish,v.,擦亮
polish,n.,上光剂
polite,adj.,有礼貌的
political,adj.,政治的
politician,n.,政治家
politics,n.,政治
pole,n.,杆；极
police,n.,警察
policeman,n.,警察
policy,n.,政策
pollute,v.,污染
pollution,n.,污染
pond,n.,池塘
pool,n.,水池；游泳池
poor,adj.,贫穷的；可怜的
popcorn,n.,爆米花
popular,adj.,流行的；受欢迎的
population,n.,人口
pork,n.,猪肉
porridge,n.,粥
port,n.,港口
portable,adj.,便携的
porter,n.,行李员；门房
position,n.,位置；职位；姿势
positive,adj.,积极的；肯定的；阳性的
possess,v.,拥有
possession,n.,拥有；财产
possibility,n.,可能性
possible,adj.,可能的
post,n.,邮政；职位；柱子
post,v.,邮寄；张贴
postage,n.,邮资
postcard,n.,明信片
postcode,n.,邮政编码
poster,n.,海报
postman,n.,邮递员
postpone,v.,推迟
pot,n.,锅；壶；盆
potato,n.,土豆；马铃薯
potential,adj.,潜在的
pound,n.,磅；英镑
pour,v.,倒；倾泻
powder,n.,粉末
power,n.,力量；权力；电力
powerful,adj.,强大的；有力的
practical,adj.,实际的；实用的
practice,n.,练习；实践；惯例
practise,v.,练习；实践
praise,v.,赞扬
pray,v.,祈祷
prayer,n.,祈祷
precious,adj.,珍贵的
precise,adj.,精确的
predict,v.,预测
prefer,v.,更喜欢
preference,n.,偏爱；优先权
pregnant,adj.,怀孕的
prejudice,n.,偏见
premier,n.,总理；首相
preparation,n.,准备
prepare,v.,准备
prescription,n.,处方
present,n.,礼物；现在
present,v.,呈现；赠送；介绍
present,adj.,出席的；现在的
presentation,n.,展示；演讲
preserve,v.,保存；保护
president,n.,总统；校长；董事长
press,n.,报刊；新闻界；按
press,v.,按；压；催促
pressure,n.,压力
pretend,v.,假装
pretty,adj.,漂亮的
prevent,v.,预防；阻止
preview,n.,预习；预告；试映
previous,adj.,以前的
price,n.,价格
pride,n.,骄傲；自豪
primary,adj.,主要的；初级的
primitive,adj.,原始的
principle,n.,原则；原理
print,v.,打印；印刷
prison,n.,监狱
prisoner,n.,囚犯
private,adj.,私人的；私立的
privilege,n.,特权
prize,n.,奖品
probably,adv.,很可能；大概
problem,n.,问题
procedure,n.,程序；步骤
process,n.,过程；工序
produce,v.,生产；产生
product,n.,产品
production,n.,生产；产品
profession,n.,职业
professor,n.,教授
profit,n.,利润；利益
programme,n.,节目；计划；程序
progress,n.,进步；进展
prohibit,v.,禁止
project,n.,项目；工程
promise,v.,承诺；保证
promise,n.,承诺；希望
promote,v.,促进；提升；推销
pronounce,v.,发音
pronunciation,n.,发音
proper,adj.,适当的；正确的
properly,adv.,适当地；正确地
protect,v.,保护
protection,n.,保护
proud,adj.,骄傲的；自豪的
prove,v.,证明
provide,v.,提供
province,n.,省
psychology,n.,心理学
pub,n.,酒吧
public,adj.,公共的；公众的
publish,v.,出版；发表
pull,v.,拉；拖
pulse,n.,脉搏；脉冲
pump,n.,泵
punctual,adj.,准时的
punctuation,n.,标点符号
punish,v.,惩罚
punishment,n.,惩罚
pupil,n.,学生；瞳孔
purchase,v.,购买
pure,adj.,纯的；纯粹的
purple,n.,紫色
purpose,n.,目的
purse,n.,钱包
push,v.,推
puzzle,n.,谜题；难题
pyramid,n.,金字塔
quake,v.,震动；颤抖
qualification,n.,资格；资历
quality,n.,质量；品质
quantity,n.,数量
quarrel,v.,吵架
quarter,n.,四分之一；一刻钟
queen,n.,女王；王后
question,n.,问题
questionnaire,n.,问卷
queue,n.,队列
queue,v.,排队
quick,adj.,快的
quiet,adj.,安静的
quilt,n.,被子
quit,v.,退出；放弃；辞职
quite,adv.,相当；完全
quiz,n.,小测验
rabbit,n.,兔子
race,n.,比赛；种族
racial,adj.,种族的
radiation,n.,辐射
radio,n.,收音机；无线电
radioactive,adj.,放射性的
radium,n.,镭
rag,n.,破布
rail,n.,栏杆；铁轨
railway,n.,铁路
rain,n.,雨
rain,v.,下雨
rainbow,n.,彩虹
raincoat,n.,雨衣
rainfall,n.,降雨量
rainy,adj.,下雨的
raise,v.,举起；提高；抚养；筹集
random,adj.,随机的
range,n.,范围；山脉
rank,n.,等级；军衔
rapid,adj.,快速的
rare,adj.,稀有的
rat,n.,老鼠
rate,n.,比率；速度；价格
rather,adv.,宁愿；相当
raw,adj.,生的；未加工的
ray,n.,光线
razor,n.,剃刀
reach,v.,到达；达到
react,v.,反应
read,v.,读；阅读
reading,n.,阅读；读物
ready,adj.,准备好的
real,adj.,真实的；真正的
realize,v.,意识到；实现
reality,n.,现实
really,adv.,真的；实际上
reason,n.,原因；理由
reasonable,adj.,合理的
rebuild,v.,重建
receipt,n.,收据
receive,v.,收到；接待
receiver,n.,接收器；听筒
recent,adj.,最近的
reception,n.,接待；招待会；接收
receptionist,n.,接待员
recipe,n.,食谱；秘诀
recite,v.,背诵
recognize,v.,认出；承认
recommend,v.,推荐
record,n.,记录；唱片；纪录
record,v.,记录；录音
recorder,n.,录音机；记录器
recover,v.,恢复；找回
recreation,n.,娱乐；消遣
rectangle,n.,矩形
recycle,v.,回收利用
red,adj.,红色的
reduce,v.,减少；降低
refer,v.,参考；提到；涉及
referee,n.,裁判
reference,n.,参考；参照；推荐信
reflect,v.,反射；反映；反思
reform,v.,改革
refresh,v.,使清新；使恢复
refrigerator,n.,冰箱
refuse,v.,拒绝
regard,v.,认为；看待；尊重
regardless,adv.,不管怎样
register,v.,注册；登记
regret,v.,后悔；遗憾
regular,adj.,定期的；有规律的
regulation,n.,规定；规则
reject,v.,拒绝
relate,v.,联系；涉及
relation,n.,关系；亲属
relationship,n.,关系
relative,n.,亲戚
relative,adj.,相对的
relax,v.,放松
relay,n.,接力赛
relay,v.,转播
relevant,adj.,相关的
reliable,adj.,可靠的
relief,n.,减轻；安慰；救济
religion,n.,宗教
religious,adj.,宗教的；虔诚的
rely,v.,依靠；信赖
remain,v.,保持；剩下
remark,n.,评论；言辞
remember,v.,记得
remind,v.,提醒
remote,adj.,遥远的
remove,v.,移除；去掉
rent,v.,租用
rent,n.,租金
repair,v.,修理
repeat,v.,重复
replace,v.,代替；替换
reply,v.,回答；回复
report,n.,报告
report,v.,报告；报道
reporter,n.,记者
represent,v.,代表；表示
representative,n.,代表
republic,n.,共和国
reputation,n.,名誉；声望
request,v.,请求
require,v.,要求；需要
requirement,n.,要求；必要条件
rescue,v.,营救
research,n.,研究；调查
resemble,v.,像；类似
reservation,n.,预订；保留
reserve,v.,保留；预订
resign,v.,辞职
resist,v.,抵抗；抵制
respect,v.,尊敬；尊重
respond,v.,回答；回应
responsibility,n.,责任
rest,n.,休息；剩余部分
rest,v.,休息
restaurant,n.,餐厅；餐馆
restriction,n.,限制
result,n.,结果
retell,v.,复述
retire,v.,退休
return,v.,返回；归还
review,v.,复习；回顾；评论
revision,n.,修订；复习
revolution,n.,革命
reward,n.,奖励；报酬
rewind,v.,倒带
rhyme,n.,韵；押韵
rice,n.,米；米饭
rich,adj.,富有的
rid,v.,摆脱
riddle,n.,谜语
ride,v.,骑；乘坐
ridiculous,adj.,可笑的；荒谬的
right,adj.,正确的；右边的
right,n.,权利；右边
rigid,adj.,严格的；僵硬的
ring,n.,戒指；环；铃声
ring,v.,按铃；打电话
ripe,adj.,成熟的
ripen,v.,成熟
rise,v.,上升；升起；起床
risk,n.,风险；危险
river,n.,河流
road,n.,路
roast,v.,烤
rob,v.,抢劫
robot,n.,机器人
rock,n.,岩石；摇滚乐
rocket,n.,火箭
role,n.,角色
roll,v.,滚动
roof,n.,屋顶
room,n.,房间；空间
rooster,n.,公鸡
root,n.,根
rope,n.,绳子
rose,n.,玫瑰
rot,v.,腐烂
rough,adj.,粗糙的；崎岖的；粗略的
round,adj.,圆的
round,prep.,围绕
roundabout,n.,环形交叉路口
routine,n.,常规；例行公事
row,n.,一排；一行
row,v.,划船
royal,adj.,皇家的
rubber,n.,橡胶；橡皮
rubbish,n.,垃圾
rude,adj.,粗鲁的；无礼的
rugby,n.,橄榄球
ruin,v.,毁坏
rule,n.,规则；统治
ruler,n.,统治者；尺子
run,v.,跑；经营
rush,v.,冲；匆忙
sacred,adj.,神圣的
sacrifice,v.,牺牲
sad,adj.,悲伤的
sadness,n.,悲伤
safe,adj.,安全的
safe,n.,保险箱
safety,n.,安全
sail,v.,航行
sailor,n.,水手
salad,n.,沙拉
salary,n.,薪水
sale,n.,销售；特价
salesgirl,n.,女售货员
salesman,n.,男售货员
saleswoman,n.,女售货员
salt,n.,盐
salty,adj.,咸的
salute,v.,敬礼
same,adj.,相同的
sand,n.,沙子
sandwich,n.,三明治
satellite,n.,卫星
satisfaction,n.,满意
satisfy,v.,使满意
saucer,n.,茶托；碟子
sausage,n.,香肠
save,v.,救；节省；保存
say,v.,说
saying,n.,谚语；格言
scan,v.,扫描；浏览
scar,n.,伤疤
scare,v.,惊吓
scarf,n.,围巾
scene,n.,场景；景色
scenery,n.,风景
sceptical,adj.,怀疑的
schedule,n.,时间表；计划
scholar,n.,学者
scholarship,n.,奖学金；学问
school,n.,学校
schoolbag,n.,书包
schoolboy,n.,男学生
schoolgirl,n.,女学生
schoolmate,n.,同学
science,n.,科学
scientist,n.,科学家
scientific,adj.,科学的
scissors,n.,剪刀
scold,v.,责骂
score,n.,分数
scratch,v.,抓；刮
scream,v.,尖叫
screen,n.,屏幕；屏风
sculpture,n.,雕塑
sea,n.,海
seagull,n.,海鸥
seal,n.,海豹；印章；密封
search,v.,搜索；搜寻
seashell,n.,贝壳
seaside,n.,海边
season,n.,季节
seat,n.,座位
seaweed,n.,海藻
second,n.,秒；第二
secret,n.,秘密
secretary,n.,秘书
section,n.,部分；部门
secure,adj.,安全的
security,n.,安全；保障
see,v.,看见；明白
seed,n.,种子
seek,v.,寻找；寻求
seem,v.,似乎；好像
seize,v.,抓住
seldom,adv.,很少
select,v.,选择
self,n.,自己；自我
selfish,adj.,自私的
sell,v.,卖
semicircle,n.,半圆
seminar,n.,研讨会
send,v.,发送；寄
senior,adj.,年长的；高级的
sense,n.,感觉；意识
sensitive,adj.,敏感的
sentence,n.,句子；判决
separate,v.,分开
separate,adj.,分开的；单独的
separation,n.,分离
serious,adj.,严肃的；严重的
servant,n.,仆人
serve,v.,服务；上菜；服役
service,n.,服务
session,n.,会议；一段时间
settle,v.,定居；解决
settlement,n.,定居点；解决
settler,n.,移居者
several,adj.,几个
severe,adj.,严重的；严厉的
sew,v.,缝
sex,n.,性别；性
shabby,adj.,破旧的
shade,n.,阴凉处；色度
shadow,n.,影子
shake,v.,摇动；发抖
shall,aux.v.,将要
shallow,adj.,浅的
shame,n.,羞耻；遗憾
shape,n.,形状
share,v.,分享；分担
shark,n.,鲨鱼
sharp,adj.,锋利的；敏锐的
sharpen,v.,削尖；磨快
sharpener,n.,卷笔刀；磨具
shave,v.,刮胡子
shaver,n.,剃须刀
sheep,n.,羊
sheet,n.,床单；一张(纸)
shelf,n.,架子
shelter,n.,避难所；庇护
shine,v.,照耀；发光
ship,n.,船
shirt,n.,衬衫
shock,n.,震惊；休克
shoe,n.,鞋
shoot,v.,射击；拍摄
shop,n.,商店
shopkeeper,n.,店主
shopping,n.,购物
shore,n.,岸
short,adj.,短的；矮的
shortcoming,n.,缺点
shortly,adv.,不久
shorts,n.,短裤
shot,n.,射击；一发(子弹)
should,aux.v.,应该
shoulder,n.,肩膀
shout,v.,喊
show,v.,展示；表演
shower,n.,淋浴；阵雨
shrink,v.,收缩；畏缩
shut,v.,关闭
shuttle,n.,穿梭巴士；航天飞机
shy,adj.,害羞的
sick,adj.,生病的；恶心的
sickness,n.,疾病
side,n.,边；面；一方
sidewalk,n.,人行道
sideways,adv.,向旁边
sigh,v.,叹气
sight,n.,视力；景象
sightseeing,n.,观光
signal,n.,信号
signature,n.,签名
significance,n.,重要性；意义
silence,n.,沉默；寂静
silent,adj.,沉默的；寂静的
silk,n.,丝绸
silly,adj.,愚蠢的
silver,n.,银
similar,adj.,相似的
simple,adj.,简单的
simplify,v.,简化
since,prep.,自从
since,conj.,因为；既然
sincerely,adv.,真诚地
sing,v.,唱歌
single,adj.,单一的；单身的
sink,v.,下沉
sir,n.,先生
sister,n.,姐妹
sit,v.,坐
situation,n.,情况；形势
size,n.,尺寸；大小
skate,v.,滑冰
skateboard,n.,滑板
ski,v.,滑雪
skilful,adj.,熟练的
skill,n.,技能；技巧
skin,n.,皮肤
skip,v.,跳过；跳跃
skirt,n.,裙子
sky,n.,天空
skyscraper,n.,摩天大楼
slave,n.,奴隶
slavery,n.,奴隶制
sleep,v.,睡觉
sleepy,adj.,困的
sleeve,n.,袖子
slice,n.,片
slide,v.,滑动
slight,adj.,轻微的
slim,adj.,苗条的
slip,v.,滑倒
slow,adj.,慢的
small,adj.,小的
smart,adj.,聪明的；时髦的
smell,v.,闻
smell,n.,气味
smile,v.,微笑
smog,n.,烟雾
smoke,v.,吸烟
smoke,n.,烟
smoker,n.,吸烟者
smooth,adj.,光滑的；平稳的
snake,n.,蛇
sneaker,n.,运动鞋
sneeze,v.,打喷嚏
sniff,v.,嗅；闻
snow,n.,雪
snowy,adj.,下雪的
so,adv.,如此；所以
soap,n.,肥皂
sob,v.,啜泣
soccer,n.,足球
social,adj.,社会的；社交的
socialism,n.,社会主义
socialist,n.,社会主义者
society,n.,社会
sock,n.,短袜
socket,n.,插座
sofa,n.,沙发
soft,adj.,软的；温柔的
software,n.,软件
soil,n.,土壤
solar,adj.,太阳的
soldier,n.,士兵
solid,adj.,固体的；坚固的
somehow,adv.,不知何故
sometimes,adv.,有时
somewhere,adv.,在某处
son,n.,儿子
song,n.,歌曲
soon,adv.,很快
sorrow,n.,悲伤
sorry,adj.,对不起的；抱歉的
sort,n.,种类
soul,n.,灵魂；心灵
sound,n.,声音
sound,adj.,健康的；合理的
soup,n.,汤
sour,adj.,酸的
south,n.,南方
southeast,n.,东南
southern,adj.,南方的
southwest,n.,西南
souvenir,n.,纪念品
sow,v.,播种
space,n.,空间；太空
spaceship,n.,宇宙飞船
spade,n.,铲子
spare,adj.,备用的；多余的
sparrow,n.,麻雀
speak,v.,说；讲
speaker,n.,演讲者；扬声器
spear,n.,矛
special,adj.,特别的
specialist,n.,专家
specific,adj.,特定的；具体的
speech,n.,演讲；言语
speed,n.,速度
spell,v.,拼写
spelling,n.,拼写
spend,v.,花费；度过
spin,v.,旋转
spirit,n.,精神；灵魂；酒精
spiritual,adj.,精神的
spit,v.,吐
splendid,adj.,极好的；壮丽的
split,v.,分裂；劈开
spoken,adj.,口语的
spokesman,n.,发言人
spokeswoman,n.,女发言人
sponsor,n.,赞助商
spoon,n.,勺子
spoonful,n.,一勺的量
sport,n.,运动
spot,n.,斑点；地点
spot,v.,发现；认出
spray,n.,喷雾
spread,v.,传播；展开
spring,n.,春天；弹簧；泉水
spy,n.,间谍
square,n.,正方形；广场
squeeze,v.,挤；压
squirrel,n.,松鼠
stable,adj.,稳定的
stadium,n.,体育场
staff,n.,员工；全体职员
stage,n.,舞台；阶段
stain,n.,污点
stainless,adj.,不锈钢的；无瑕的
stair,n.,楼梯
stamp,n.,邮票；印章
stand,v.,站立；忍受
standard,n.,标准
star,n.,星星；明星
stare,v.,凝视
start,v.,开始
starvation,n.,饥饿；饿死
starve,v.,挨饿
state,n.,状态；州；国家
statement,n.,声明；陈述
statesman,n.,政治家
station,n.,车站；站
statistics,n.,统计学；统计数据
statue,n.,雕像
status,n.,地位；状态
stay,v.,停留；保持
steady,adj.,稳定的
steak,n.,牛排
steal,v.,偷
steam,n.,蒸汽
steel,n.,钢
steep,adj.,陡峭的
step,n.,步；步骤
steward,n.,服务员；管家
stewardess,n.,女服务员；空姐
stick,v.,粘贴；坚持
stick,n.,棍子
still,adv.,仍然；还
stocking,n.,长袜
stomach,n.,胃；肚子
stone,n.,石头
stop,v.,停止
storage,n.,存储；仓库
store,n.,商店；储藏
storm,n.,暴风雨
story,n.,故事
stout,adj.,结实的；肥胖的
stove,n.,炉子
straight,adj.,直的
straight,adv.,直接地
straightforward,adj.,坦率的；简单的
strait,n.,海峡
strange,adj.,奇怪的；陌生的
stranger,n.,陌生人
straw,n.,稻草；吸管
strawberry,n.,草莓
stream,n.,小溪；流
street,n.,街道
strength,n.,力量
strengthen,v.,加强
stress,n.,压力；强调
strict,adj.,严格的
strike,v.,打击；罢工
string,n.,线；绳子
strong,adj.,强壮的；强烈的
struggle,v.,奋斗；挣扎
stubborn,adj.,顽固的
student,n.,学生
studio,n.,工作室；演播室
study,v.,学习；研究
stupid,adj.,愚蠢的
style,n.,风格；款式
subject,n.,主题；科目；主语
subjective,adj.,主观的
submit,v.,提交；服从
subscribe,v.,订阅；捐助
substitute,n.,代替品
succeed,v.,成功；继承
success,n.,成功
successful,adj.,成功的
such,adj.,这样的
suck,v.,吸；吮
sudden,adj.,突然的
suffer,v.,遭受；受苦
suffering,n.,痛苦；苦难
sugar,n.,糖
suggest,v.,建议；暗示
suggestion,n.,建议
suit,n.,西装；套装
suit,v.,适合
suitable,adj.,合适的
suitcase,n.,手提箱
suite,n.,套房
summary,n.,摘要；总结
summer,n.,夏天
sun,n.,太阳
sunburnt,adj.,晒黑的
sunlight,n.,阳光
sunny,adj.,晴朗的
sunshine,n.,阳光
super,adj.,超级的；极好的
superb,adj.,极好的；卓越的
superior,adj.,上级的；优越的
supermarket,n.,超市
supper,n.,晚餐
supply,v.,供应；提供
support,v.,支持
suppose,v.,假设；认为
supreme,adj.,最高的；至高无上的
sure,adj.,确信的；肯定的
surface,n.,表面
surgeon,n.,外科医生
surplus,n.,剩余；盈余
surprise,n.,惊喜；惊讶
surround,v.,包围
surrounding,adj.,周围的
survive,v.,幸存
survival,n.,生存；幸存
suspect,v.,怀疑
suspension,n.,暂停；悬挂
swallow,v.,吞咽
swap,v.,交换
swear,v.,发誓；咒骂
sweat,n.,汗水
sweater,n.,毛衣
sweep,v.,扫
sweet,adj.,甜的
swell,v.,肿胀；膨胀
swift,adj.,迅速的
swim,v.,游泳
swing,v.,摇摆
switch,n.,开关
switch,v.,转换
sword,n.,剑
symbol,n.,符号；象征
sympathy,n.,同情
symphony,n.,交响乐
symptom,n.,症状；征兆
system,n.,系统；制度
systematic,adj.,系统的
table,n.,桌子；表格
tablet,n.,药片；碑
tail,n.,尾巴
tailor,n.,裁缝
tale,n.,故事
talent,n.,天才；才能
talk,v.,说话；谈话
tall,adj.,高的
tank,n.,坦克；水箱
tap,n.,水龙头；轻拍
tape,n.,磁带；胶带
target,n.,目标；靶子
task,n.,任务
taste,n.,味道；品味
tasteless,adj.,无味的
tasty,adj.,美味的
tax,n.,税
taxi,n.,出租车；的士
taxpayer,n.,纳税人
tea,n.,茶
teach,v.,教
teacher,n.,老师
team,n.,队；团队
teamwork,n.,团队合作
teapot,n.,茶壶
tear,v.,撕裂
tear,n.,眼泪
tease,v.,取笑；戏弄
technical,adj.,技术的
technique,n.,技术；技巧
technology,n.,技术
teenager,n.,青少年
telephone,n.,电话
telescope,n.,望远镜
television,n.,电视
tell,v.,告诉；讲述
temperature,n.,温度
temple,n.,寺庙；太阳穴
temporary,adj.,临时的
tend,v.,倾向于；照顾
tendency,n.,倾向；趋势
tennis,n.,网球
tense,adj.,紧张的
tension,n.,紧张；张力
tent,n.,帐篷
tentative,adj.,暂定的；试验性的
term,n.,学期；术语；条款
terminal,n.,终点站；航站楼；终端
terrible,adj.,可怕的；糟糕的
terrify,v.,使恐惧
terror,n.,恐怖
test,n.,测试；考验
text,n.,文本；课文
textbook,n.,教科书
thank,v.,感谢
thankful,adj.,感激的
theatre,n.,剧院；电影院
theft,n.,盗窃
theme,n.,主题
then,adv.,然后；那么
theoretical,adj.,理论的
theory,n.,理论
there,adv.,那里
therefore,adv.,因此
thermos,n.,热水瓶
thick,adj.,厚的；浓的
thief,n.,小偷
thin,adj.,薄的；瘦的
thing,n.,东西；事情
think,v.,想；认为
thinking,n.,思想
thirst,n.,口渴
thorough,adj.,彻底的
thought,n.,思想；想法
thread,n.,线
thrill,n.,激动；兴奋
thriller,n.,惊悚片；惊险小说
throat,n.,喉咙
throw,v.,扔；抛
thunder,n.,雷
thunderstorm,n.,雷暴
tick,n.,勾号；滴答声
ticket,n.,票
tidy,adj.,整洁的
tie,v.,系；绑
tie,n.,领带；平局
tiger,n.,老虎
tight,adj.,紧的
time,n.,时间；次数
timetable,n.,时间表
tiny,adj.,微小的
tip,n.,小费；尖端；提示
tire,v.,使疲劳
tired,adj.,疲劳的；累的
tiresome,adj.,令人厌烦的
tissue,n.,纸巾；组织
title,n.,标题；头衔
toast,n.,吐司；祝酒
tobacco,n.,烟草
today,n.,今天
together,adv.,一起
toilet,n.,厕所；洗手间
tolerate,v.,容忍
tomato,n.,番茄；西红柿
tomb,n.,坟墓
tomorrow,n.,明天
ton,n.,吨
tongue,n.,舌头
tonight,n.,今晚
too,adv.,也；太
tool,n.,工具
tooth,n.,牙齿
toothache,n.,牙痛
toothbrush,n.,牙刷
toothpaste,n.,牙膏
top,n.,顶部
topic,n.,话题；主题
tortoise,n.,乌龟
total,adj.,总的
total,n.,总数
touch,v.,触摸；接触
tough,adj.,困难的；坚韧的
toughness,n.,韧性；坚强
tour,n.,旅行；巡演
tourism,n.,旅游业
tourist,n.,游客
tournament,n.,锦标赛
towel,n.,毛巾
tower,n.,塔
town,n.,城镇
toy,n.,玩具
track,n.,轨道；踪迹
tractor,n.,拖拉机
trade,n.,贸易；交易
tradition,n.,传统
traditional,adj.,传统的
traffic,n.,交通
train,n.,火车
train,v.,训练
training,n.,训练
tram,n.,有轨电车
transform,v.,改变；转换
translate,v.,翻译
translation,n.,翻译
translator,n.,翻译员
transparent,adj.,透明的
transport,n.,运输
trap,n.,陷阱
travel,v.,旅行
traveller,n.,旅行者
treasure,n.,宝藏
treat,v.,对待；治疗
treatment,n.,治疗；对待
tree,n.,树
tremble,v.,颤抖
trend,n.,趋势
trial,n.,审判；试验
triangle,n.,三角形
trick,n.,诡计；技巧
trip,n.,旅行
trolleybus,n.,无轨电车
troop,n.,部队；一群
trouble,n.,麻烦
troublesome,adj.,麻烦的
trousers,n.,裤子
truck,n.,卡车
true,adj.,真的；正确的
truly,adv.,真正地
trunk,n.,树干；行李箱
trust,v.,信任
truth,n.,真相；真理
try,v.,尝试；努力
T-shirt,n.,T恤衫
tube,n.,管；地铁
tune,n.,曲调
turkey,n.,火鸡；土耳其
turn,v.,转动；轮流
turning,n.,转弯处
tutor,n.,导师；家庭教师
TV,n.,电视
twice,adv.,两次
twin,n.,双胞胎
twist,v.,扭；拧
type,n.,类型
type,v.,打字
typewriter,n.,打字机
typical,adj.,典型的
typhoon,n.,台风
typist,n.,打字员
tyre,n.,轮胎
ugly,adj.,丑陋的
umbrella,n.,雨伞
unable,adj.,不能的
unbearable,adj.,难以忍受的
unbelievable,adj.,难以置信的
uncertain,adj.,不确定的
uncle,n.,叔叔；伯父；舅舅
uncomfortable,adj.,不舒服的
unconditional,adj.,无条件的
unconscious,adj.,无意识的；失去知觉的
underground,n.,地铁
underground,adj.,地下的
underline,v.,在…下划线；强调
understand,v.,理解；明白
undertake,v.,承担；从事
underwear,n.,内衣
unemployment,n.,失业
unfair,adj.,不公平的
unfit,adj.,不合适的；不健康的
unfortunate,adj.,不幸的
uniform,n.,制服
union,n.,工会；联盟
unique,adj.,独特的
unit,n.,单位；单元
unite,v.,联合；团结
universal,adj.,普遍的；通用的
universe,n.,宇宙
university,n.,大学
unrest,n.,不安；动乱
unusual,adj.,不寻常的
unwilling,adj.,不愿意的
update,v.,更新
upper,adj.,上面的
upset,adj.,心烦的；不安的
upstairs,adv.,在楼上
upward,adj.,向上的
upwards,adv.,向上
urban,adj.,城市的
urge,v.,催促；强烈要求
urgent,adj.,紧急的
use,v.,使用
use,n.,使用；用途
used,adj.,用过的；二手的
useful,adj.,有用的
useless,adj.,无用的
user,n.,用户
usual,adj.,通常的
vacant,adj.,空的；空缺的
vacation,n.,假期
vague,adj.,模糊的
vain,adj.,徒劳的；自负的
valid,adj.,有效的
valley,n.,山谷
valuable,adj.,有价值的；贵重的
value,n.,价值
variety,n.,多样性；种类
various,adj.,各种各样的
vase,n.,花瓶
vast,adj.,巨大的；广阔的
VCD,n.,影碟
vegetable,n.,蔬菜
vehicle,n.,车辆；交通工具
version,n.,版本
vertical,adj.,垂直的
very,adv.,非常
vest,n.,背心
via,prep.,经由；通过
vice,n.,恶习；副的
victim,n.,受害者
victory,n.,胜利
video,n.,视频
videophone,n.,可视电话
view,n.,景色；观点；视野
village,n.,村庄
villager,n.,村民
vinegar,n.,醋
violate,v.,违反；侵犯
violence,n.,暴力
violent,adj.,暴力的
violin,n.,小提琴
violinist,n.,小提琴家
virtue,n.,美德
virus,n.,病毒
visa,n.,签证
visit,v.,访问；参观
visitor,n.,访客；游客
visual,adj.,视觉的
vital,adj.,至关重要的；有活力的
vivid,adj.,生动的；鲜明的
vocabulary,n.,词汇
voice,n.,声音
volcano,n.,火山
volleyball,n.,排球
voluntary,adj.,自愿的
volunteer,n.,志愿者
vote,v.,投票
voyage,n.,航行
wag,v.,摇摆(尾巴)
wage,n.,工资
waist,n.,腰
wait,v.,等待
waiter,n.,服务员
waitress,n.,女服务员
wake,v.,醒来；唤醒
walk,v.,走；散步
wall,n.,墙
wallet,n.,钱包
walnut,n.,核桃
wander,v.,漫步；徘徊
want,v.,想要；需要
war,n.,战争
ward,n.,病房；监护
warehouse,n.,仓库
warm,adj.,温暖的
warmth,n.,温暖；热情
warn,v.,警告
wash,v.,洗
washroom,n.,洗手间
waste,v.,浪费
waste,n.,浪费；废物
watch,v.,看；注视
watch,n.,手表
water,n.,水
watermelon,n.,西瓜
wave,n.,波浪
wave,v.,挥手
wax,n.,蜡
way,n.,路；方式；方法
weak,adj.,弱的
weakness,n.,弱点
wealth,n.,财富
wealthy,adj.,富有的
wear,v.,穿；戴；磨损
weather,n.,天气
web,n.,网
website,n.,网站
wedding,n.,婚礼
weed,n.,杂草
week,n.,星期
weekday,n.,工作日
weekend,n.,周末
weekly,adj.,每周的
weep,v.,哭泣
weigh,v.,称重；重
weight,n.,重量
welcome,int.,欢迎
welfare,n.,福利
well,adv.,好
well,n.,井
west,n.,西方
western,adj.,西方的
westward,adv.,向西
westwards,adv.,向西
wet,adj.,湿的
whale,n.,鲸鱼
wheat,n.,小麦
wheel,n.,轮子
whisper,v.,低语
whistle,v.,吹口哨
white,adj.,白色的
whole,adj.,整个的
wide,adj.,宽的
widespread,adj.,广泛的
widow,n.,寡妇
wife,n.,妻子
wild,adj.,野生的；狂野的
wildlife,n.,野生动物
will,aux.v.,将要；会
will,n.,意志；遗嘱
willing,adj.,愿意的
win,v.,赢
wind,n.,风
window,n.,窗户
windy,adj.,有风的
wine,n.,葡萄酒；酒
wing,n.,翅膀
winner,n.,获胜者
winter,n.,冬天
wipe,v.,擦
wire,n.,电线；金属丝
wisdom,n.,智慧
wise,adj.,明智的
wish,v.,希望；祝愿
withdraw,v.,撤回；取款
witness,n.,目击者；证人
wolf,n.,狼
woman,n.,女人
wonder,v.,想知道；惊奇
wonderful,adj.,精彩的；极好的
wood,n.,木头；树林
wool,n.,羊毛
woollen,adj.,羊毛制的
woolen,adj.,羊毛制的
word,n.,词；话
work,v.,工作
work,n.,工作
worker,n.,工人
world,n.,世界
worldwide,adj.,全世界的
worm,n.,虫
worn,adj.,破旧的；疲倦的
worried,adj.,担心的
worry,v.,担心
worth,adj.,值得的
worthwhile,adj.,值得的
worthy,adj.,值得的；可敬的
would,aux.v.,(will的过去式),会
wound,n.,伤口
wrestle,v.,摔跤；搏斗
wrinkle,n.,皱纹
wrist,n.,手腕
wrong,adj.,错误的
X-ray,n.,X光
yard,n.,院子；码
yawn,v.,打哈欠
year,n.,年
yell,v.,喊叫
yellow,adj.,黄色的
yes,int.,是的
yesterday,n.,昨天
yet,adv.,还；然而
yoghurt,n.,酸奶
young,adj.,年轻的
youth,n.,青春；青年
yummy,adj.,美味的
zebra,n.,斑马
zero,n.,零
zip,n.,拉链
zipper,n.,拉链
zone,n.,区域；地带
zoo,n.,动物园
zoom,v.,(镜头)变焦；急速上升
aboard,prep.,在…上
about,prep.,关于；大约
above,prep.,在…上面
across,prep.,穿过
after,prep.,在…之后
against,prep.,反对；靠着
along,prep.,沿着
among,prep.,在…之中
and,conj.,和；与
another,pron.,另一个
any,pron.,任何一个
anybody,pron.,任何人
anyone,pron.,任何人
anything,pron.,任何事
around,prep.,在…周围
as,conj.,当…时；因为；如同
aside,adv.,在旁边
at,prep.,在
because,conj.,因为
before,prep.,在…之前
below,prep.,在…下面
beneath,prep.,在…下面
beside,prep.,在…旁边
besides,prep.,除了…之外
between,prep.,在…之间
beyond,prep.,超出；越过
both,pron.,两者都
but,conj.,但是
by,prep.,被；通过；在…旁边
down,prep.,向下
during,prep.,在…期间
except,prep.,除了
for,prep.,为了；对于
from,prep.,从；来自
her,pron.,她的
hers,pron.,她的(所有物)
herself,pron.,她自己
him,pron.,他(宾格)
himself,pron.,他自己
his,pron.,他的
he,pron.,他
how,adv.,如何；怎样
however,adv.,然而
I,pron.,我
if,conj.,如果
in,prep.,在…里面
inside,prep.,在…里面
into,prep.,进入
it,pron.,它
its,pron.,它的
itself,pron.,它自己
me,pron.,我(宾格)
nobody,pron.,没有人
nothing,pron.,没什么
of,prep.,…的
off,prep.,离开
on,prep.,在…上面
one,pron.,一个
onto,prep.,到…上面
our,pron.,我们的
ours,pron.,我们的(所有物)
ourselves,pron.,我们自己
out,adv.,出；在外
over,prep.,在…上方；越过
some,pron.,一些
somebody,pron.,某人
someone,pron.,某人
something,pron.,某事；某物
than,conj.,比
that,pron.,那个
the,art.,这；那
their,pron.,他们的
theirs,pron.,他们的(所有物)
them,pron.,他们(宾格)
themselves,pron.,他们自己
these,pron.,这些
they,pron.,他们
this,pron.,这个
those,pron.,那些
though,conj.,虽然
thus,adv.,因此
through,prep.,通过；穿过
throughout,prep.,贯穿；遍及
to,prep.,到；向
toward,prep.,朝向
towards,prep.,朝向
till,prep.,直到
under,prep.,在…下面
unless,conj.,除非
unlike,prep.,不像
until,prep.,直到
up,prep.,向上
upon,prep.,在…之上
us,pron.,我们(宾格)
via,prep.,经由
we,pron.,我们
what,pron.,什么
whatever,pron.,无论什么
when,adv.,什么时候
whenever,conj.,无论何时
where,adv.,在哪里
wherever,conj.,无论哪里
whether,conj.,是否
which,pron.,哪个
whichever,pron.,无论哪个
while,conj.,当…的时候；然而
who,pron.,谁
whom,pron.,谁(宾格)
whose,pron.,谁的
why,adv.,为什么
with,prep.,和…一起；用
within,prep.,在…之内
without,prep.,没有
you,pron.,你；你们
your,pron.,你的；你们的
yours,pron.,你的(所有物),你们的(所有物)
yourself,pron.,你自己